index,field_key,dataset_name,physical_meaning,source_device_interface,unit,measured_or_commanded,urdf_joint_name,sign,zero_offset,formula,coupling_or_mimic,evidence,verified
0,observation.state,arm_joint_0.pos,UR arm actual joint 0 position,rtde_receive.getActualQ(),radian (UR RTDE convention; code applies no conversion),measured actual_q,shoulder_pan_joint,+ direct RTDE order; no code-side sign change,0 code-side,state[0]=getActualQ()[0],,ur7e.py:_get_joint_positions/get_observation; resolved_robot.urdf,True
1,observation.state,arm_joint_1.pos,UR arm actual joint 1 position,rtde_receive.getActualQ(),radian (UR RTDE convention; code applies no conversion),measured actual_q,shoulder_lift_joint,+ direct RTDE order; no code-side sign change,0 code-side,state[1]=getActualQ()[1],,ur7e.py:_get_joint_positions/get_observation; resolved_robot.urdf,True
2,observation.state,arm_joint_2.pos,UR arm actual joint 2 position,rtde_receive.getActualQ(),radian (UR RTDE convention; code applies no conversion),measured actual_q,elbow_joint,+ direct RTDE order; no code-side sign change,0 code-side,state[2]=getActualQ()[2],,ur7e.py:_get_joint_positions/get_observation; resolved_robot.urdf,True
3,observation.state,arm_joint_3.pos,UR arm actual joint 3 position,rtde_receive.getActualQ(),radian (UR RTDE convention; code applies no conversion),measured actual_q,wrist_1_joint,+ direct RTDE order; no code-side sign change,0 code-side,state[3]=getActualQ()[3],,ur7e.py:_get_joint_positions/get_observation; resolved_robot.urdf,True
4,observation.state,arm_joint_4.pos,UR arm actual joint 4 position,rtde_receive.getActualQ(),radian (UR RTDE convention; code applies no conversion),measured actual_q,wrist_2_joint,+ direct RTDE order; no code-side sign change,0 code-side,state[4]=getActualQ()[4],,ur7e.py:_get_joint_positions/get_observation; resolved_robot.urdf,True
5,observation.state,arm_joint_5.pos,UR arm actual joint 5 position,rtde_receive.getActualQ(),radian (UR RTDE convention; code applies no conversion),measured actual_q,wrist_3_joint,+ direct RTDE order; no code-side sign change,0 code-side,state[5]=getActualQ()[5],,ur7e.py:_get_joint_positions/get_observation; resolved_robot.urdf,True
6,observation.state,arm_joint_0.vel,UR arm actual joint 0 velocity,rtde_receive.getActualQd(),radian/s (UR RTDE convention; code applies no conversion),measured actual_qd,shoulder_pan_joint,+ direct RTDE order; no code-side sign change,0 code-side,state[6]=getActualQd()[0],,ur7e.py:_get_joint_velocities/get_observation,True
7,observation.state,arm_joint_1.vel,UR arm actual joint 1 velocity,rtde_receive.getActualQd(),radian/s (UR RTDE convention; code applies no conversion),measured actual_qd,shoulder_lift_joint,+ direct RTDE order; no code-side sign change,0 code-side,state[7]=getActualQd()[1],,ur7e.py:_get_joint_velocities/get_observation,True
8,observation.state,arm_joint_2.vel,UR arm actual joint 2 velocity,rtde_receive.getActualQd(),radian/s (UR RTDE convention; code applies no conversion),measured actual_qd,elbow_joint,+ direct RTDE order; no code-side sign change,0 code-side,state[8]=getActualQd()[2],,ur7e.py:_get_joint_velocities/get_observation,True
9,observation.state,arm_joint_3.vel,UR arm actual joint 3 velocity,rtde_receive.getActualQd(),radian/s (UR RTDE convention; code applies no conversion),measured actual_qd,wrist_1_joint,+ direct RTDE order; no code-side sign change,0 code-side,state[9]=getActualQd()[3],,ur7e.py:_get_joint_velocities/get_observation,True
10,observation.state,arm_joint_4.vel,UR arm actual joint 4 velocity,rtde_receive.getActualQd(),radian/s (UR RTDE convention; code applies no conversion),measured actual_qd,wrist_2_joint,+ direct RTDE order; no code-side sign change,0 code-side,state[10]=getActualQd()[4],,ur7e.py:_get_joint_velocities/get_observation,True
11,observation.state,arm_joint_5.vel,UR arm actual joint 5 velocity,rtde_receive.getActualQd(),radian/s (UR RTDE convention; code applies no conversion),measured actual_qd,wrist_3_joint,+ direct RTDE order; no code-side sign change,0 code-side,state[11]=getActualQd()[5],,ur7e.py:_get_joint_velocities/get_observation,True
12,observation.state,arm_ee_pose.00,row-major 4x4 actual TCP homogeneous matrix element 0,rtde_receive.getActualTCPPose() -> pose_to_homogeneous_matrix,m in translation column; rotation matrix unitless,measured actual TCP pose,,,,"T.flatten()[0] from [x,y,z,rx,ry,rz]",,ur7e.py:_get_tcp_pose/pose_to_homogeneous_matrix,True
13,observation.state,arm_ee_pose.01,row-major 4x4 actual TCP homogeneous matrix element 1,rtde_receive.getActualTCPPose() -> pose_to_homogeneous_matrix,m in translation column; rotation matrix unitless,measured actual TCP pose,,,,"T.flatten()[1] from [x,y,z,rx,ry,rz]",,ur7e.py:_get_tcp_pose/pose_to_homogeneous_matrix,True
14,observation.state,arm_ee_pose.02,row-major 4x4 actual TCP homogeneous matrix element 2,rtde_receive.getActualTCPPose() -> pose_to_homogeneous_matrix,m in translation column; rotation matrix unitless,measured actual TCP pose,,,,"T.flatten()[2] from [x,y,z,rx,ry,rz]",,ur7e.py:_get_tcp_pose/pose_to_homogeneous_matrix,True
15,observation.state,arm_ee_pose.03,row-major 4x4 actual TCP homogeneous matrix element 3,rtde_receive.getActualTCPPose() -> pose_to_homogeneous_matrix,m in translation column; rotation matrix unitless,measured actual TCP pose,,,,"T.flatten()[3] from [x,y,z,rx,ry,rz]",,ur7e.py:_get_tcp_pose/pose_to_homogeneous_matrix,True
16,observation.state,arm_ee_pose.04,row-major 4x4 actual TCP homogeneous matrix element 4,rtde_receive.getActualTCPPose() -> pose_to_homogeneous_matrix,m in translation column; rotation matrix unitless,measured actual TCP pose,,,,"T.flatten()[4] from [x,y,z,rx,ry,rz]",,ur7e.py:_get_tcp_pose/pose_to_homogeneous_matrix,True
17,observation.state,arm_ee_pose.05,row-major 4x4 actual TCP homogeneous matrix element 5,rtde_receive.getActualTCPPose() -> pose_to_homogeneous_matrix,m in translation column; rotation matrix unitless,measured actual TCP pose,,,,"T.flatten()[5] from [x,y,z,rx,ry,rz]",,ur7e.py:_get_tcp_pose/pose_to_homogeneous_matrix,True
18,observation.state,arm_ee_pose.06,row-major 4x4 actual TCP homogeneous matrix element 6,rtde_receive.getActualTCPPose() -> pose_to_homogeneous_matrix,m in translation column; rotation matrix unitless,measured actual TCP pose,,,,"T.flatten()[6] from [x,y,z,rx,ry,rz]",,ur7e.py:_get_tcp_pose/pose_to_homogeneous_matrix,True
19,observation.state,arm_ee_pose.07,row-major 4x4 actual TCP homogeneous matrix element 7,rtde_receive.getActualTCPPose() -> pose_to_homogeneous_matrix,m in translation column; rotation matrix unitless,measured actual TCP pose,,,,"T.flatten()[7] from [x,y,z,rx,ry,rz]",,ur7e.py:_get_tcp_pose/pose_to_homogeneous_matrix,True
20,observation.state,arm_ee_pose.08,row-major 4x4 actual TCP homogeneous matrix element 8,rtde_receive.getActualTCPPose() -> pose_to_homogeneous_matrix,m in translation column; rotation matrix unitless,measured actual TCP pose,,,,"T.flatten()[8] from [x,y,z,rx,ry,rz]",,ur7e.py:_get_tcp_pose/pose_to_homogeneous_matrix,True
21,observation.state,arm_ee_pose.09,row-major 4x4 actual TCP homogeneous matrix element 9,rtde_receive.getActualTCPPose() -> pose_to_homogeneous_matrix,m in translation column; rotation matrix unitless,measured actual TCP pose,,,,"T.flatten()[9] from [x,y,z,rx,ry,rz]",,ur7e.py:_get_tcp_pose/pose_to_homogeneous_matrix,True
22,observation.state,arm_ee_pose.10,row-major 4x4 actual TCP homogeneous matrix element 10,rtde_receive.getActualTCPPose() -> pose_to_homogeneous_matrix,m in translation column; rotation matrix unitless,measured actual TCP pose,,,,"T.flatten()[10] from [x,y,z,rx,ry,rz]",,ur7e.py:_get_tcp_pose/pose_to_homogeneous_matrix,True
23,observation.state,arm_ee_pose.11,row-major 4x4 actual TCP homogeneous matrix element 11,rtde_receive.getActualTCPPose() -> pose_to_homogeneous_matrix,m in translation column; rotation matrix unitless,measured actual TCP pose,,,,"T.flatten()[11] from [x,y,z,rx,ry,rz]",,ur7e.py:_get_tcp_pose/pose_to_homogeneous_matrix,True
24,observation.state,arm_ee_pose.12,row-major 4x4 actual TCP homogeneous matrix element 12,rtde_receive.getActualTCPPose() -> pose_to_homogeneous_matrix,m in translation column; rotation matrix unitless,measured actual TCP pose,,,,"T.flatten()[12] from [x,y,z,rx,ry,rz]",,ur7e.py:_get_tcp_pose/pose_to_homogeneous_matrix,True
25,observation.state,arm_ee_pose.13,row-major 4x4 actual TCP homogeneous matrix element 13,rtde_receive.getActualTCPPose() -> pose_to_homogeneous_matrix,m in translation column; rotation matrix unitless,measured actual TCP pose,,,,"T.flatten()[13] from [x,y,z,rx,ry,rz]",,ur7e.py:_get_tcp_pose/pose_to_homogeneous_matrix,True
26,observation.state,arm_ee_pose.14,row-major 4x4 actual TCP homogeneous matrix element 14,rtde_receive.getActualTCPPose() -> pose_to_homogeneous_matrix,m in translation column; rotation matrix unitless,measured actual TCP pose,,,,"T.flatten()[14] from [x,y,z,rx,ry,rz]",,ur7e.py:_get_tcp_pose/pose_to_homogeneous_matrix,True
27,observation.state,arm_ee_pose.15,row-major 4x4 actual TCP homogeneous matrix element 15,rtde_receive.getActualTCPPose() -> pose_to_homogeneous_matrix,m in translation column; rotation matrix unitless,measured actual TCP pose,,,,"T.flatten()[15] from [x,y,z,rx,ry,rz]",,ur7e.py:_get_tcp_pose/pose_to_homogeneous_matrix,True
28,observation.state,hand_joint_0.pos,XHand joint 0 feedback position,xhand SDK read_state(...).finger_state[i].position,radian per code comment; no conversion,"measured feedback, unless fallback after read failure",right_hand_thumb_bend_joint,SDK direct; sign vs URDF not independently validated,0 code-side,state[28]=finger_state[0].position,No code-side coupling; URDF contains fixed tip/back links,xhand.py:_read_hand_state; xhand_control_ros2.hpp joint order; ur5_xhand.urdf,True
29,observation.state,hand_joint_0.torque,XHand joint 0 feedback current saved under torque name,xhand SDK read_state(...).finger_state[i].torque,mA per code comment,"measured feedback, unless fallback after read failure",right_hand_thumb_bend_joint,,,state[29]=finger_state[0].torque,,xhand.py comment: Actually current in mA,True
30,observation.state,hand_joint_1.pos,XHand joint 1 feedback position,xhand SDK read_state(...).finger_state[i].position,radian per code comment; no conversion,"measured feedback, unless fallback after read failure",right_hand_thumb_rota_joint1,SDK direct; sign vs URDF not independently validated,0 code-side,state[30]=finger_state[1].position,No code-side coupling; URDF contains fixed tip/back links,xhand.py:_read_hand_state; xhand_control_ros2.hpp joint order; ur5_xhand.urdf,True
31,observation.state,hand_joint_1.torque,XHand joint 1 feedback current saved under torque name,xhand SDK read_state(...).finger_state[i].torque,mA per code comment,"measured feedback, unless fallback after read failure",right_hand_thumb_rota_joint1,,,state[31]=finger_state[1].torque,,xhand.py comment: Actually current in mA,True
32,observation.state,hand_joint_2.pos,XHand joint 2 feedback position,xhand SDK read_state(...).finger_state[i].position,radian per code comment; no conversion,"measured feedback, unless fallback after read failure",right_hand_thumb_rota_joint2,SDK direct; sign vs URDF not independently validated,0 code-side,state[32]=finger_state[2].position,No code-side coupling; URDF contains fixed tip/back links,xhand.py:_read_hand_state; xhand_control_ros2.hpp joint order; ur5_xhand.urdf,True
33,observation.state,hand_joint_2.torque,XHand joint 2 feedback current saved under torque name,xhand SDK read_state(...).finger_state[i].torque,mA per code comment,"measured feedback, unless fallback after read failure",right_hand_thumb_rota_joint2,,,state[33]=finger_state[2].torque,,xhand.py comment: Actually current in mA,True
34,observation.state,hand_joint_3.pos,XHand joint 3 feedback position,xhand SDK read_state(...).finger_state[i].position,radian per code comment; no conversion,"measured feedback, unless fallback after read failure",right_hand_index_bend_joint,SDK direct; sign vs URDF not independently validated,0 code-side,state[34]=finger_state[3].position,No code-side coupling; URDF contains fixed tip/back links,xhand.py:_read_hand_state; xhand_control_ros2.hpp joint order; ur5_xhand.urdf,True
35,observation.state,hand_joint_3.torque,XHand joint 3 feedback current saved under torque name,xhand SDK read_state(...).finger_state[i].torque,mA per code comment,"measured feedback, unless fallback after read failure",right_hand_index_bend_joint,,,state[35]=finger_state[3].torque,,xhand.py comment: Actually current in mA,True
36,observation.state,hand_joint_4.pos,XHand joint 4 feedback position,xhand SDK read_state(...).finger_state[i].position,radian per code comment; no conversion,"measured feedback, unless fallback after read failure",right_hand_index_joint1,SDK direct; sign vs URDF not independently validated,0 code-side,state[36]=finger_state[4].position,No code-side coupling; URDF contains fixed tip/back links,xhand.py:_read_hand_state; xhand_control_ros2.hpp joint order; ur5_xhand.urdf,True
37,observation.state,hand_joint_4.torque,XHand joint 4 feedback current saved under torque name,xhand SDK read_state(...).finger_state[i].torque,mA per code comment,"measured feedback, unless fallback after read failure",right_hand_index_joint1,,,state[37]=finger_state[4].torque,,xhand.py comment: Actually current in mA,True
38,observation.state,hand_joint_5.pos,XHand joint 5 feedback position,xhand SDK read_state(...).finger_state[i].position,radian per code comment; no conversion,"measured feedback, unless fallback after read failure",right_hand_index_joint2,SDK direct; sign vs URDF not independently validated,0 code-side,state[38]=finger_state[5].position,No code-side coupling; URDF contains fixed tip/back links,xhand.py:_read_hand_state; xhand_control_ros2.hpp joint order; ur5_xhand.urdf,True
39,observation.state,hand_joint_5.torque,XHand joint 5 feedback current saved under torque name,xhand SDK read_state(...).finger_state[i].torque,mA per code comment,"measured feedback, unless fallback after read failure",right_hand_index_joint2,,,state[39]=finger_state[5].torque,,xhand.py comment: Actually current in mA,True
40,observation.state,hand_joint_6.pos,XHand joint 6 feedback position,xhand SDK read_state(...).finger_state[i].position,radian per code comment; no conversion,"measured feedback, unless fallback after read failure",right_hand_mid_joint1,SDK direct; sign vs URDF not independently validated,0 code-side,state[40]=finger_state[6].position,No code-side coupling; URDF contains fixed tip/back links,xhand.py:_read_hand_state; xhand_control_ros2.hpp joint order; ur5_xhand.urdf,True
41,observation.state,hand_joint_6.torque,XHand joint 6 feedback current saved under torque name,xhand SDK read_state(...).finger_state[i].torque,mA per code comment,"measured feedback, unless fallback after read failure",right_hand_mid_joint1,,,state[41]=finger_state[6].torque,,xhand.py comment: Actually current in mA,True
42,observation.state,hand_joint_7.pos,XHand joint 7 feedback position,xhand SDK read_state(...).finger_state[i].position,radian per code comment; no conversion,"measured feedback, unless fallback after read failure",right_hand_mid_joint2,SDK direct; sign vs URDF not independently validated,0 code-side,state[42]=finger_state[7].position,No code-side coupling; URDF contains fixed tip/back links,xhand.py:_read_hand_state; xhand_control_ros2.hpp joint order; ur5_xhand.urdf,True
43,observation.state,hand_joint_7.torque,XHand joint 7 feedback current saved under torque name,xhand SDK read_state(...).finger_state[i].torque,mA per code comment,"measured feedback, unless fallback after read failure",right_hand_mid_joint2,,,state[43]=finger_state[7].torque,,xhand.py comment: Actually current in mA,True
44,observation.state,hand_joint_8.pos,XHand joint 8 feedback position,xhand SDK read_state(...).finger_state[i].position,radian per code comment; no conversion,"measured feedback, unless fallback after read failure",right_hand_ring_joint1,SDK direct; sign vs URDF not independently validated,0 code-side,state[44]=finger_state[8].position,No code-side coupling; URDF contains fixed tip/back links,xhand.py:_read_hand_state; xhand_control_ros2.hpp joint order; ur5_xhand.urdf,True
45,observation.state,hand_joint_8.torque,XHand joint 8 feedback current saved under torque name,xhand SDK read_state(...).finger_state[i].torque,mA per code comment,"measured feedback, unless fallback after read failure",right_hand_ring_joint1,,,state[45]=finger_state[8].torque,,xhand.py comment: Actually current in mA,True
46,observation.state,hand_joint_9.pos,XHand joint 9 feedback position,xhand SDK read_state(...).finger_state[i].position,radian per code comment; no conversion,"measured feedback, unless fallback after read failure",right_hand_ring_joint2,SDK direct; sign vs URDF not independently validated,0 code-side,state[46]=finger_state[9].position,No code-side coupling; URDF contains fixed tip/back links,xhand.py:_read_hand_state; xhand_control_ros2.hpp joint order; ur5_xhand.urdf,True
47,observation.state,hand_joint_9.torque,XHand joint 9 feedback current saved under torque name,xhand SDK read_state(...).finger_state[i].torque,mA per code comment,"measured feedback, unless fallback after read failure",right_hand_ring_joint2,,,state[47]=finger_state[9].torque,,xhand.py comment: Actually current in mA,True
48,observation.state,hand_joint_10.pos,XHand joint 10 feedback position,xhand SDK read_state(...).finger_state[i].position,radian per code comment; no conversion,"measured feedback, unless fallback after read failure",right_hand_pinky_joint1,SDK direct; sign vs URDF not independently validated,0 code-side,state[48]=finger_state[10].position,No code-side coupling; URDF contains fixed tip/back links,xhand.py:_read_hand_state; xhand_control_ros2.hpp joint order; ur5_xhand.urdf,True
49,observation.state,hand_joint_10.torque,XHand joint 10 feedback current saved under torque name,xhand SDK read_state(...).finger_state[i].torque,mA per code comment,"measured feedback, unless fallback after read failure",right_hand_pinky_joint1,,,state[49]=finger_state[10].torque,,xhand.py comment: Actually current in mA,True
50,observation.state,hand_joint_11.pos,XHand joint 11 feedback position,xhand SDK read_state(...).finger_state[i].position,radian per code comment; no conversion,"measured feedback, unless fallback after read failure",right_hand_pinky_joint2,SDK direct; sign vs URDF not independently validated,0 code-side,state[50]=finger_state[11].position,No code-side coupling; URDF contains fixed tip/back links,xhand.py:_read_hand_state; xhand_control_ros2.hpp joint order; ur5_xhand.urdf,True
51,observation.state,hand_joint_11.torque,XHand joint 11 feedback current saved under torque name,xhand SDK read_state(...).finger_state[i].torque,mA per code comment,"measured feedback, unless fallback after read failure",right_hand_pinky_joint2,,,state[51]=finger_state[11].torque,,xhand.py comment: Actually current in mA,True
52,observation.state,hand_tactile_sensor_0.calc_force.fx,tactile sensor 0 calc_force fx,xhand SDK sensor_data[0].calc_force.fx,,"measured sensor value, unless fallback",,,,state[52]=sensor_data[0].calc_force.fx,,xhand.py:_force_data_to_array,True
53,observation.state,hand_tactile_sensor_0.calc_force.fy,tactile sensor 0 calc_force fy,xhand SDK sensor_data[0].calc_force.fy,,"measured sensor value, unless fallback",,,,state[53]=sensor_data[0].calc_force.fy,,xhand.py:_force_data_to_array,True
54,observation.state,hand_tactile_sensor_0.calc_force.fz,tactile sensor 0 calc_force fz,xhand SDK sensor_data[0].calc_force.fz,,"measured sensor value, unless fallback",,,,state[54]=sensor_data[0].calc_force.fz,,xhand.py:_force_data_to_array,True
55,observation.state,hand_tactile_sensor_0.calc_temperature,tactile sensor 0 calc_temperature,xhand SDK sensor_data[0].calc_temperature,,"measured sensor value, unless fallback",,,,state[55]=sensor_data[0].calc_temperature,,xhand.py:_read_hand_state,True
56,observation.state,hand_tactile_sensor_0.temperature_0,tactile sensor 0 temperature_0,xhand SDK sensor_data[0].temperature[0],,"measured sensor value, unless fallback",,,,state[56]=sensor_data[0].temperature[0],,xhand.py:_read_hand_state,True
57,observation.state,hand_tactile_sensor_0.temperature_1,tactile sensor 0 temperature_1,xhand SDK sensor_data[0].temperature[1],,"measured sensor value, unless fallback",,,,state[57]=sensor_data[0].temperature[1],,xhand.py:_read_hand_state,True
58,observation.state,hand_tactile_sensor_0.temperature_2,tactile sensor 0 temperature_2,xhand SDK sensor_data[0].temperature[2],,"measured sensor value, unless fallback",,,,state[58]=sensor_data[0].temperature[2],,xhand.py:_read_hand_state,True
59,observation.state,hand_tactile_sensor_0.temperature_3,tactile sensor 0 temperature_3,xhand SDK sensor_data[0].temperature[3],,"measured sensor value, unless fallback",,,,state[59]=sensor_data[0].temperature[3],,xhand.py:_read_hand_state,True
60,observation.state,hand_tactile_sensor_0.temperature_4,tactile sensor 0 temperature_4,xhand SDK sensor_data[0].temperature[4],,"measured sensor value, unless fallback",,,,state[60]=sensor_data[0].temperature[4],,xhand.py:_read_hand_state,True
61,observation.state,hand_tactile_sensor_0.temperature_5,tactile sensor 0 temperature_5,xhand SDK sensor_data[0].temperature[5],,"measured sensor value, unless fallback",,,,state[61]=sensor_data[0].temperature[5],,xhand.py:_read_hand_state,True
62,observation.state,hand_tactile_sensor_0.temperature_6,tactile sensor 0 temperature_6,xhand SDK sensor_data[0].temperature[6],,"measured sensor value, unless fallback",,,,state[62]=sensor_data[0].temperature[6],,xhand.py:_read_hand_state,True
63,observation.state,hand_tactile_sensor_0.temperature_7,tactile sensor 0 temperature_7,xhand SDK sensor_data[0].temperature[7],,"measured sensor value, unless fallback",,,,state[63]=sensor_data[0].temperature[7],,xhand.py:_read_hand_state,True
64,observation.state,hand_tactile_sensor_0.temperature_8,tactile sensor 0 temperature_8,xhand SDK sensor_data[0].temperature[8],,"measured sensor value, unless fallback",,,,state[64]=sensor_data[0].temperature[8],,xhand.py:_read_hand_state,True
65,observation.state,hand_tactile_sensor_0.temperature_9,tactile sensor 0 temperature_9,xhand SDK sensor_data[0].temperature[9],,"measured sensor value, unless fallback",,,,state[65]=sensor_data[0].temperature[9],,xhand.py:_read_hand_state,True
66,observation.state,hand_tactile_sensor_0.temperature_10,tactile sensor 0 temperature_10,xhand SDK sensor_data[0].temperature[10],,"measured sensor value, unless fallback",,,,state[66]=sensor_data[0].temperature[10],,xhand.py:_read_hand_state,True
67,observation.state,hand_tactile_sensor_0.temperature_11,tactile sensor 0 temperature_11,xhand SDK sensor_data[0].temperature[11],,"measured sensor value, unless fallback",,,,state[67]=sensor_data[0].temperature[11],,xhand.py:_read_hand_state,True
68,observation.state,hand_tactile_sensor_0.temperature_12,tactile sensor 0 temperature_12,xhand SDK sensor_data[0].temperature[12],,"measured sensor value, unless fallback",,,,state[68]=sensor_data[0].temperature[12],,xhand.py:_read_hand_state,True
69,observation.state,hand_tactile_sensor_0.temperature_13,tactile sensor 0 temperature_13,xhand SDK sensor_data[0].temperature[13],,"measured sensor value, unless fallback",,,,state[69]=sensor_data[0].temperature[13],,xhand.py:_read_hand_state,True
70,observation.state,hand_tactile_sensor_0.temperature_14,tactile sensor 0 temperature_14,xhand SDK sensor_data[0].temperature[14],,"measured sensor value, unless fallback",,,,state[70]=sensor_data[0].temperature[14],,xhand.py:_read_hand_state,True
71,observation.state,hand_tactile_sensor_0.temperature_15,tactile sensor 0 temperature_15,xhand SDK sensor_data[0].temperature[15],,"measured sensor value, unless fallback",,,,state[71]=sensor_data[0].temperature[15],,xhand.py:_read_hand_state,True
72,observation.state,hand_tactile_sensor_0.temperature_16,tactile sensor 0 temperature_16,xhand SDK sensor_data[0].temperature[16],,"measured sensor value, unless fallback",,,,state[72]=sensor_data[0].temperature[16],,xhand.py:_read_hand_state,True
73,observation.state,hand_tactile_sensor_0.temperature_17,tactile sensor 0 temperature_17,xhand SDK sensor_data[0].temperature[17],,"measured sensor value, unless fallback",,,,state[73]=sensor_data[0].temperature[17],,xhand.py:_read_hand_state,True
74,observation.state,hand_tactile_sensor_0.temperature_18,tactile sensor 0 temperature_18,xhand SDK sensor_data[0].temperature[18],,"measured sensor value, unless fallback",,,,state[74]=sensor_data[0].temperature[18],,xhand.py:_read_hand_state,True
75,observation.state,hand_tactile_sensor_0.temperature_19,tactile sensor 0 temperature_19,xhand SDK sensor_data[0].temperature[19],,"measured sensor value, unless fallback",,,,state[75]=sensor_data[0].temperature[19],,xhand.py:_read_hand_state,True
76,observation.state,hand_tactile_sensor_0.raw_force_0.fx,tactile sensor 0 raw distributed force raw_idx 0 fx,xhand SDK sensor_data[0].raw_force[0].fx,,"measured sensor value, unless fallback",,,,state[76]=sensor_data[0].raw_force[0].fx,,xhand.py copies SDK order; xhand_control_ros2.cpp copies raw_force[k].fx/fy/fz,True
77,observation.state,hand_tactile_sensor_0.raw_force_0.fy,tactile sensor 0 raw distributed force raw_idx 0 fy,xhand SDK sensor_data[0].raw_force[0].fy,,"measured sensor value, unless fallback",,,,state[77]=sensor_data[0].raw_force[0].fy,,xhand.py copies SDK order; xhand_control_ros2.cpp copies raw_force[k].fx/fy/fz,True
78,observation.state,hand_tactile_sensor_0.raw_force_0.fz,tactile sensor 0 raw distributed force raw_idx 0 fz,xhand SDK sensor_data[0].raw_force[0].fz,,"measured sensor value, unless fallback",,,,state[78]=sensor_data[0].raw_force[0].fz,,xhand.py copies SDK order; xhand_control_ros2.cpp copies raw_force[k].fx/fy/fz,True
79,observation.state,hand_tactile_sensor_0.raw_force_1.fx,tactile sensor 0 raw distributed force raw_idx 1 fx,xhand SDK sensor_data[0].raw_force[1].fx,,"measured sensor value, unless fallback",,,,state[79]=sensor_data[0].raw_force[1].fx,,xhand.py copies SDK order; xhand_control_ros2.cpp copies raw_force[k].fx/fy/fz,True
80,observation.state,hand_tactile_sensor_0.raw_force_1.fy,tactile sensor 0 raw distributed force raw_idx 1 fy,xhand SDK sensor_data[0].raw_force[1].fy,,"measured sensor value, unless fallback",,,,state[80]=sensor_data[0].raw_force[1].fy,,xhand.py copies SDK order; xhand_control_ros2.cpp copies raw_force[k].fx/fy/fz,True
81,observation.state,hand_tactile_sensor_0.raw_force_1.fz,tactile sensor 0 raw distributed force raw_idx 1 fz,xhand SDK sensor_data[0].raw_force[1].fz,,"measured sensor value, unless fallback",,,,state[81]=sensor_data[0].raw_force[1].fz,,xhand.py copies SDK order; xhand_control_ros2.cpp copies raw_force[k].fx/fy/fz,True
82,observation.state,hand_tactile_sensor_0.raw_force_2.fx,tactile sensor 0 raw distributed force raw_idx 2 fx,xhand SDK sensor_data[0].raw_force[2].fx,,"measured sensor value, unless fallback",,,,state[82]=sensor_data[0].raw_force[2].fx,,xhand.py copies SDK order; xhand_control_ros2.cpp copies raw_force[k].fx/fy/fz,True
83,observation.state,hand_tactile_sensor_0.raw_force_2.fy,tactile sensor 0 raw distributed force raw_idx 2 fy,xhand SDK sensor_data[0].raw_force[2].fy,,"measured sensor value, unless fallback",,,,state[83]=sensor_data[0].raw_force[2].fy,,xhand.py copies SDK order; xhand_control_ros2.cpp copies raw_force[k].fx/fy/fz,True
84,observation.state,hand_tactile_sensor_0.raw_force_2.fz,tactile sensor 0 raw distributed force raw_idx 2 fz,xhand SDK sensor_data[0].raw_force[2].fz,,"measured sensor value, unless fallback",,,,state[84]=sensor_data[0].raw_force[2].fz,,xhand.py copies SDK order; xhand_control_ros2.cpp copies raw_force[k].fx/fy/fz,True
85,observation.state,hand_tactile_sensor_0.raw_force_3.fx,tactile sensor 0 raw distributed force raw_idx 3 fx,xhand SDK sensor_data[0].raw_force[3].fx,,"measured sensor value, unless fallback",,,,state[85]=sensor_data[0].raw_force[3].fx,,xhand.py copies SDK order; xhand_control_ros2.cpp copies raw_force[k].fx/fy/fz,True
86,observation.state,hand_tactile_sensor_0.raw_force_3.fy,tactile sensor 0 raw distributed force raw_idx 3 fy,xhand SDK sensor_data[0].raw_force[3].fy,,"measured sensor value, unless fallback",,,,state[86]=sensor_data[0].raw_force[3].fy,,xhand.py copies SDK order; xhand_control_ros2.cpp copies raw_force[k].fx/fy/fz,True
87,observation.state,hand_tactile_sensor_0.raw_force_3.fz,tactile sensor 0 raw distributed force raw_idx 3 fz,xhand SDK sensor_data[0].raw_force[3].fz,,"measured sensor value, unless fallback",,,,state[87]=sensor_data[0].raw_force[3].fz,,xhand.py copies SDK order; xhand_control_ros2.cpp copies raw_force[k].fx/fy/fz,True
88,observation.state,hand_tactile_sensor_0.raw_force_4.fx,tactile sensor 0 raw distributed force raw_idx 4 fx,xhand SDK sensor_data[0].raw_force[4].fx,,"measured sensor value, unless fallback",,,,state[88]=sensor_data[0].raw_force[4].fx,,xhand.py copies SDK order; xhand_control_ros2.cpp copies raw_force[k].fx/fy/fz,True
89,observation.state,hand_tactile_sensor_0.raw_force_4.fy,tactile sensor 0 raw distributed force raw_idx 4 fy,xhand SDK sensor_data[0].raw_force[4].fy,,"measured sensor value, unless fallback",,,,state[89]=sensor_data[0].raw_force[4].fy,,xhand.py copies SDK order; xhand_control_ros2.cpp copies raw_force[k].fx/fy/fz,True
90,observation.state,hand_tactile_sensor_0.raw_force_4.fz,tactile sensor 0 raw distributed force raw_idx 4 fz,xhand SDK sensor_data[0].raw_force[4].fz,,"measured sensor value, unless fallback",,,,state[90]=sensor_data[0].raw_force[4].fz,,xhand.py copies SDK order; xhand_control_ros2.cpp copies raw_force[k].fx/fy/fz,True
91,observation.state,hand_tactile_sensor_0.raw_force_5.fx,tactile sensor 0 raw distributed force raw_idx 5 fx,xhand SDK sensor_data[0].raw_force[5].fx,,"measured sensor value, unless fallback",,,,state[91]=sensor_data[0].raw_force[5].fx,,xhand.py copies SDK order; xhand_control_ros2.cpp copies raw_force[k].fx/fy/fz,True
92,observation.state,hand_tactile_sensor_0.raw_force_5.fy,tactile sensor 0 raw distributed force raw_idx 5 fy,xhand SDK sensor_data[0].raw_force[5].fy,,"measured sensor value, unless fallback",,,,state[92]=sensor_data[0].raw_force[5].fy,,xhand.py copies SDK order; xhand_control_ros2.cpp copies raw_force[k].fx/fy/fz,True
93,observation.state,hand_tactile_sensor_0.raw_force_5.fz,tactile sensor 0 raw distributed force raw_idx 5 fz,xhand SDK sensor_data[0].raw_force[5].fz,,"measured sensor value, unless fallback",,,,state[93]=sensor_data[0].raw_force[5].fz,,xhand.py copies SDK order; xhand_control_ros2.cpp copies raw_force[k].fx/fy/fz,True
94,observation.state,hand_tactile_sensor_0.raw_force_6.fx,tactile sensor 0 raw distributed force raw_idx 6 fx,xhand SDK sensor_data[0].raw_force[6].fx,,"measured sensor value, unless fallback",,,,state[94]=sensor_data[0].raw_force[6].fx,,xhand.py copies SDK order; xhand_control_ros2.cpp copies raw_force[k].fx/fy/fz,True
95,observation.state,hand_tactile_sensor_0.raw_force_6.fy,tactile sensor 0 raw distributed force raw_idx 6 fy,xhand SDK sensor_data[0].raw_force[6].fy,,"measured sensor value, unless fallback",,,,state[95]=sensor_data[0].raw_force[6].fy,,xhand.py copies SDK order; xhand_control_ros2.cpp copies raw_force[k].fx/fy/fz,True
96,observation.state,hand_tactile_sensor_0.raw_force_6.fz,tactile sensor 0 raw distributed force raw_idx 6 fz,xhand SDK sensor_data[0].raw_force[6].fz,,"measured sensor value, unless fallback",,,,state[96]=sensor_data[0].raw_force[6].fz,,xhand.py copies SDK order; xhand_control_ros2.cpp copies raw_force[k].fx/fy/fz,True
97,observation.state,hand_tactile_sensor_0.raw_force_7.fx,tactile sensor 0 raw distributed force raw_idx 7 fx,xhand SDK sensor_data[0].raw_force[7].fx,,"measured sensor value, unless fallback",,,,state[97]=sensor_data[0].raw_force[7].fx,,xhand.py copies SDK order; xhand_control_ros2.cpp copies raw_force[k].fx/fy/fz,True
98,observation.state,hand_tactile_sensor_0.raw_force_7.fy,tactile sensor 0 raw distributed force raw_idx 7 fy,xhand SDK sensor_data[0].raw_force[7].fy,,"measured sensor value, unless fallback",,,,state[98]=sensor_data[0].raw_force[7].fy,,xhand.py copies SDK order; xhand_control_ros2.cpp copies raw_force[k].fx/fy/fz,True
99,observation.state,hand_tactile_sensor_0.raw_force_7.fz,tactile sensor 0 raw distributed force raw_idx 7 fz,xhand SDK sensor_data[0].raw_force[7].fz,,"measured sensor value, unless fallback",,,,state[99]=sensor_data[0].raw_force[7].fz,,xhand.py copies SDK order; xhand_control_ros2.cpp copies raw_force[k].fx/fy/fz,True
100,observation.state,hand_tactile_sensor_0.raw_force_8.fx,tactile sensor 0 raw distributed force raw_idx 8 fx,xhand SDK sensor_data[0].raw_force[8].fx,,"measured sensor value, unless fallback",,,,state[100]=sensor_data[0].raw_force[8].fx,,xhand.py copies SDK order; xhand_control_ros2.cpp copies raw_force[k].fx/fy/fz,True
101,observation.state,hand_tactile_sensor_0.raw_force_8.fy,tactile sensor 0 raw distributed force raw_idx 8 fy,xhand SDK sensor_data[0].raw_force[8].fy,,"measured sensor value, unless fallback",,,,state[101]=sensor_data[0].raw_force[8].fy,,xhand.py copies SDK order; xhand_control_ros2.cpp copies raw_force[k].fx/fy/fz,True
102,observation.state,hand_tactile_sensor_0.raw_force_8.fz,tactile sensor 0 raw distributed force raw_idx 8 fz,xhand SDK sensor_data[0].raw_force[8].fz,,"measured sensor value, unless fallback",,,,state[102]=sensor_data[0].raw_force[8].fz,,xhand.py copies SDK order; xhand_control_ros2.cpp copies raw_force[k].fx/fy/fz,True
103,observation.state,hand_tactile_sensor_0.raw_force_9.fx,tactile sensor 0 raw distributed force raw_idx 9 fx,xhand SDK sensor_data[0].raw_force[9].fx,,"measured sensor value, unless fallback",,,,state[103]=sensor_data[0].raw_force[9].fx,,xhand.py copies SDK order; xhand_control_ros2.cpp copies raw_force[k].fx/fy/fz,True
104,observation.state,hand_tactile_sensor_0.raw_force_9.fy,tactile sensor 0 raw distributed force raw_idx 9 fy,xhand SDK sensor_data[0].raw_force[9].fy,,"measured sensor value, unless fallback",,,,state[104]=sensor_data[0].raw_force[9].fy,,xhand.py copies SDK order; xhand_control_ros2.cpp copies raw_force[k].fx/fy/fz,True
105,observation.state,hand_tactile_sensor_0.raw_force_9.fz,tactile sensor 0 raw distributed force raw_idx 9 fz,xhand SDK sensor_data[0].raw_force[9].fz,,"measured sensor value, unless fallback",,,,state[105]=sensor_data[0].raw_force[9].fz,,xhand.py copies SDK order; xhand_control_ros2.cpp copies raw_force[k].fx/fy/fz,True
106,observation.state,hand_tactile_sensor_0.raw_force_10.fx,tactile sensor 0 raw distributed force raw_idx 10 fx,xhand SDK sensor_data[0].raw_force[10].fx,,"measured sensor value, unless fallback",,,,state[106]=sensor_data[0].raw_force[10].fx,,xhand.py copies SDK order; xhand_control_ros2.cpp copies raw_force[k].fx/fy/fz,True
107,observation.state,hand_tactile_sensor_0.raw_force_10.fy,tactile sensor 0 raw distributed force raw_idx 10 fy,xhand SDK sensor_data[0].raw_force[10].fy,,"measured sensor value, unless fallback",,,,state[107]=sensor_data[0].raw_force[10].fy,,xhand.py copies SDK order; xhand_control_ros2.cpp copies raw_force[k].fx/fy/fz,True
108,observation.state,hand_tactile_sensor_0.raw_force_10.fz,tactile sensor 0 raw distributed force raw_idx 10 fz,xhand SDK sensor_data[0].raw_force[10].fz,,"measured sensor value, unless fallback",,,,state[108]=sensor_data[0].raw_force[10].fz,,xhand.py copies SDK order; xhand_control_ros2.cpp copies raw_force[k].fx/fy/fz,True
109,observation.state,hand_tactile_sensor_0.raw_force_11.fx,tactile sensor 0 raw distributed force raw_idx 11 fx,xhand SDK sensor_data[0].raw_force[11].fx,,"measured sensor value, unless fallback",,,,state[109]=sensor_data[0].raw_force[11].fx,,xhand.py copies SDK order; xhand_control_ros2.cpp copies raw_force[k].fx/fy/fz,True
110,observation.state,hand_tactile_sensor_0.raw_force_11.fy,tactile sensor 0 raw distributed force raw_idx 11 fy,xhand SDK sensor_data[0].raw_force[11].fy,,"measured sensor value, unless fallback",,,,state[110]=sensor_data[0].raw_force[11].fy,,xhand.py copies SDK order; xhand_control_ros2.cpp copies raw_force[k].fx/fy/fz,True
111,observation.state,hand_tactile_sensor_0.raw_force_11.fz,tactile sensor 0 raw distributed force raw_idx 11 fz,xhand SDK sensor_data[0].raw_force[11].fz,,"measured sensor value, unless fallback",,,,state[111]=sensor_data[0].raw_force[11].fz,,xhand.py copies SDK order; xhand_control_ros2.cpp copies raw_force[k].fx/fy/fz,True
112,observation.state,hand_tactile_sensor_0.raw_force_12.fx,tactile sensor 0 raw distributed force raw_idx 12 fx,xhand SDK sensor_data[0].raw_force[12].fx,,"measured sensor value, unless fallback",,,,state[112]=sensor_data[0].raw_force[12].fx,,xhand.py copies SDK order; xhand_control_ros2.cpp copies raw_force[k].fx/fy/fz,True
113,observation.state,hand_tactile_sensor_0.raw_force_12.fy,tactile sensor 0 raw distributed force raw_idx 12 fy,xhand SDK sensor_data[0].raw_force[12].fy,,"measured sensor value, unless fallback",,,,state[113]=sensor_data[0].raw_force[12].fy,,xhand.py copies SDK order; xhand_control_ros2.cpp copies raw_force[k].fx/fy/fz,True
114,observation.state,hand_tactile_sensor_0.raw_force_12.fz,tactile sensor 0 raw distributed force raw_idx 12 fz,xhand SDK sensor_data[0].raw_force[12].fz,,"measured sensor value, unless fallback",,,,state[114]=sensor_data[0].raw_force[12].fz,,xhand.py copies SDK order; xhand_control_ros2.cpp copies raw_force[k].fx/fy/fz,True
115,observation.state,hand_tactile_sensor_0.raw_force_13.fx,tactile sensor 0 raw distributed force raw_idx 13 fx,xhand SDK sensor_data[0].raw_force[13].fx,,"measured sensor value, unless fallback",,,,state[115]=sensor_data[0].raw_force[13].fx,,xhand.py copies SDK order; xhand_control_ros2.cpp copies raw_force[k].fx/fy/fz,True
116,observation.state,hand_tactile_sensor_0.raw_force_13.fy,tactile sensor 0 raw distributed force raw_idx 13 fy,xhand SDK sensor_data[0].raw_force[13].fy,,"measured sensor value, unless fallback",,,,state[116]=sensor_data[0].raw_force[13].fy,,xhand.py copies SDK order; xhand_control_ros2.cpp copies raw_force[k].fx/fy/fz,True
117,observation.state,hand_tactile_sensor_0.raw_force_13.fz,tactile sensor 0 raw distributed force raw_idx 13 fz,xhand SDK sensor_data[0].raw_force[13].fz,,"measured sensor value, unless fallback",,,,state[117]=sensor_data[0].raw_force[13].fz,,xhand.py copies SDK order; xhand_control_ros2.cpp copies raw_force[k].fx/fy/fz,True
118,observation.state,hand_tactile_sensor_0.raw_force_14.fx,tactile sensor 0 raw distributed force raw_idx 14 fx,xhand SDK sensor_data[0].raw_force[14].fx,,"measured sensor value, unless fallback",,,,state[118]=sensor_data[0].raw_force[14].fx,,xhand.py copies SDK order; xhand_control_ros2.cpp copies raw_force[k].fx/fy/fz,True
119,observation.state,hand_tactile_sensor_0.raw_force_14.fy,tactile sensor 0 raw distributed force raw_idx 14 fy,xhand SDK sensor_data[0].raw_force[14].fy,,"measured sensor value, unless fallback",,,,state[119]=sensor_data[0].raw_force[14].fy,,xhand.py copies SDK order; xhand_control_ros2.cpp copies raw_force[k].fx/fy/fz,True
120,observation.state,hand_tactile_sensor_0.raw_force_14.fz,tactile sensor 0 raw distributed force raw_idx 14 fz,xhand SDK sensor_data[0].raw_force[14].fz,,"measured sensor value, unless fallback",,,,state[120]=sensor_data[0].raw_force[14].fz,,xhand.py copies SDK order; xhand_control_ros2.cpp copies raw_force[k].fx/fy/fz,True
121,observation.state,hand_tactile_sensor_0.raw_force_15.fx,tactile sensor 0 raw distributed force raw_idx 15 fx,xhand SDK sensor_data[0].raw_force[15].fx,,"measured sensor value, unless fallback",,,,state[121]=sensor_data[0].raw_force[15].fx,,xhand.py copies SDK order; xhand_control_ros2.cpp copies raw_force[k].fx/fy/fz,True
122,observation.state,hand_tactile_sensor_0.raw_force_15.fy,tactile sensor 0 raw distributed force raw_idx 15 fy,xhand SDK sensor_data[0].raw_force[15].fy,,"measured sensor value, unless fallback",,,,state[122]=sensor_data[0].raw_force[15].fy,,xhand.py copies SDK order; xhand_control_ros2.cpp copies raw_force[k].fx/fy/fz,True
123,observation.state,hand_tactile_sensor_0.raw_force_15.fz,tactile sensor 0 raw distributed force raw_idx 15 fz,xhand SDK sensor_data[0].raw_force[15].fz,,"measured sensor value, unless fallback",,,,state[123]=sensor_data[0].raw_force[15].fz,,xhand.py copies SDK order; xhand_control_ros2.cpp copies raw_force[k].fx/fy/fz,True
124,observation.state,hand_tactile_sensor_0.raw_force_16.fx,tactile sensor 0 raw distributed force raw_idx 16 fx,xhand SDK sensor_data[0].raw_force[16].fx,,"measured sensor value, unless fallback",,,,state[124]=sensor_data[0].raw_force[16].fx,,xhand.py copies SDK order; xhand_control_ros2.cpp copies raw_force[k].fx/fy/fz,True
125,observation.state,hand_tactile_sensor_0.raw_force_16.fy,tactile sensor 0 raw distributed force raw_idx 16 fy,xhand SDK sensor_data[0].raw_force[16].fy,,"measured sensor value, unless fallback",,,,state[125]=sensor_data[0].raw_force[16].fy,,xhand.py copies SDK order; xhand_control_ros2.cpp copies raw_force[k].fx/fy/fz,True
126,observation.state,hand_tactile_sensor_0.raw_force_16.fz,tactile sensor 0 raw distributed force raw_idx 16 fz,xhand SDK sensor_data[0].raw_force[16].fz,,"measured sensor value, unless fallback",,,,state[126]=sensor_data[0].raw_force[16].fz,,xhand.py copies SDK order; xhand_control_ros2.cpp copies raw_force[k].fx/fy/fz,True
127,observation.state,hand_tactile_sensor_0.raw_force_17.fx,tactile sensor 0 raw distributed force raw_idx 17 fx,xhand SDK sensor_data[0].raw_force[17].fx,,"measured sensor value, unless fallback",,,,state[127]=sensor_data[0].raw_force[17].fx,,xhand.py copies SDK order; xhand_control_ros2.cpp copies raw_force[k].fx/fy/fz,True
128,observation.state,hand_tactile_sensor_0.raw_force_17.fy,tactile sensor 0 raw distributed force raw_idx 17 fy,xhand SDK sensor_data[0].raw_force[17].fy,,"measured sensor value, unless fallback",,,,state[128]=sensor_data[0].raw_force[17].fy,,xhand.py copies SDK order; xhand_control_ros2.cpp copies raw_force[k].fx/fy/fz,True
129,observation.state,hand_tactile_sensor_0.raw_force_17.fz,tactile sensor 0 raw distributed force raw_idx 17 fz,xhand SDK sensor_data[0].raw_force[17].fz,,"measured sensor value, unless fallback",,,,state[129]=sensor_data[0].raw_force[17].fz,,xhand.py copies SDK order; xhand_control_ros2.cpp copies raw_force[k].fx/fy/fz,True
130,observation.state,hand_tactile_sensor_0.raw_force_18.fx,tactile sensor 0 raw distributed force raw_idx 18 fx,xhand SDK sensor_data[0].raw_force[18].fx,,"measured sensor value, unless fallback",,,,state[130]=sensor_data[0].raw_force[18].fx,,xhand.py copies SDK order; xhand_control_ros2.cpp copies raw_force[k].fx/fy/fz,True
131,observation.state,hand_tactile_sensor_0.raw_force_18.fy,tactile sensor 0 raw distributed force raw_idx 18 fy,xhand SDK sensor_data[0].raw_force[18].fy,,"measured sensor value, unless fallback",,,,state[131]=sensor_data[0].raw_force[18].fy,,xhand.py copies SDK order; xhand_control_ros2.cpp copies raw_force[k].fx/fy/fz,True
132,observation.state,hand_tactile_sensor_0.raw_force_18.fz,tactile sensor 0 raw distributed force raw_idx 18 fz,xhand SDK sensor_data[0].raw_force[18].fz,,"measured sensor value, unless fallback",,,,state[132]=sensor_data[0].raw_force[18].fz,,xhand.py copies SDK order; xhand_control_ros2.cpp copies raw_force[k].fx/fy/fz,True
133,observation.state,hand_tactile_sensor_0.raw_force_19.fx,tactile sensor 0 raw distributed force raw_idx 19 fx,xhand SDK sensor_data[0].raw_force[19].fx,,"measured sensor value, unless fallback",,,,state[133]=sensor_data[0].raw_force[19].fx,,xhand.py copies SDK order; xhand_control_ros2.cpp copies raw_force[k].fx/fy/fz,True
134,observation.state,hand_tactile_sensor_0.raw_force_19.fy,tactile sensor 0 raw distributed force raw_idx 19 fy,xhand SDK sensor_data[0].raw_force[19].fy,,"measured sensor value, unless fallback",,,,state[134]=sensor_data[0].raw_force[19].fy,,xhand.py copies SDK order; xhand_control_ros2.cpp copies raw_force[k].fx/fy/fz,True
135,observation.state,hand_tactile_sensor_0.raw_force_19.fz,tactile sensor 0 raw distributed force raw_idx 19 fz,xhand SDK sensor_data[0].raw_force[19].fz,,"measured sensor value, unless fallback",,,,state[135]=sensor_data[0].raw_force[19].fz,,xhand.py copies SDK order; xhand_control_ros2.cpp copies raw_force[k].fx/fy/fz,True
136,observation.state,hand_tactile_sensor_0.raw_force_20.fx,tactile sensor 0 raw distributed force raw_idx 20 fx,xhand SDK sensor_data[0].raw_force[20].fx,,"measured sensor value, unless fallback",,,,state[136]=sensor_data[0].raw_force[20].fx,,xhand.py copies SDK order; xhand_control_ros2.cpp copies raw_force[k].fx/fy/fz,True
137,observation.state,hand_tactile_sensor_0.raw_force_20.fy,tactile sensor 0 raw distributed force raw_idx 20 fy,xhand SDK sensor_data[0].raw_force[20].fy,,"measured sensor value, unless fallback",,,,state[137]=sensor_data[0].raw_force[20].fy,,xhand.py copies SDK order; xhand_control_ros2.cpp copies raw_force[k].fx/fy/fz,True
138,observation.state,hand_tactile_sensor_0.raw_force_20.fz,tactile sensor 0 raw distributed force raw_idx 20 fz,xhand SDK sensor_data[0].raw_force[20].fz,,"measured sensor value, unless fallback",,,,state[138]=sensor_data[0].raw_force[20].fz,,xhand.py copies SDK order; xhand_control_ros2.cpp copies raw_force[k].fx/fy/fz,True
139,observation.state,hand_tactile_sensor_0.raw_force_21.fx,tactile sensor 0 raw distributed force raw_idx 21 fx,xhand SDK sensor_data[0].raw_force[21].fx,,"measured sensor value, unless fallback",,,,state[139]=sensor_data[0].raw_force[21].fx,,xhand.py copies SDK order; xhand_control_ros2.cpp copies raw_force[k].fx/fy/fz,True
140,observation.state,hand_tactile_sensor_0.raw_force_21.fy,tactile sensor 0 raw distributed force raw_idx 21 fy,xhand SDK sensor_data[0].raw_force[21].fy,,"measured sensor value, unless fallback",,,,state[140]=sensor_data[0].raw_force[21].fy,,xhand.py copies SDK order; xhand_control_ros2.cpp copies raw_force[k].fx/fy/fz,True
141,observation.state,hand_tactile_sensor_0.raw_force_21.fz,tactile sensor 0 raw distributed force raw_idx 21 fz,xhand SDK sensor_data[0].raw_force[21].fz,,"measured sensor value, unless fallback",,,,state[141]=sensor_data[0].raw_force[21].fz,,xhand.py copies SDK order; xhand_control_ros2.cpp copies raw_force[k].fx/fy/fz,True
142,observation.state,hand_tactile_sensor_0.raw_force_22.fx,tactile sensor 0 raw distributed force raw_idx 22 fx,xhand SDK sensor_data[0].raw_force[22].fx,,"measured sensor value, unless fallback",,,,state[142]=sensor_data[0].raw_force[22].fx,,xhand.py copies SDK order; xhand_control_ros2.cpp copies raw_force[k].fx/fy/fz,True
143,observation.state,hand_tactile_sensor_0.raw_force_22.fy,tactile sensor 0 raw distributed force raw_idx 22 fy,xhand SDK sensor_data[0].raw_force[22].fy,,"measured sensor value, unless fallback",,,,state[143]=sensor_data[0].raw_force[22].fy,,xhand.py copies SDK order; xhand_control_ros2.cpp copies raw_force[k].fx/fy/fz,True
144,observation.state,hand_tactile_sensor_0.raw_force_22.fz,tactile sensor 0 raw distributed force raw_idx 22 fz,xhand SDK sensor_data[0].raw_force[22].fz,,"measured sensor value, unless fallback",,,,state[144]=sensor_data[0].raw_force[22].fz,,xhand.py copies SDK order; xhand_control_ros2.cpp copies raw_force[k].fx/fy/fz,True
145,observation.state,hand_tactile_sensor_0.raw_force_23.fx,tactile sensor 0 raw distributed force raw_idx 23 fx,xhand SDK sensor_data[0].raw_force[23].fx,,"measured sensor value, unless fallback",,,,state[145]=sensor_data[0].raw_force[23].fx,,xhand.py copies SDK order; xhand_control_ros2.cpp copies raw_force[k].fx/fy/fz,True
146,observation.state,hand_tactile_sensor_0.raw_force_23.fy,tactile sensor 0 raw distributed force raw_idx 23 fy,xhand SDK sensor_data[0].raw_force[23].fy,,"measured sensor value, unless fallback",,,,state[146]=sensor_data[0].raw_force[23].fy,,xhand.py copies SDK order; xhand_control_ros2.cpp copies raw_force[k].fx/fy/fz,True
147,observation.state,hand_tactile_sensor_0.raw_force_23.fz,tactile sensor 0 raw distributed force raw_idx 23 fz,xhand SDK sensor_data[0].raw_force[23].fz,,"measured sensor value, unless fallback",,,,state[147]=sensor_data[0].raw_force[23].fz,,xhand.py copies SDK order; xhand_control_ros2.cpp copies raw_force[k].fx/fy/fz,True
148,observation.state,hand_tactile_sensor_0.raw_force_24.fx,tactile sensor 0 raw distributed force raw_idx 24 fx,xhand SDK sensor_data[0].raw_force[24].fx,,"measured sensor value, unless fallback",,,,state[148]=sensor_data[0].raw_force[24].fx,,xhand.py copies SDK order; xhand_control_ros2.cpp copies raw_force[k].fx/fy/fz,True
149,observation.state,hand_tactile_sensor_0.raw_force_24.fy,tactile sensor 0 raw distributed force raw_idx 24 fy,xhand SDK sensor_data[0].raw_force[24].fy,,"measured sensor value, unless fallback",,,,state[149]=sensor_data[0].raw_force[24].fy,,xhand.py copies SDK order; xhand_control_ros2.cpp copies raw_force[k].fx/fy/fz,True
150,observation.state,hand_tactile_sensor_0.raw_force_24.fz,tactile sensor 0 raw distributed force raw_idx 24 fz,xhand SDK sensor_data[0].raw_force[24].fz,,"measured sensor value, unless fallback",,,,state[150]=sensor_data[0].raw_force[24].fz,,xhand.py copies SDK order; xhand_control_ros2.cpp copies raw_force[k].fx/fy/fz,True
151,observation.state,hand_tactile_sensor_0.raw_force_25.fx,tactile sensor 0 raw distributed force raw_idx 25 fx,xhand SDK sensor_data[0].raw_force[25].fx,,"measured sensor value, unless fallback",,,,state[151]=sensor_data[0].raw_force[25].fx,,xhand.py copies SDK order; xhand_control_ros2.cpp copies raw_force[k].fx/fy/fz,True
152,observation.state,hand_tactile_sensor_0.raw_force_25.fy,tactile sensor 0 raw distributed force raw_idx 25 fy,xhand SDK sensor_data[0].raw_force[25].fy,,"measured sensor value, unless fallback",,,,state[152]=sensor_data[0].raw_force[25].fy,,xhand.py copies SDK order; xhand_control_ros2.cpp copies raw_force[k].fx/fy/fz,True
153,observation.state,hand_tactile_sensor_0.raw_force_25.fz,tactile sensor 0 raw distributed force raw_idx 25 fz,xhand SDK sensor_data[0].raw_force[25].fz,,"measured sensor value, unless fallback",,,,state[153]=sensor_data[0].raw_force[25].fz,,xhand.py copies SDK order; xhand_control_ros2.cpp copies raw_force[k].fx/fy/fz,True
154,observation.state,hand_tactile_sensor_0.raw_force_26.fx,tactile sensor 0 raw distributed force raw_idx 26 fx,xhand SDK sensor_data[0].raw_force[26].fx,,"measured sensor value, unless fallback",,,,state[154]=sensor_data[0].raw_force[26].fx,,xhand.py copies SDK order; xhand_control_ros2.cpp copies raw_force[k].fx/fy/fz,True
155,observation.state,hand_tactile_sensor_0.raw_force_26.fy,tactile sensor 0 raw distributed force raw_idx 26 fy,xhand SDK sensor_data[0].raw_force[26].fy,,"measured sensor value, unless fallback",,,,state[155]=sensor_data[0].raw_force[26].fy,,xhand.py copies SDK order; xhand_control_ros2.cpp copies raw_force[k].fx/fy/fz,True
156,observation.state,hand_tactile_sensor_0.raw_force_26.fz,tactile sensor 0 raw distributed force raw_idx 26 fz,xhand SDK sensor_data[0].raw_force[26].fz,,"measured sensor value, unless fallback",,,,state[156]=sensor_data[0].raw_force[26].fz,,xhand.py copies SDK order; xhand_control_ros2.cpp copies raw_force[k].fx/fy/fz,True
157,observation.state,hand_tactile_sensor_0.raw_force_27.fx,tactile sensor 0 raw distributed force raw_idx 27 fx,xhand SDK sensor_data[0].raw_force[27].fx,,"measured sensor value, unless fallback",,,,state[157]=sensor_data[0].raw_force[27].fx,,xhand.py copies SDK order; xhand_control_ros2.cpp copies raw_force[k].fx/fy/fz,True
158,observation.state,hand_tactile_sensor_0.raw_force_27.fy,tactile sensor 0 raw distributed force raw_idx 27 fy,xhand SDK sensor_data[0].raw_force[27].fy,,"measured sensor value, unless fallback",,,,state[158]=sensor_data[0].raw_force[27].fy,,xhand.py copies SDK order; xhand_control_ros2.cpp copies raw_force[k].fx/fy/fz,True
159,observation.state,hand_tactile_sensor_0.raw_force_27.fz,tactile sensor 0 raw distributed force raw_idx 27 fz,xhand SDK sensor_data[0].raw_force[27].fz,,"measured sensor value, unless fallback",,,,state[159]=sensor_data[0].raw_force[27].fz,,xhand.py copies SDK order; xhand_control_ros2.cpp copies raw_force[k].fx/fy/fz,True
160,observation.state,hand_tactile_sensor_0.raw_force_28.fx,tactile sensor 0 raw distributed force raw_idx 28 fx,xhand SDK sensor_data[0].raw_force[28].fx,,"measured sensor value, unless fallback",,,,state[160]=sensor_data[0].raw_force[28].fx,,xhand.py copies SDK order; xhand_control_ros2.cpp copies raw_force[k].fx/fy/fz,True
161,observation.state,hand_tactile_sensor_0.raw_force_28.fy,tactile sensor 0 raw distributed force raw_idx 28 fy,xhand SDK sensor_data[0].raw_force[28].fy,,"measured sensor value, unless fallback",,,,state[161]=sensor_data[0].raw_force[28].fy,,xhand.py copies SDK order; xhand_control_ros2.cpp copies raw_force[k].fx/fy/fz,True
162,observation.state,hand_tactile_sensor_0.raw_force_28.fz,tactile sensor 0 raw distributed force raw_idx 28 fz,xhand SDK sensor_data[0].raw_force[28].fz,,"measured sensor value, unless fallback",,,,state[162]=sensor_data[0].raw_force[28].fz,,xhand.py copies SDK order; xhand_control_ros2.cpp copies raw_force[k].fx/fy/fz,True
163,observation.state,hand_tactile_sensor_0.raw_force_29.fx,tactile sensor 0 raw distributed force raw_idx 29 fx,xhand SDK sensor_data[0].raw_force[29].fx,,"measured sensor value, unless fallback",,,,state[163]=sensor_data[0].raw_force[29].fx,,xhand.py copies SDK order; xhand_control_ros2.cpp copies raw_force[k].fx/fy/fz,True
164,observation.state,hand_tactile_sensor_0.raw_force_29.fy,tactile sensor 0 raw distributed force raw_idx 29 fy,xhand SDK sensor_data[0].raw_force[29].fy,,"measured sensor value, unless fallback",,,,state[164]=sensor_data[0].raw_force[29].fy,,xhand.py copies SDK order; xhand_control_ros2.cpp copies raw_force[k].fx/fy/fz,True
165,observation.state,hand_tactile_sensor_0.raw_force_29.fz,tactile sensor 0 raw distributed force raw_idx 29 fz,xhand SDK sensor_data[0].raw_force[29].fz,,"measured sensor value, unless fallback",,,,state[165]=sensor_data[0].raw_force[29].fz,,xhand.py copies SDK order; xhand_control_ros2.cpp copies raw_force[k].fx/fy/fz,True
166,observation.state,hand_tactile_sensor_0.raw_force_30.fx,tactile sensor 0 raw distributed force raw_idx 30 fx,xhand SDK sensor_data[0].raw_force[30].fx,,"measured sensor value, unless fallback",,,,state[166]=sensor_data[0].raw_force[30].fx,,xhand.py copies SDK order; xhand_control_ros2.cpp copies raw_force[k].fx/fy/fz,True
167,observation.state,hand_tactile_sensor_0.raw_force_30.fy,tactile sensor 0 raw distributed force raw_idx 30 fy,xhand SDK sensor_data[0].raw_force[30].fy,,"measured sensor value, unless fallback",,,,state[167]=sensor_data[0].raw_force[30].fy,,xhand.py copies SDK order; xhand_control_ros2.cpp copies raw_force[k].fx/fy/fz,True
168,observation.state,hand_tactile_sensor_0.raw_force_30.fz,tactile sensor 0 raw distributed force raw_idx 30 fz,xhand SDK sensor_data[0].raw_force[30].fz,,"measured sensor value, unless fallback",,,,state[168]=sensor_data[0].raw_force[30].fz,,xhand.py copies SDK order; xhand_control_ros2.cpp copies raw_force[k].fx/fy/fz,True
169,observation.state,hand_tactile_sensor_0.raw_force_31.fx,tactile sensor 0 raw distributed force raw_idx 31 fx,xhand SDK sensor_data[0].raw_force[31].fx,,"measured sensor value, unless fallback",,,,state[169]=sensor_data[0].raw_force[31].fx,,xhand.py copies SDK order; xhand_control_ros2.cpp copies raw_force[k].fx/fy/fz,True
170,observation.state,hand_tactile_sensor_0.raw_force_31.fy,tactile sensor 0 raw distributed force raw_idx 31 fy,xhand SDK sensor_data[0].raw_force[31].fy,,"measured sensor value, unless fallback",,,,state[170]=sensor_data[0].raw_force[31].fy,,xhand.py copies SDK order; xhand_control_ros2.cpp copies raw_force[k].fx/fy/fz,True
171,observation.state,hand_tactile_sensor_0.raw_force_31.fz,tactile sensor 0 raw distributed force raw_idx 31 fz,xhand SDK sensor_data[0].raw_force[31].fz,,"measured sensor value, unless fallback",,,,state[171]=sensor_data[0].raw_force[31].fz,,xhand.py copies SDK order; xhand_control_ros2.cpp copies raw_force[k].fx/fy/fz,True
172,observation.state,hand_tactile_sensor_0.raw_force_32.fx,tactile sensor 0 raw distributed force raw_idx 32 fx,xhand SDK sensor_data[0].raw_force[32].fx,,"measured sensor value, unless fallback",,,,state[172]=sensor_data[0].raw_force[32].fx,,xhand.py copies SDK order; xhand_control_ros2.cpp copies raw_force[k].fx/fy/fz,True
173,observation.state,hand_tactile_sensor_0.raw_force_32.fy,tactile sensor 0 raw distributed force raw_idx 32 fy,xhand SDK sensor_data[0].raw_force[32].fy,,"measured sensor value, unless fallback",,,,state[173]=sensor_data[0].raw_force[32].fy,,xhand.py copies SDK order; xhand_control_ros2.cpp copies raw_force[k].fx/fy/fz,True
174,observation.state,hand_tactile_sensor_0.raw_force_32.fz,tactile sensor 0 raw distributed force raw_idx 32 fz,xhand SDK sensor_data[0].raw_force[32].fz,,"measured sensor value, unless fallback",,,,state[174]=sensor_data[0].raw_force[32].fz,,xhand.py copies SDK order; xhand_control_ros2.cpp copies raw_force[k].fx/fy/fz,True
175,observation.state,hand_tactile_sensor_0.raw_force_33.fx,tactile sensor 0 raw distributed force raw_idx 33 fx,xhand SDK sensor_data[0].raw_force[33].fx,,"measured sensor value, unless fallback",,,,state[175]=sensor_data[0].raw_force[33].fx,,xhand.py copies SDK order; xhand_control_ros2.cpp copies raw_force[k].fx/fy/fz,True
176,observation.state,hand_tactile_sensor_0.raw_force_33.fy,tactile sensor 0 raw distributed force raw_idx 33 fy,xhand SDK sensor_data[0].raw_force[33].fy,,"measured sensor value, unless fallback",,,,state[176]=sensor_data[0].raw_force[33].fy,,xhand.py copies SDK order; xhand_control_ros2.cpp copies raw_force[k].fx/fy/fz,True
177,observation.state,hand_tactile_sensor_0.raw_force_33.fz,tactile sensor 0 raw distributed force raw_idx 33 fz,xhand SDK sensor_data[0].raw_force[33].fz,,"measured sensor value, unless fallback",,,,state[177]=sensor_data[0].raw_force[33].fz,,xhand.py copies SDK order; xhand_control_ros2.cpp copies raw_force[k].fx/fy/fz,True
178,observation.state,hand_tactile_sensor_0.raw_force_34.fx,tactile sensor 0 raw distributed force raw_idx 34 fx,xhand SDK sensor_data[0].raw_force[34].fx,,"measured sensor value, unless fallback",,,,state[178]=sensor_data[0].raw_force[34].fx,,xhand.py copies SDK order; xhand_control_ros2.cpp copies raw_force[k].fx/fy/fz,True
179,observation.state,hand_tactile_sensor_0.raw_force_34.fy,tactile sensor 0 raw distributed force raw_idx 34 fy,xhand SDK sensor_data[0].raw_force[34].fy,,"measured sensor value, unless fallback",,,,state[179]=sensor_data[0].raw_force[34].fy,,xhand.py copies SDK order; xhand_control_ros2.cpp copies raw_force[k].fx/fy/fz,True
180,observation.state,hand_tactile_sensor_0.raw_force_34.fz,tactile sensor 0 raw distributed force raw_idx 34 fz,xhand SDK sensor_data[0].raw_force[34].fz,,"measured sensor value, unless fallback",,,,state[180]=sensor_data[0].raw_force[34].fz,,xhand.py copies SDK order; xhand_control_ros2.cpp copies raw_force[k].fx/fy/fz,True
181,observation.state,hand_tactile_sensor_0.raw_force_35.fx,tactile sensor 0 raw distributed force raw_idx 35 fx,xhand SDK sensor_data[0].raw_force[35].fx,,"measured sensor value, unless fallback",,,,state[181]=sensor_data[0].raw_force[35].fx,,xhand.py copies SDK order; xhand_control_ros2.cpp copies raw_force[k].fx/fy/fz,True
182,observation.state,hand_tactile_sensor_0.raw_force_35.fy,tactile sensor 0 raw distributed force raw_idx 35 fy,xhand SDK sensor_data[0].raw_force[35].fy,,"measured sensor value, unless fallback",,,,state[182]=sensor_data[0].raw_force[35].fy,,xhand.py copies SDK order; xhand_control_ros2.cpp copies raw_force[k].fx/fy/fz,True
183,observation.state,hand_tactile_sensor_0.raw_force_35.fz,tactile sensor 0 raw distributed force raw_idx 35 fz,xhand SDK sensor_data[0].raw_force[35].fz,,"measured sensor value, unless fallback",,,,state[183]=sensor_data[0].raw_force[35].fz,,xhand.py copies SDK order; xhand_control_ros2.cpp copies raw_force[k].fx/fy/fz,True
184,observation.state,hand_tactile_sensor_0.raw_force_36.fx,tactile sensor 0 raw distributed force raw_idx 36 fx,xhand SDK sensor_data[0].raw_force[36].fx,,"measured sensor value, unless fallback",,,,state[184]=sensor_data[0].raw_force[36].fx,,xhand.py copies SDK order; xhand_control_ros2.cpp copies raw_force[k].fx/fy/fz,True
185,observation.state,hand_tactile_sensor_0.raw_force_36.fy,tactile sensor 0 raw distributed force raw_idx 36 fy,xhand SDK sensor_data[0].raw_force[36].fy,,"measured sensor value, unless fallback",,,,state[185]=sensor_data[0].raw_force[36].fy,,xhand.py copies SDK order; xhand_control_ros2.cpp copies raw_force[k].fx/fy/fz,True
186,observation.state,hand_tactile_sensor_0.raw_force_36.fz,tactile sensor 0 raw distributed force raw_idx 36 fz,xhand SDK sensor_data[0].raw_force[36].fz,,"measured sensor value, unless fallback",,,,state[186]=sensor_data[0].raw_force[36].fz,,xhand.py copies SDK order; xhand_control_ros2.cpp copies raw_force[k].fx/fy/fz,True
187,observation.state,hand_tactile_sensor_0.raw_force_37.fx,tactile sensor 0 raw distributed force raw_idx 37 fx,xhand SDK sensor_data[0].raw_force[37].fx,,"measured sensor value, unless fallback",,,,state[187]=sensor_data[0].raw_force[37].fx,,xhand.py copies SDK order; xhand_control_ros2.cpp copies raw_force[k].fx/fy/fz,True
188,observation.state,hand_tactile_sensor_0.raw_force_37.fy,tactile sensor 0 raw distributed force raw_idx 37 fy,xhand SDK sensor_data[0].raw_force[37].fy,,"measured sensor value, unless fallback",,,,state[188]=sensor_data[0].raw_force[37].fy,,xhand.py copies SDK order; xhand_control_ros2.cpp copies raw_force[k].fx/fy/fz,True
189,observation.state,hand_tactile_sensor_0.raw_force_37.fz,tactile sensor 0 raw distributed force raw_idx 37 fz,xhand SDK sensor_data[0].raw_force[37].fz,,"measured sensor value, unless fallback",,,,state[189]=sensor_data[0].raw_force[37].fz,,xhand.py copies SDK order; xhand_control_ros2.cpp copies raw_force[k].fx/fy/fz,True
190,observation.state,hand_tactile_sensor_0.raw_force_38.fx,tactile sensor 0 raw distributed force raw_idx 38 fx,xhand SDK sensor_data[0].raw_force[38].fx,,"measured sensor value, unless fallback",,,,state[190]=sensor_data[0].raw_force[38].fx,,xhand.py copies SDK order; xhand_control_ros2.cpp copies raw_force[k].fx/fy/fz,True
191,observation.state,hand_tactile_sensor_0.raw_force_38.fy,tactile sensor 0 raw distributed force raw_idx 38 fy,xhand SDK sensor_data[0].raw_force[38].fy,,"measured sensor value, unless fallback",,,,state[191]=sensor_data[0].raw_force[38].fy,,xhand.py copies SDK order; xhand_control_ros2.cpp copies raw_force[k].fx/fy/fz,True
192,observation.state,hand_tactile_sensor_0.raw_force_38.fz,tactile sensor 0 raw distributed force raw_idx 38 fz,xhand SDK sensor_data[0].raw_force[38].fz,,"measured sensor value, unless fallback",,,,state[192]=sensor_data[0].raw_force[38].fz,,xhand.py copies SDK order; xhand_control_ros2.cpp copies raw_force[k].fx/fy/fz,True
193,observation.state,hand_tactile_sensor_0.raw_force_39.fx,tactile sensor 0 raw distributed force raw_idx 39 fx,xhand SDK sensor_data[0].raw_force[39].fx,,"measured sensor value, unless fallback",,,,state[193]=sensor_data[0].raw_force[39].fx,,xhand.py copies SDK order; xhand_control_ros2.cpp copies raw_force[k].fx/fy/fz,True
194,observation.state,hand_tactile_sensor_0.raw_force_39.fy,tactile sensor 0 raw distributed force raw_idx 39 fy,xhand SDK sensor_data[0].raw_force[39].fy,,"measured sensor value, unless fallback",,,,state[194]=sensor_data[0].raw_force[39].fy,,xhand.py copies SDK order; xhand_control_ros2.cpp copies raw_force[k].fx/fy/fz,True
195,observation.state,hand_tactile_sensor_0.raw_force_39.fz,tactile sensor 0 raw distributed force raw_idx 39 fz,xhand SDK sensor_data[0].raw_force[39].fz,,"measured sensor value, unless fallback",,,,state[195]=sensor_data[0].raw_force[39].fz,,xhand.py copies SDK order; xhand_control_ros2.cpp copies raw_force[k].fx/fy/fz,True
196,observation.state,hand_tactile_sensor_0.raw_force_40.fx,tactile sensor 0 raw distributed force raw_idx 40 fx,xhand SDK sensor_data[0].raw_force[40].fx,,"measured sensor value, unless fallback",,,,state[196]=sensor_data[0].raw_force[40].fx,,xhand.py copies SDK order; xhand_control_ros2.cpp copies raw_force[k].fx/fy/fz,True
197,observation.state,hand_tactile_sensor_0.raw_force_40.fy,tactile sensor 0 raw distributed force raw_idx 40 fy,xhand SDK sensor_data[0].raw_force[40].fy,,"measured sensor value, unless fallback",,,,state[197]=sensor_data[0].raw_force[40].fy,,xhand.py copies SDK order; xhand_control_ros2.cpp copies raw_force[k].fx/fy/fz,True
198,observation.state,hand_tactile_sensor_0.raw_force_40.fz,tactile sensor 0 raw distributed force raw_idx 40 fz,xhand SDK sensor_data[0].raw_force[40].fz,,"measured sensor value, unless fallback",,,,state[198]=sensor_data[0].raw_force[40].fz,,xhand.py copies SDK order; xhand_control_ros2.cpp copies raw_force[k].fx/fy/fz,True
199,observation.state,hand_tactile_sensor_0.raw_force_41.fx,tactile sensor 0 raw distributed force raw_idx 41 fx,xhand SDK sensor_data[0].raw_force[41].fx,,"measured sensor value, unless fallback",,,,state[199]=sensor_data[0].raw_force[41].fx,,xhand.py copies SDK order; xhand_control_ros2.cpp copies raw_force[k].fx/fy/fz,True
200,observation.state,hand_tactile_sensor_0.raw_force_41.fy,tactile sensor 0 raw distributed force raw_idx 41 fy,xhand SDK sensor_data[0].raw_force[41].fy,,"measured sensor value, unless fallback",,,,state[200]=sensor_data[0].raw_force[41].fy,,xhand.py copies SDK order; xhand_control_ros2.cpp copies raw_force[k].fx/fy/fz,True
201,observation.state,hand_tactile_sensor_0.raw_force_41.fz,tactile sensor 0 raw distributed force raw_idx 41 fz,xhand SDK sensor_data[0].raw_force[41].fz,,"measured sensor value, unless fallback",,,,state[201]=sensor_data[0].raw_force[41].fz,,xhand.py copies SDK order; xhand_control_ros2.cpp copies raw_force[k].fx/fy/fz,True
202,observation.state,hand_tactile_sensor_0.raw_force_42.fx,tactile sensor 0 raw distributed force raw_idx 42 fx,xhand SDK sensor_data[0].raw_force[42].fx,,"measured sensor value, unless fallback",,,,state[202]=sensor_data[0].raw_force[42].fx,,xhand.py copies SDK order; xhand_control_ros2.cpp copies raw_force[k].fx/fy/fz,True
203,observation.state,hand_tactile_sensor_0.raw_force_42.fy,tactile sensor 0 raw distributed force raw_idx 42 fy,xhand SDK sensor_data[0].raw_force[42].fy,,"measured sensor value, unless fallback",,,,state[203]=sensor_data[0].raw_force[42].fy,,xhand.py copies SDK order; xhand_control_ros2.cpp copies raw_force[k].fx/fy/fz,True
204,observation.state,hand_tactile_sensor_0.raw_force_42.fz,tactile sensor 0 raw distributed force raw_idx 42 fz,xhand SDK sensor_data[0].raw_force[42].fz,,"measured sensor value, unless fallback",,,,state[204]=sensor_data[0].raw_force[42].fz,,xhand.py copies SDK order; xhand_control_ros2.cpp copies raw_force[k].fx/fy/fz,True
205,observation.state,hand_tactile_sensor_0.raw_force_43.fx,tactile sensor 0 raw distributed force raw_idx 43 fx,xhand SDK sensor_data[0].raw_force[43].fx,,"measured sensor value, unless fallback",,,,state[205]=sensor_data[0].raw_force[43].fx,,xhand.py copies SDK order; xhand_control_ros2.cpp copies raw_force[k].fx/fy/fz,True
206,observation.state,hand_tactile_sensor_0.raw_force_43.fy,tactile sensor 0 raw distributed force raw_idx 43 fy,xhand SDK sensor_data[0].raw_force[43].fy,,"measured sensor value, unless fallback",,,,state[206]=sensor_data[0].raw_force[43].fy,,xhand.py copies SDK order; xhand_control_ros2.cpp copies raw_force[k].fx/fy/fz,True
207,observation.state,hand_tactile_sensor_0.raw_force_43.fz,tactile sensor 0 raw distributed force raw_idx 43 fz,xhand SDK sensor_data[0].raw_force[43].fz,,"measured sensor value, unless fallback",,,,state[207]=sensor_data[0].raw_force[43].fz,,xhand.py copies SDK order; xhand_control_ros2.cpp copies raw_force[k].fx/fy/fz,True
208,observation.state,hand_tactile_sensor_0.raw_force_44.fx,tactile sensor 0 raw distributed force raw_idx 44 fx,xhand SDK sensor_data[0].raw_force[44].fx,,"measured sensor value, unless fallback",,,,state[208]=sensor_data[0].raw_force[44].fx,,xhand.py copies SDK order; xhand_control_ros2.cpp copies raw_force[k].fx/fy/fz,True
209,observation.state,hand_tactile_sensor_0.raw_force_44.fy,tactile sensor 0 raw distributed force raw_idx 44 fy,xhand SDK sensor_data[0].raw_force[44].fy,,"measured sensor value, unless fallback",,,,state[209]=sensor_data[0].raw_force[44].fy,,xhand.py copies SDK order; xhand_control_ros2.cpp copies raw_force[k].fx/fy/fz,True
210,observation.state,hand_tactile_sensor_0.raw_force_44.fz,tactile sensor 0 raw distributed force raw_idx 44 fz,xhand SDK sensor_data[0].raw_force[44].fz,,"measured sensor value, unless fallback",,,,state[210]=sensor_data[0].raw_force[44].fz,,xhand.py copies SDK order; xhand_control_ros2.cpp copies raw_force[k].fx/fy/fz,True
211,observation.state,hand_tactile_sensor_0.raw_force_45.fx,tactile sensor 0 raw distributed force raw_idx 45 fx,xhand SDK sensor_data[0].raw_force[45].fx,,"measured sensor value, unless fallback",,,,state[211]=sensor_data[0].raw_force[45].fx,,xhand.py copies SDK order; xhand_control_ros2.cpp copies raw_force[k].fx/fy/fz,True
212,observation.state,hand_tactile_sensor_0.raw_force_45.fy,tactile sensor 0 raw distributed force raw_idx 45 fy,xhand SDK sensor_data[0].raw_force[45].fy,,"measured sensor value, unless fallback",,,,state[212]=sensor_data[0].raw_force[45].fy,,xhand.py copies SDK order; xhand_control_ros2.cpp copies raw_force[k].fx/fy/fz,True
213,observation.state,hand_tactile_sensor_0.raw_force_45.fz,tactile sensor 0 raw distributed force raw_idx 45 fz,xhand SDK sensor_data[0].raw_force[45].fz,,"measured sensor value, unless fallback",,,,state[213]=sensor_data[0].raw_force[45].fz,,xhand.py copies SDK order; xhand_control_ros2.cpp copies raw_force[k].fx/fy/fz,True
214,observation.state,hand_tactile_sensor_0.raw_force_46.fx,tactile sensor 0 raw distributed force raw_idx 46 fx,xhand SDK sensor_data[0].raw_force[46].fx,,"measured sensor value, unless fallback",,,,state[214]=sensor_data[0].raw_force[46].fx,,xhand.py copies SDK order; xhand_control_ros2.cpp copies raw_force[k].fx/fy/fz,True
215,observation.state,hand_tactile_sensor_0.raw_force_46.fy,tactile sensor 0 raw distributed force raw_idx 46 fy,xhand SDK sensor_data[0].raw_force[46].fy,,"measured sensor value, unless fallback",,,,state[215]=sensor_data[0].raw_force[46].fy,,xhand.py copies SDK order; xhand_control_ros2.cpp copies raw_force[k].fx/fy/fz,True
216,observation.state,hand_tactile_sensor_0.raw_force_46.fz,tactile sensor 0 raw distributed force raw_idx 46 fz,xhand SDK sensor_data[0].raw_force[46].fz,,"measured sensor value, unless fallback",,,,state[216]=sensor_data[0].raw_force[46].fz,,xhand.py copies SDK order; xhand_control_ros2.cpp copies raw_force[k].fx/fy/fz,True
217,observation.state,hand_tactile_sensor_0.raw_force_47.fx,tactile sensor 0 raw distributed force raw_idx 47 fx,xhand SDK sensor_data[0].raw_force[47].fx,,"measured sensor value, unless fallback",,,,state[217]=sensor_data[0].raw_force[47].fx,,xhand.py copies SDK order; xhand_control_ros2.cpp copies raw_force[k].fx/fy/fz,True
218,observation.state,hand_tactile_sensor_0.raw_force_47.fy,tactile sensor 0 raw distributed force raw_idx 47 fy,xhand SDK sensor_data[0].raw_force[47].fy,,"measured sensor value, unless fallback",,,,state[218]=sensor_data[0].raw_force[47].fy,,xhand.py copies SDK order; xhand_control_ros2.cpp copies raw_force[k].fx/fy/fz,True
219,observation.state,hand_tactile_sensor_0.raw_force_47.fz,tactile sensor 0 raw distributed force raw_idx 47 fz,xhand SDK sensor_data[0].raw_force[47].fz,,"measured sensor value, unless fallback",,,,state[219]=sensor_data[0].raw_force[47].fz,,xhand.py copies SDK order; xhand_control_ros2.cpp copies raw_force[k].fx/fy/fz,True
220,observation.state,hand_tactile_sensor_0.raw_force_48.fx,tactile sensor 0 raw distributed force raw_idx 48 fx,xhand SDK sensor_data[0].raw_force[48].fx,,"measured sensor value, unless fallback",,,,state[220]=sensor_data[0].raw_force[48].fx,,xhand.py copies SDK order; xhand_control_ros2.cpp copies raw_force[k].fx/fy/fz,True
221,observation.state,hand_tactile_sensor_0.raw_force_48.fy,tactile sensor 0 raw distributed force raw_idx 48 fy,xhand SDK sensor_data[0].raw_force[48].fy,,"measured sensor value, unless fallback",,,,state[221]=sensor_data[0].raw_force[48].fy,,xhand.py copies SDK order; xhand_control_ros2.cpp copies raw_force[k].fx/fy/fz,True
222,observation.state,hand_tactile_sensor_0.raw_force_48.fz,tactile sensor 0 raw distributed force raw_idx 48 fz,xhand SDK sensor_data[0].raw_force[48].fz,,"measured sensor value, unless fallback",,,,state[222]=sensor_data[0].raw_force[48].fz,,xhand.py copies SDK order; xhand_control_ros2.cpp copies raw_force[k].fx/fy/fz,True
223,observation.state,hand_tactile_sensor_0.raw_force_49.fx,tactile sensor 0 raw distributed force raw_idx 49 fx,xhand SDK sensor_data[0].raw_force[49].fx,,"measured sensor value, unless fallback",,,,state[223]=sensor_data[0].raw_force[49].fx,,xhand.py copies SDK order; xhand_control_ros2.cpp copies raw_force[k].fx/fy/fz,True
224,observation.state,hand_tactile_sensor_0.raw_force_49.fy,tactile sensor 0 raw distributed force raw_idx 49 fy,xhand SDK sensor_data[0].raw_force[49].fy,,"measured sensor value, unless fallback",,,,state[224]=sensor_data[0].raw_force[49].fy,,xhand.py copies SDK order; xhand_control_ros2.cpp copies raw_force[k].fx/fy/fz,True
225,observation.state,hand_tactile_sensor_0.raw_force_49.fz,tactile sensor 0 raw distributed force raw_idx 49 fz,xhand SDK sensor_data[0].raw_force[49].fz,,"measured sensor value, unless fallback",,,,state[225]=sensor_data[0].raw_force[49].fz,,xhand.py copies SDK order; xhand_control_ros2.cpp copies raw_force[k].fx/fy/fz,True
226,observation.state,hand_tactile_sensor_0.raw_force_50.fx,tactile sensor 0 raw distributed force raw_idx 50 fx,xhand SDK sensor_data[0].raw_force[50].fx,,"measured sensor value, unless fallback",,,,state[226]=sensor_data[0].raw_force[50].fx,,xhand.py copies SDK order; xhand_control_ros2.cpp copies raw_force[k].fx/fy/fz,True
227,observation.state,hand_tactile_sensor_0.raw_force_50.fy,tactile sensor 0 raw distributed force raw_idx 50 fy,xhand SDK sensor_data[0].raw_force[50].fy,,"measured sensor value, unless fallback",,,,state[227]=sensor_data[0].raw_force[50].fy,,xhand.py copies SDK order; xhand_control_ros2.cpp copies raw_force[k].fx/fy/fz,True
228,observation.state,hand_tactile_sensor_0.raw_force_50.fz,tactile sensor 0 raw distributed force raw_idx 50 fz,xhand SDK sensor_data[0].raw_force[50].fz,,"measured sensor value, unless fallback",,,,state[228]=sensor_data[0].raw_force[50].fz,,xhand.py copies SDK order; xhand_control_ros2.cpp copies raw_force[k].fx/fy/fz,True
229,observation.state,hand_tactile_sensor_0.raw_force_51.fx,tactile sensor 0 raw distributed force raw_idx 51 fx,xhand SDK sensor_data[0].raw_force[51].fx,,"measured sensor value, unless fallback",,,,state[229]=sensor_data[0].raw_force[51].fx,,xhand.py copies SDK order; xhand_control_ros2.cpp copies raw_force[k].fx/fy/fz,True
230,observation.state,hand_tactile_sensor_0.raw_force_51.fy,tactile sensor 0 raw distributed force raw_idx 51 fy,xhand SDK sensor_data[0].raw_force[51].fy,,"measured sensor value, unless fallback",,,,state[230]=sensor_data[0].raw_force[51].fy,,xhand.py copies SDK order; xhand_control_ros2.cpp copies raw_force[k].fx/fy/fz,True
231,observation.state,hand_tactile_sensor_0.raw_force_51.fz,tactile sensor 0 raw distributed force raw_idx 51 fz,xhand SDK sensor_data[0].raw_force[51].fz,,"measured sensor value, unless fallback",,,,state[231]=sensor_data[0].raw_force[51].fz,,xhand.py copies SDK order; xhand_control_ros2.cpp copies raw_force[k].fx/fy/fz,True
232,observation.state,hand_tactile_sensor_0.raw_force_52.fx,tactile sensor 0 raw distributed force raw_idx 52 fx,xhand SDK sensor_data[0].raw_force[52].fx,,"measured sensor value, unless fallback",,,,state[232]=sensor_data[0].raw_force[52].fx,,xhand.py copies SDK order; xhand_control_ros2.cpp copies raw_force[k].fx/fy/fz,True
233,observation.state,hand_tactile_sensor_0.raw_force_52.fy,tactile sensor 0 raw distributed force raw_idx 52 fy,xhand SDK sensor_data[0].raw_force[52].fy,,"measured sensor value, unless fallback",,,,state[233]=sensor_data[0].raw_force[52].fy,,xhand.py copies SDK order; xhand_control_ros2.cpp copies raw_force[k].fx/fy/fz,True
234,observation.state,hand_tactile_sensor_0.raw_force_52.fz,tactile sensor 0 raw distributed force raw_idx 52 fz,xhand SDK sensor_data[0].raw_force[52].fz,,"measured sensor value, unless fallback",,,,state[234]=sensor_data[0].raw_force[52].fz,,xhand.py copies SDK order; xhand_control_ros2.cpp copies raw_force[k].fx/fy/fz,True
235,observation.state,hand_tactile_sensor_0.raw_force_53.fx,tactile sensor 0 raw distributed force raw_idx 53 fx,xhand SDK sensor_data[0].raw_force[53].fx,,"measured sensor value, unless fallback",,,,state[235]=sensor_data[0].raw_force[53].fx,,xhand.py copies SDK order; xhand_control_ros2.cpp copies raw_force[k].fx/fy/fz,True
236,observation.state,hand_tactile_sensor_0.raw_force_53.fy,tactile sensor 0 raw distributed force raw_idx 53 fy,xhand SDK sensor_data[0].raw_force[53].fy,,"measured sensor value, unless fallback",,,,state[236]=sensor_data[0].raw_force[53].fy,,xhand.py copies SDK order; xhand_control_ros2.cpp copies raw_force[k].fx/fy/fz,True
237,observation.state,hand_tactile_sensor_0.raw_force_53.fz,tactile sensor 0 raw distributed force raw_idx 53 fz,xhand SDK sensor_data[0].raw_force[53].fz,,"measured sensor value, unless fallback",,,,state[237]=sensor_data[0].raw_force[53].fz,,xhand.py copies SDK order; xhand_control_ros2.cpp copies raw_force[k].fx/fy/fz,True
238,observation.state,hand_tactile_sensor_0.raw_force_54.fx,tactile sensor 0 raw distributed force raw_idx 54 fx,xhand SDK sensor_data[0].raw_force[54].fx,,"measured sensor value, unless fallback",,,,state[238]=sensor_data[0].raw_force[54].fx,,xhand.py copies SDK order; xhand_control_ros2.cpp copies raw_force[k].fx/fy/fz,True
239,observation.state,hand_tactile_sensor_0.raw_force_54.fy,tactile sensor 0 raw distributed force raw_idx 54 fy,xhand SDK sensor_data[0].raw_force[54].fy,,"measured sensor value, unless fallback",,,,state[239]=sensor_data[0].raw_force[54].fy,,xhand.py copies SDK order; xhand_control_ros2.cpp copies raw_force[k].fx/fy/fz,True
240,observation.state,hand_tactile_sensor_0.raw_force_54.fz,tactile sensor 0 raw distributed force raw_idx 54 fz,xhand SDK sensor_data[0].raw_force[54].fz,,"measured sensor value, unless fallback",,,,state[240]=sensor_data[0].raw_force[54].fz,,xhand.py copies SDK order; xhand_control_ros2.cpp copies raw_force[k].fx/fy/fz,True
241,observation.state,hand_tactile_sensor_0.raw_force_55.fx,tactile sensor 0 raw distributed force raw_idx 55 fx,xhand SDK sensor_data[0].raw_force[55].fx,,"measured sensor value, unless fallback",,,,state[241]=sensor_data[0].raw_force[55].fx,,xhand.py copies SDK order; xhand_control_ros2.cpp copies raw_force[k].fx/fy/fz,True
242,observation.state,hand_tactile_sensor_0.raw_force_55.fy,tactile sensor 0 raw distributed force raw_idx 55 fy,xhand SDK sensor_data[0].raw_force[55].fy,,"measured sensor value, unless fallback",,,,state[242]=sensor_data[0].raw_force[55].fy,,xhand.py copies SDK order; xhand_control_ros2.cpp copies raw_force[k].fx/fy/fz,True
243,observation.state,hand_tactile_sensor_0.raw_force_55.fz,tactile sensor 0 raw distributed force raw_idx 55 fz,xhand SDK sensor_data[0].raw_force[55].fz,,"measured sensor value, unless fallback",,,,state[243]=sensor_data[0].raw_force[55].fz,,xhand.py copies SDK order; xhand_control_ros2.cpp copies raw_force[k].fx/fy/fz,True
244,observation.state,hand_tactile_sensor_0.raw_force_56.fx,tactile sensor 0 raw distributed force raw_idx 56 fx,xhand SDK sensor_data[0].raw_force[56].fx,,"measured sensor value, unless fallback",,,,state[244]=sensor_data[0].raw_force[56].fx,,xhand.py copies SDK order; xhand_control_ros2.cpp copies raw_force[k].fx/fy/fz,True
245,observation.state,hand_tactile_sensor_0.raw_force_56.fy,tactile sensor 0 raw distributed force raw_idx 56 fy,xhand SDK sensor_data[0].raw_force[56].fy,,"measured sensor value, unless fallback",,,,state[245]=sensor_data[0].raw_force[56].fy,,xhand.py copies SDK order; xhand_control_ros2.cpp copies raw_force[k].fx/fy/fz,True
246,observation.state,hand_tactile_sensor_0.raw_force_56.fz,tactile sensor 0 raw distributed force raw_idx 56 fz,xhand SDK sensor_data[0].raw_force[56].fz,,"measured sensor value, unless fallback",,,,state[246]=sensor_data[0].raw_force[56].fz,,xhand.py copies SDK order; xhand_control_ros2.cpp copies raw_force[k].fx/fy/fz,True
247,observation.state,hand_tactile_sensor_0.raw_force_57.fx,tactile sensor 0 raw distributed force raw_idx 57 fx,xhand SDK sensor_data[0].raw_force[57].fx,,"measured sensor value, unless fallback",,,,state[247]=sensor_data[0].raw_force[57].fx,,xhand.py copies SDK order; xhand_control_ros2.cpp copies raw_force[k].fx/fy/fz,True
248,observation.state,hand_tactile_sensor_0.raw_force_57.fy,tactile sensor 0 raw distributed force raw_idx 57 fy,xhand SDK sensor_data[0].raw_force[57].fy,,"measured sensor value, unless fallback",,,,state[248]=sensor_data[0].raw_force[57].fy,,xhand.py copies SDK order; xhand_control_ros2.cpp copies raw_force[k].fx/fy/fz,True
249,observation.state,hand_tactile_sensor_0.raw_force_57.fz,tactile sensor 0 raw distributed force raw_idx 57 fz,xhand SDK sensor_data[0].raw_force[57].fz,,"measured sensor value, unless fallback",,,,state[249]=sensor_data[0].raw_force[57].fz,,xhand.py copies SDK order; xhand_control_ros2.cpp copies raw_force[k].fx/fy/fz,True
250,observation.state,hand_tactile_sensor_0.raw_force_58.fx,tactile sensor 0 raw distributed force raw_idx 58 fx,xhand SDK sensor_data[0].raw_force[58].fx,,"measured sensor value, unless fallback",,,,state[250]=sensor_data[0].raw_force[58].fx,,xhand.py copies SDK order; xhand_control_ros2.cpp copies raw_force[k].fx/fy/fz,True
251,observation.state,hand_tactile_sensor_0.raw_force_58.fy,tactile sensor 0 raw distributed force raw_idx 58 fy,xhand SDK sensor_data[0].raw_force[58].fy,,"measured sensor value, unless fallback",,,,state[251]=sensor_data[0].raw_force[58].fy,,xhand.py copies SDK order; xhand_control_ros2.cpp copies raw_force[k].fx/fy/fz,True
252,observation.state,hand_tactile_sensor_0.raw_force_58.fz,tactile sensor 0 raw distributed force raw_idx 58 fz,xhand SDK sensor_data[0].raw_force[58].fz,,"measured sensor value, unless fallback",,,,state[252]=sensor_data[0].raw_force[58].fz,,xhand.py copies SDK order; xhand_control_ros2.cpp copies raw_force[k].fx/fy/fz,True
253,observation.state,hand_tactile_sensor_0.raw_force_59.fx,tactile sensor 0 raw distributed force raw_idx 59 fx,xhand SDK sensor_data[0].raw_force[59].fx,,"measured sensor value, unless fallback",,,,state[253]=sensor_data[0].raw_force[59].fx,,xhand.py copies SDK order; xhand_control_ros2.cpp copies raw_force[k].fx/fy/fz,True
254,observation.state,hand_tactile_sensor_0.raw_force_59.fy,tactile sensor 0 raw distributed force raw_idx 59 fy,xhand SDK sensor_data[0].raw_force[59].fy,,"measured sensor value, unless fallback",,,,state[254]=sensor_data[0].raw_force[59].fy,,xhand.py copies SDK order; xhand_control_ros2.cpp copies raw_force[k].fx/fy/fz,True
255,observation.state,hand_tactile_sensor_0.raw_force_59.fz,tactile sensor 0 raw distributed force raw_idx 59 fz,xhand SDK sensor_data[0].raw_force[59].fz,,"measured sensor value, unless fallback",,,,state[255]=sensor_data[0].raw_force[59].fz,,xhand.py copies SDK order; xhand_control_ros2.cpp copies raw_force[k].fx/fy/fz,True
256,observation.state,hand_tactile_sensor_0.raw_force_60.fx,tactile sensor 0 raw distributed force raw_idx 60 fx,xhand SDK sensor_data[0].raw_force[60].fx,,"measured sensor value, unless fallback",,,,state[256]=sensor_data[0].raw_force[60].fx,,xhand.py copies SDK order; xhand_control_ros2.cpp copies raw_force[k].fx/fy/fz,True
257,observation.state,hand_tactile_sensor_0.raw_force_60.fy,tactile sensor 0 raw distributed force raw_idx 60 fy,xhand SDK sensor_data[0].raw_force[60].fy,,"measured sensor value, unless fallback",,,,state[257]=sensor_data[0].raw_force[60].fy,,xhand.py copies SDK order; xhand_control_ros2.cpp copies raw_force[k].fx/fy/fz,True
258,observation.state,hand_tactile_sensor_0.raw_force_60.fz,tactile sensor 0 raw distributed force raw_idx 60 fz,xhand SDK sensor_data[0].raw_force[60].fz,,"measured sensor value, unless fallback",,,,state[258]=sensor_data[0].raw_force[60].fz,,xhand.py copies SDK order; xhand_control_ros2.cpp copies raw_force[k].fx/fy/fz,True
259,observation.state,hand_tactile_sensor_0.raw_force_61.fx,tactile sensor 0 raw distributed force raw_idx 61 fx,xhand SDK sensor_data[0].raw_force[61].fx,,"measured sensor value, unless fallback",,,,state[259]=sensor_data[0].raw_force[61].fx,,xhand.py copies SDK order; xhand_control_ros2.cpp copies raw_force[k].fx/fy/fz,True
260,observation.state,hand_tactile_sensor_0.raw_force_61.fy,tactile sensor 0 raw distributed force raw_idx 61 fy,xhand SDK sensor_data[0].raw_force[61].fy,,"measured sensor value, unless fallback",,,,state[260]=sensor_data[0].raw_force[61].fy,,xhand.py copies SDK order; xhand_control_ros2.cpp copies raw_force[k].fx/fy/fz,True
261,observation.state,hand_tactile_sensor_0.raw_force_61.fz,tactile sensor 0 raw distributed force raw_idx 61 fz,xhand SDK sensor_data[0].raw_force[61].fz,,"measured sensor value, unless fallback",,,,state[261]=sensor_data[0].raw_force[61].fz,,xhand.py copies SDK order; xhand_control_ros2.cpp copies raw_force[k].fx/fy/fz,True
262,observation.state,hand_tactile_sensor_0.raw_force_62.fx,tactile sensor 0 raw distributed force raw_idx 62 fx,xhand SDK sensor_data[0].raw_force[62].fx,,"measured sensor value, unless fallback",,,,state[262]=sensor_data[0].raw_force[62].fx,,xhand.py copies SDK order; xhand_control_ros2.cpp copies raw_force[k].fx/fy/fz,True
263,observation.state,hand_tactile_sensor_0.raw_force_62.fy,tactile sensor 0 raw distributed force raw_idx 62 fy,xhand SDK sensor_data[0].raw_force[62].fy,,"measured sensor value, unless fallback",,,,state[263]=sensor_data[0].raw_force[62].fy,,xhand.py copies SDK order; xhand_control_ros2.cpp copies raw_force[k].fx/fy/fz,True
264,observation.state,hand_tactile_sensor_0.raw_force_62.fz,tactile sensor 0 raw distributed force raw_idx 62 fz,xhand SDK sensor_data[0].raw_force[62].fz,,"measured sensor value, unless fallback",,,,state[264]=sensor_data[0].raw_force[62].fz,,xhand.py copies SDK order; xhand_control_ros2.cpp copies raw_force[k].fx/fy/fz,True
265,observation.state,hand_tactile_sensor_0.raw_force_63.fx,tactile sensor 0 raw distributed force raw_idx 63 fx,xhand SDK sensor_data[0].raw_force[63].fx,,"measured sensor value, unless fallback",,,,state[265]=sensor_data[0].raw_force[63].fx,,xhand.py copies SDK order; xhand_control_ros2.cpp copies raw_force[k].fx/fy/fz,True
266,observation.state,hand_tactile_sensor_0.raw_force_63.fy,tactile sensor 0 raw distributed force raw_idx 63 fy,xhand SDK sensor_data[0].raw_force[63].fy,,"measured sensor value, unless fallback",,,,state[266]=sensor_data[0].raw_force[63].fy,,xhand.py copies SDK order; xhand_control_ros2.cpp copies raw_force[k].fx/fy/fz,True
267,observation.state,hand_tactile_sensor_0.raw_force_63.fz,tactile sensor 0 raw distributed force raw_idx 63 fz,xhand SDK sensor_data[0].raw_force[63].fz,,"measured sensor value, unless fallback",,,,state[267]=sensor_data[0].raw_force[63].fz,,xhand.py copies SDK order; xhand_control_ros2.cpp copies raw_force[k].fx/fy/fz,True
268,observation.state,hand_tactile_sensor_0.raw_force_64.fx,tactile sensor 0 raw distributed force raw_idx 64 fx,xhand SDK sensor_data[0].raw_force[64].fx,,"measured sensor value, unless fallback",,,,state[268]=sensor_data[0].raw_force[64].fx,,xhand.py copies SDK order; xhand_control_ros2.cpp copies raw_force[k].fx/fy/fz,True
269,observation.state,hand_tactile_sensor_0.raw_force_64.fy,tactile sensor 0 raw distributed force raw_idx 64 fy,xhand SDK sensor_data[0].raw_force[64].fy,,"measured sensor value, unless fallback",,,,state[269]=sensor_data[0].raw_force[64].fy,,xhand.py copies SDK order; xhand_control_ros2.cpp copies raw_force[k].fx/fy/fz,True
270,observation.state,hand_tactile_sensor_0.raw_force_64.fz,tactile sensor 0 raw distributed force raw_idx 64 fz,xhand SDK sensor_data[0].raw_force[64].fz,,"measured sensor value, unless fallback",,,,state[270]=sensor_data[0].raw_force[64].fz,,xhand.py copies SDK order; xhand_control_ros2.cpp copies raw_force[k].fx/fy/fz,True
271,observation.state,hand_tactile_sensor_0.raw_force_65.fx,tactile sensor 0 raw distributed force raw_idx 65 fx,xhand SDK sensor_data[0].raw_force[65].fx,,"measured sensor value, unless fallback",,,,state[271]=sensor_data[0].raw_force[65].fx,,xhand.py copies SDK order; xhand_control_ros2.cpp copies raw_force[k].fx/fy/fz,True
272,observation.state,hand_tactile_sensor_0.raw_force_65.fy,tactile sensor 0 raw distributed force raw_idx 65 fy,xhand SDK sensor_data[0].raw_force[65].fy,,"measured sensor value, unless fallback",,,,state[272]=sensor_data[0].raw_force[65].fy,,xhand.py copies SDK order; xhand_control_ros2.cpp copies raw_force[k].fx/fy/fz,True
273,observation.state,hand_tactile_sensor_0.raw_force_65.fz,tactile sensor 0 raw distributed force raw_idx 65 fz,xhand SDK sensor_data[0].raw_force[65].fz,,"measured sensor value, unless fallback",,,,state[273]=sensor_data[0].raw_force[65].fz,,xhand.py copies SDK order; xhand_control_ros2.cpp copies raw_force[k].fx/fy/fz,True
274,observation.state,hand_tactile_sensor_0.raw_force_66.fx,tactile sensor 0 raw distributed force raw_idx 66 fx,xhand SDK sensor_data[0].raw_force[66].fx,,"measured sensor value, unless fallback",,,,state[274]=sensor_data[0].raw_force[66].fx,,xhand.py copies SDK order; xhand_control_ros2.cpp copies raw_force[k].fx/fy/fz,True
275,observation.state,hand_tactile_sensor_0.raw_force_66.fy,tactile sensor 0 raw distributed force raw_idx 66 fy,xhand SDK sensor_data[0].raw_force[66].fy,,"measured sensor value, unless fallback",,,,state[275]=sensor_data[0].raw_force[66].fy,,xhand.py copies SDK order; xhand_control_ros2.cpp copies raw_force[k].fx/fy/fz,True
276,observation.state,hand_tactile_sensor_0.raw_force_66.fz,tactile sensor 0 raw distributed force raw_idx 66 fz,xhand SDK sensor_data[0].raw_force[66].fz,,"measured sensor value, unless fallback",,,,state[276]=sensor_data[0].raw_force[66].fz,,xhand.py copies SDK order; xhand_control_ros2.cpp copies raw_force[k].fx/fy/fz,True
277,observation.state,hand_tactile_sensor_0.raw_force_67.fx,tactile sensor 0 raw distributed force raw_idx 67 fx,xhand SDK sensor_data[0].raw_force[67].fx,,"measured sensor value, unless fallback",,,,state[277]=sensor_data[0].raw_force[67].fx,,xhand.py copies SDK order; xhand_control_ros2.cpp copies raw_force[k].fx/fy/fz,True
278,observation.state,hand_tactile_sensor_0.raw_force_67.fy,tactile sensor 0 raw distributed force raw_idx 67 fy,xhand SDK sensor_data[0].raw_force[67].fy,,"measured sensor value, unless fallback",,,,state[278]=sensor_data[0].raw_force[67].fy,,xhand.py copies SDK order; xhand_control_ros2.cpp copies raw_force[k].fx/fy/fz,True
279,observation.state,hand_tactile_sensor_0.raw_force_67.fz,tactile sensor 0 raw distributed force raw_idx 67 fz,xhand SDK sensor_data[0].raw_force[67].fz,,"measured sensor value, unless fallback",,,,state[279]=sensor_data[0].raw_force[67].fz,,xhand.py copies SDK order; xhand_control_ros2.cpp copies raw_force[k].fx/fy/fz,True
280,observation.state,hand_tactile_sensor_0.raw_force_68.fx,tactile sensor 0 raw distributed force raw_idx 68 fx,xhand SDK sensor_data[0].raw_force[68].fx,,"measured sensor value, unless fallback",,,,state[280]=sensor_data[0].raw_force[68].fx,,xhand.py copies SDK order; xhand_control_ros2.cpp copies raw_force[k].fx/fy/fz,True
281,observation.state,hand_tactile_sensor_0.raw_force_68.fy,tactile sensor 0 raw distributed force raw_idx 68 fy,xhand SDK sensor_data[0].raw_force[68].fy,,"measured sensor value, unless fallback",,,,state[281]=sensor_data[0].raw_force[68].fy,,xhand.py copies SDK order; xhand_control_ros2.cpp copies raw_force[k].fx/fy/fz,True
282,observation.state,hand_tactile_sensor_0.raw_force_68.fz,tactile sensor 0 raw distributed force raw_idx 68 fz,xhand SDK sensor_data[0].raw_force[68].fz,,"measured sensor value, unless fallback",,,,state[282]=sensor_data[0].raw_force[68].fz,,xhand.py copies SDK order; xhand_control_ros2.cpp copies raw_force[k].fx/fy/fz,True
283,observation.state,hand_tactile_sensor_0.raw_force_69.fx,tactile sensor 0 raw distributed force raw_idx 69 fx,xhand SDK sensor_data[0].raw_force[69].fx,,"measured sensor value, unless fallback",,,,state[283]=sensor_data[0].raw_force[69].fx,,xhand.py copies SDK order; xhand_control_ros2.cpp copies raw_force[k].fx/fy/fz,True
284,observation.state,hand_tactile_sensor_0.raw_force_69.fy,tactile sensor 0 raw distributed force raw_idx 69 fy,xhand SDK sensor_data[0].raw_force[69].fy,,"measured sensor value, unless fallback",,,,state[284]=sensor_data[0].raw_force[69].fy,,xhand.py copies SDK order; xhand_control_ros2.cpp copies raw_force[k].fx/fy/fz,True
285,observation.state,hand_tactile_sensor_0.raw_force_69.fz,tactile sensor 0 raw distributed force raw_idx 69 fz,xhand SDK sensor_data[0].raw_force[69].fz,,"measured sensor value, unless fallback",,,,state[285]=sensor_data[0].raw_force[69].fz,,xhand.py copies SDK order; xhand_control_ros2.cpp copies raw_force[k].fx/fy/fz,True
286,observation.state,hand_tactile_sensor_0.raw_force_70.fx,tactile sensor 0 raw distributed force raw_idx 70 fx,xhand SDK sensor_data[0].raw_force[70].fx,,"measured sensor value, unless fallback",,,,state[286]=sensor_data[0].raw_force[70].fx,,xhand.py copies SDK order; xhand_control_ros2.cpp copies raw_force[k].fx/fy/fz,True
287,observation.state,hand_tactile_sensor_0.raw_force_70.fy,tactile sensor 0 raw distributed force raw_idx 70 fy,xhand SDK sensor_data[0].raw_force[70].fy,,"measured sensor value, unless fallback",,,,state[287]=sensor_data[0].raw_force[70].fy,,xhand.py copies SDK order; xhand_control_ros2.cpp copies raw_force[k].fx/fy/fz,True
288,observation.state,hand_tactile_sensor_0.raw_force_70.fz,tactile sensor 0 raw distributed force raw_idx 70 fz,xhand SDK sensor_data[0].raw_force[70].fz,,"measured sensor value, unless fallback",,,,state[288]=sensor_data[0].raw_force[70].fz,,xhand.py copies SDK order; xhand_control_ros2.cpp copies raw_force[k].fx/fy/fz,True
289,observation.state,hand_tactile_sensor_0.raw_force_71.fx,tactile sensor 0 raw distributed force raw_idx 71 fx,xhand SDK sensor_data[0].raw_force[71].fx,,"measured sensor value, unless fallback",,,,state[289]=sensor_data[0].raw_force[71].fx,,xhand.py copies SDK order; xhand_control_ros2.cpp copies raw_force[k].fx/fy/fz,True
290,observation.state,hand_tactile_sensor_0.raw_force_71.fy,tactile sensor 0 raw distributed force raw_idx 71 fy,xhand SDK sensor_data[0].raw_force[71].fy,,"measured sensor value, unless fallback",,,,state[290]=sensor_data[0].raw_force[71].fy,,xhand.py copies SDK order; xhand_control_ros2.cpp copies raw_force[k].fx/fy/fz,True
291,observation.state,hand_tactile_sensor_0.raw_force_71.fz,tactile sensor 0 raw distributed force raw_idx 71 fz,xhand SDK sensor_data[0].raw_force[71].fz,,"measured sensor value, unless fallback",,,,state[291]=sensor_data[0].raw_force[71].fz,,xhand.py copies SDK order; xhand_control_ros2.cpp copies raw_force[k].fx/fy/fz,True
292,observation.state,hand_tactile_sensor_0.raw_force_72.fx,tactile sensor 0 raw distributed force raw_idx 72 fx,xhand SDK sensor_data[0].raw_force[72].fx,,"measured sensor value, unless fallback",,,,state[292]=sensor_data[0].raw_force[72].fx,,xhand.py copies SDK order; xhand_control_ros2.cpp copies raw_force[k].fx/fy/fz,True
293,observation.state,hand_tactile_sensor_0.raw_force_72.fy,tactile sensor 0 raw distributed force raw_idx 72 fy,xhand SDK sensor_data[0].raw_force[72].fy,,"measured sensor value, unless fallback",,,,state[293]=sensor_data[0].raw_force[72].fy,,xhand.py copies SDK order; xhand_control_ros2.cpp copies raw_force[k].fx/fy/fz,True
294,observation.state,hand_tactile_sensor_0.raw_force_72.fz,tactile sensor 0 raw distributed force raw_idx 72 fz,xhand SDK sensor_data[0].raw_force[72].fz,,"measured sensor value, unless fallback",,,,state[294]=sensor_data[0].raw_force[72].fz,,xhand.py copies SDK order; xhand_control_ros2.cpp copies raw_force[k].fx/fy/fz,True
295,observation.state,hand_tactile_sensor_0.raw_force_73.fx,tactile sensor 0 raw distributed force raw_idx 73 fx,xhand SDK sensor_data[0].raw_force[73].fx,,"measured sensor value, unless fallback",,,,state[295]=sensor_data[0].raw_force[73].fx,,xhand.py copies SDK order; xhand_control_ros2.cpp copies raw_force[k].fx/fy/fz,True
296,observation.state,hand_tactile_sensor_0.raw_force_73.fy,tactile sensor 0 raw distributed force raw_idx 73 fy,xhand SDK sensor_data[0].raw_force[73].fy,,"measured sensor value, unless fallback",,,,state[296]=sensor_data[0].raw_force[73].fy,,xhand.py copies SDK order; xhand_control_ros2.cpp copies raw_force[k].fx/fy/fz,True
297,observation.state,hand_tactile_sensor_0.raw_force_73.fz,tactile sensor 0 raw distributed force raw_idx 73 fz,xhand SDK sensor_data[0].raw_force[73].fz,,"measured sensor value, unless fallback",,,,state[297]=sensor_data[0].raw_force[73].fz,,xhand.py copies SDK order; xhand_control_ros2.cpp copies raw_force[k].fx/fy/fz,True
298,observation.state,hand_tactile_sensor_0.raw_force_74.fx,tactile sensor 0 raw distributed force raw_idx 74 fx,xhand SDK sensor_data[0].raw_force[74].fx,,"measured sensor value, unless fallback",,,,state[298]=sensor_data[0].raw_force[74].fx,,xhand.py copies SDK order; xhand_control_ros2.cpp copies raw_force[k].fx/fy/fz,True
299,observation.state,hand_tactile_sensor_0.raw_force_74.fy,tactile sensor 0 raw distributed force raw_idx 74 fy,xhand SDK sensor_data[0].raw_force[74].fy,,"measured sensor value, unless fallback",,,,state[299]=sensor_data[0].raw_force[74].fy,,xhand.py copies SDK order; xhand_control_ros2.cpp copies raw_force[k].fx/fy/fz,True
300,observation.state,hand_tactile_sensor_0.raw_force_74.fz,tactile sensor 0 raw distributed force raw_idx 74 fz,xhand SDK sensor_data[0].raw_force[74].fz,,"measured sensor value, unless fallback",,,,state[300]=sensor_data[0].raw_force[74].fz,,xhand.py copies SDK order; xhand_control_ros2.cpp copies raw_force[k].fx/fy/fz,True
301,observation.state,hand_tactile_sensor_0.raw_force_75.fx,tactile sensor 0 raw distributed force raw_idx 75 fx,xhand SDK sensor_data[0].raw_force[75].fx,,"measured sensor value, unless fallback",,,,state[301]=sensor_data[0].raw_force[75].fx,,xhand.py copies SDK order; xhand_control_ros2.cpp copies raw_force[k].fx/fy/fz,True
302,observation.state,hand_tactile_sensor_0.raw_force_75.fy,tactile sensor 0 raw distributed force raw_idx 75 fy,xhand SDK sensor_data[0].raw_force[75].fy,,"measured sensor value, unless fallback",,,,state[302]=sensor_data[0].raw_force[75].fy,,xhand.py copies SDK order; xhand_control_ros2.cpp copies raw_force[k].fx/fy/fz,True
303,observation.state,hand_tactile_sensor_0.raw_force_75.fz,tactile sensor 0 raw distributed force raw_idx 75 fz,xhand SDK sensor_data[0].raw_force[75].fz,,"measured sensor value, unless fallback",,,,state[303]=sensor_data[0].raw_force[75].fz,,xhand.py copies SDK order; xhand_control_ros2.cpp copies raw_force[k].fx/fy/fz,True
304,observation.state,hand_tactile_sensor_0.raw_force_76.fx,tactile sensor 0 raw distributed force raw_idx 76 fx,xhand SDK sensor_data[0].raw_force[76].fx,,"measured sensor value, unless fallback",,,,state[304]=sensor_data[0].raw_force[76].fx,,xhand.py copies SDK order; xhand_control_ros2.cpp copies raw_force[k].fx/fy/fz,True
305,observation.state,hand_tactile_sensor_0.raw_force_76.fy,tactile sensor 0 raw distributed force raw_idx 76 fy,xhand SDK sensor_data[0].raw_force[76].fy,,"measured sensor value, unless fallback",,,,state[305]=sensor_data[0].raw_force[76].fy,,xhand.py copies SDK order; xhand_control_ros2.cpp copies raw_force[k].fx/fy/fz,True
306,observation.state,hand_tactile_sensor_0.raw_force_76.fz,tactile sensor 0 raw distributed force raw_idx 76 fz,xhand SDK sensor_data[0].raw_force[76].fz,,"measured sensor value, unless fallback",,,,state[306]=sensor_data[0].raw_force[76].fz,,xhand.py copies SDK order; xhand_control_ros2.cpp copies raw_force[k].fx/fy/fz,True
307,observation.state,hand_tactile_sensor_0.raw_force_77.fx,tactile sensor 0 raw distributed force raw_idx 77 fx,xhand SDK sensor_data[0].raw_force[77].fx,,"measured sensor value, unless fallback",,,,state[307]=sensor_data[0].raw_force[77].fx,,xhand.py copies SDK order; xhand_control_ros2.cpp copies raw_force[k].fx/fy/fz,True
308,observation.state,hand_tactile_sensor_0.raw_force_77.fy,tactile sensor 0 raw distributed force raw_idx 77 fy,xhand SDK sensor_data[0].raw_force[77].fy,,"measured sensor value, unless fallback",,,,state[308]=sensor_data[0].raw_force[77].fy,,xhand.py copies SDK order; xhand_control_ros2.cpp copies raw_force[k].fx/fy/fz,True
309,observation.state,hand_tactile_sensor_0.raw_force_77.fz,tactile sensor 0 raw distributed force raw_idx 77 fz,xhand SDK sensor_data[0].raw_force[77].fz,,"measured sensor value, unless fallback",,,,state[309]=sensor_data[0].raw_force[77].fz,,xhand.py copies SDK order; xhand_control_ros2.cpp copies raw_force[k].fx/fy/fz,True
310,observation.state,hand_tactile_sensor_0.raw_force_78.fx,tactile sensor 0 raw distributed force raw_idx 78 fx,xhand SDK sensor_data[0].raw_force[78].fx,,"measured sensor value, unless fallback",,,,state[310]=sensor_data[0].raw_force[78].fx,,xhand.py copies SDK order; xhand_control_ros2.cpp copies raw_force[k].fx/fy/fz,True
311,observation.state,hand_tactile_sensor_0.raw_force_78.fy,tactile sensor 0 raw distributed force raw_idx 78 fy,xhand SDK sensor_data[0].raw_force[78].fy,,"measured sensor value, unless fallback",,,,state[311]=sensor_data[0].raw_force[78].fy,,xhand.py copies SDK order; xhand_control_ros2.cpp copies raw_force[k].fx/fy/fz,True
312,observation.state,hand_tactile_sensor_0.raw_force_78.fz,tactile sensor 0 raw distributed force raw_idx 78 fz,xhand SDK sensor_data[0].raw_force[78].fz,,"measured sensor value, unless fallback",,,,state[312]=sensor_data[0].raw_force[78].fz,,xhand.py copies SDK order; xhand_control_ros2.cpp copies raw_force[k].fx/fy/fz,True
313,observation.state,hand_tactile_sensor_0.raw_force_79.fx,tactile sensor 0 raw distributed force raw_idx 79 fx,xhand SDK sensor_data[0].raw_force[79].fx,,"measured sensor value, unless fallback",,,,state[313]=sensor_data[0].raw_force[79].fx,,xhand.py copies SDK order; xhand_control_ros2.cpp copies raw_force[k].fx/fy/fz,True
314,observation.state,hand_tactile_sensor_0.raw_force_79.fy,tactile sensor 0 raw distributed force raw_idx 79 fy,xhand SDK sensor_data[0].raw_force[79].fy,,"measured sensor value, unless fallback",,,,state[314]=sensor_data[0].raw_force[79].fy,,xhand.py copies SDK order; xhand_control_ros2.cpp copies raw_force[k].fx/fy/fz,True
315,observation.state,hand_tactile_sensor_0.raw_force_79.fz,tactile sensor 0 raw distributed force raw_idx 79 fz,xhand SDK sensor_data[0].raw_force[79].fz,,"measured sensor value, unless fallback",,,,state[315]=sensor_data[0].raw_force[79].fz,,xhand.py copies SDK order; xhand_control_ros2.cpp copies raw_force[k].fx/fy/fz,True
316,observation.state,hand_tactile_sensor_0.raw_force_80.fx,tactile sensor 0 raw distributed force raw_idx 80 fx,xhand SDK sensor_data[0].raw_force[80].fx,,"measured sensor value, unless fallback",,,,state[316]=sensor_data[0].raw_force[80].fx,,xhand.py copies SDK order; xhand_control_ros2.cpp copies raw_force[k].fx/fy/fz,True
317,observation.state,hand_tactile_sensor_0.raw_force_80.fy,tactile sensor 0 raw distributed force raw_idx 80 fy,xhand SDK sensor_data[0].raw_force[80].fy,,"measured sensor value, unless fallback",,,,state[317]=sensor_data[0].raw_force[80].fy,,xhand.py copies SDK order; xhand_control_ros2.cpp copies raw_force[k].fx/fy/fz,True
318,observation.state,hand_tactile_sensor_0.raw_force_80.fz,tactile sensor 0 raw distributed force raw_idx 80 fz,xhand SDK sensor_data[0].raw_force[80].fz,,"measured sensor value, unless fallback",,,,state[318]=sensor_data[0].raw_force[80].fz,,xhand.py copies SDK order; xhand_control_ros2.cpp copies raw_force[k].fx/fy/fz,True
319,observation.state,hand_tactile_sensor_0.raw_force_81.fx,tactile sensor 0 raw distributed force raw_idx 81 fx,xhand SDK sensor_data[0].raw_force[81].fx,,"measured sensor value, unless fallback",,,,state[319]=sensor_data[0].raw_force[81].fx,,xhand.py copies SDK order; xhand_control_ros2.cpp copies raw_force[k].fx/fy/fz,True
320,observation.state,hand_tactile_sensor_0.raw_force_81.fy,tactile sensor 0 raw distributed force raw_idx 81 fy,xhand SDK sensor_data[0].raw_force[81].fy,,"measured sensor value, unless fallback",,,,state[320]=sensor_data[0].raw_force[81].fy,,xhand.py copies SDK order; xhand_control_ros2.cpp copies raw_force[k].fx/fy/fz,True
321,observation.state,hand_tactile_sensor_0.raw_force_81.fz,tactile sensor 0 raw distributed force raw_idx 81 fz,xhand SDK sensor_data[0].raw_force[81].fz,,"measured sensor value, unless fallback",,,,state[321]=sensor_data[0].raw_force[81].fz,,xhand.py copies SDK order; xhand_control_ros2.cpp copies raw_force[k].fx/fy/fz,True
322,observation.state,hand_tactile_sensor_0.raw_force_82.fx,tactile sensor 0 raw distributed force raw_idx 82 fx,xhand SDK sensor_data[0].raw_force[82].fx,,"measured sensor value, unless fallback",,,,state[322]=sensor_data[0].raw_force[82].fx,,xhand.py copies SDK order; xhand_control_ros2.cpp copies raw_force[k].fx/fy/fz,True
323,observation.state,hand_tactile_sensor_0.raw_force_82.fy,tactile sensor 0 raw distributed force raw_idx 82 fy,xhand SDK sensor_data[0].raw_force[82].fy,,"measured sensor value, unless fallback",,,,state[323]=sensor_data[0].raw_force[82].fy,,xhand.py copies SDK order; xhand_control_ros2.cpp copies raw_force[k].fx/fy/fz,True
324,observation.state,hand_tactile_sensor_0.raw_force_82.fz,tactile sensor 0 raw distributed force raw_idx 82 fz,xhand SDK sensor_data[0].raw_force[82].fz,,"measured sensor value, unless fallback",,,,state[324]=sensor_data[0].raw_force[82].fz,,xhand.py copies SDK order; xhand_control_ros2.cpp copies raw_force[k].fx/fy/fz,True
325,observation.state,hand_tactile_sensor_0.raw_force_83.fx,tactile sensor 0 raw distributed force raw_idx 83 fx,xhand SDK sensor_data[0].raw_force[83].fx,,"measured sensor value, unless fallback",,,,state[325]=sensor_data[0].raw_force[83].fx,,xhand.py copies SDK order; xhand_control_ros2.cpp copies raw_force[k].fx/fy/fz,True
326,observation.state,hand_tactile_sensor_0.raw_force_83.fy,tactile sensor 0 raw distributed force raw_idx 83 fy,xhand SDK sensor_data[0].raw_force[83].fy,,"measured sensor value, unless fallback",,,,state[326]=sensor_data[0].raw_force[83].fy,,xhand.py copies SDK order; xhand_control_ros2.cpp copies raw_force[k].fx/fy/fz,True
327,observation.state,hand_tactile_sensor_0.raw_force_83.fz,tactile sensor 0 raw distributed force raw_idx 83 fz,xhand SDK sensor_data[0].raw_force[83].fz,,"measured sensor value, unless fallback",,,,state[327]=sensor_data[0].raw_force[83].fz,,xhand.py copies SDK order; xhand_control_ros2.cpp copies raw_force[k].fx/fy/fz,True
328,observation.state,hand_tactile_sensor_0.raw_force_84.fx,tactile sensor 0 raw distributed force raw_idx 84 fx,xhand SDK sensor_data[0].raw_force[84].fx,,"measured sensor value, unless fallback",,,,state[328]=sensor_data[0].raw_force[84].fx,,xhand.py copies SDK order; xhand_control_ros2.cpp copies raw_force[k].fx/fy/fz,True
329,observation.state,hand_tactile_sensor_0.raw_force_84.fy,tactile sensor 0 raw distributed force raw_idx 84 fy,xhand SDK sensor_data[0].raw_force[84].fy,,"measured sensor value, unless fallback",,,,state[329]=sensor_data[0].raw_force[84].fy,,xhand.py copies SDK order; xhand_control_ros2.cpp copies raw_force[k].fx/fy/fz,True
330,observation.state,hand_tactile_sensor_0.raw_force_84.fz,tactile sensor 0 raw distributed force raw_idx 84 fz,xhand SDK sensor_data[0].raw_force[84].fz,,"measured sensor value, unless fallback",,,,state[330]=sensor_data[0].raw_force[84].fz,,xhand.py copies SDK order; xhand_control_ros2.cpp copies raw_force[k].fx/fy/fz,True
331,observation.state,hand_tactile_sensor_0.raw_force_85.fx,tactile sensor 0 raw distributed force raw_idx 85 fx,xhand SDK sensor_data[0].raw_force[85].fx,,"measured sensor value, unless fallback",,,,state[331]=sensor_data[0].raw_force[85].fx,,xhand.py copies SDK order; xhand_control_ros2.cpp copies raw_force[k].fx/fy/fz,True
332,observation.state,hand_tactile_sensor_0.raw_force_85.fy,tactile sensor 0 raw distributed force raw_idx 85 fy,xhand SDK sensor_data[0].raw_force[85].fy,,"measured sensor value, unless fallback",,,,state[332]=sensor_data[0].raw_force[85].fy,,xhand.py copies SDK order; xhand_control_ros2.cpp copies raw_force[k].fx/fy/fz,True
333,observation.state,hand_tactile_sensor_0.raw_force_85.fz,tactile sensor 0 raw distributed force raw_idx 85 fz,xhand SDK sensor_data[0].raw_force[85].fz,,"measured sensor value, unless fallback",,,,state[333]=sensor_data[0].raw_force[85].fz,,xhand.py copies SDK order; xhand_control_ros2.cpp copies raw_force[k].fx/fy/fz,True
334,observation.state,hand_tactile_sensor_0.raw_force_86.fx,tactile sensor 0 raw distributed force raw_idx 86 fx,xhand SDK sensor_data[0].raw_force[86].fx,,"measured sensor value, unless fallback",,,,state[334]=sensor_data[0].raw_force[86].fx,,xhand.py copies SDK order; xhand_control_ros2.cpp copies raw_force[k].fx/fy/fz,True
335,observation.state,hand_tactile_sensor_0.raw_force_86.fy,tactile sensor 0 raw distributed force raw_idx 86 fy,xhand SDK sensor_data[0].raw_force[86].fy,,"measured sensor value, unless fallback",,,,state[335]=sensor_data[0].raw_force[86].fy,,xhand.py copies SDK order; xhand_control_ros2.cpp copies raw_force[k].fx/fy/fz,True
336,observation.state,hand_tactile_sensor_0.raw_force_86.fz,tactile sensor 0 raw distributed force raw_idx 86 fz,xhand SDK sensor_data[0].raw_force[86].fz,,"measured sensor value, unless fallback",,,,state[336]=sensor_data[0].raw_force[86].fz,,xhand.py copies SDK order; xhand_control_ros2.cpp copies raw_force[k].fx/fy/fz,True
337,observation.state,hand_tactile_sensor_0.raw_force_87.fx,tactile sensor 0 raw distributed force raw_idx 87 fx,xhand SDK sensor_data[0].raw_force[87].fx,,"measured sensor value, unless fallback",,,,state[337]=sensor_data[0].raw_force[87].fx,,xhand.py copies SDK order; xhand_control_ros2.cpp copies raw_force[k].fx/fy/fz,True
338,observation.state,hand_tactile_sensor_0.raw_force_87.fy,tactile sensor 0 raw distributed force raw_idx 87 fy,xhand SDK sensor_data[0].raw_force[87].fy,,"measured sensor value, unless fallback",,,,state[338]=sensor_data[0].raw_force[87].fy,,xhand.py copies SDK order; xhand_control_ros2.cpp copies raw_force[k].fx/fy/fz,True
339,observation.state,hand_tactile_sensor_0.raw_force_87.fz,tactile sensor 0 raw distributed force raw_idx 87 fz,xhand SDK sensor_data[0].raw_force[87].fz,,"measured sensor value, unless fallback",,,,state[339]=sensor_data[0].raw_force[87].fz,,xhand.py copies SDK order; xhand_control_ros2.cpp copies raw_force[k].fx/fy/fz,True
340,observation.state,hand_tactile_sensor_0.raw_force_88.fx,tactile sensor 0 raw distributed force raw_idx 88 fx,xhand SDK sensor_data[0].raw_force[88].fx,,"measured sensor value, unless fallback",,,,state[340]=sensor_data[0].raw_force[88].fx,,xhand.py copies SDK order; xhand_control_ros2.cpp copies raw_force[k].fx/fy/fz,True
341,observation.state,hand_tactile_sensor_0.raw_force_88.fy,tactile sensor 0 raw distributed force raw_idx 88 fy,xhand SDK sensor_data[0].raw_force[88].fy,,"measured sensor value, unless fallback",,,,state[341]=sensor_data[0].raw_force[88].fy,,xhand.py copies SDK order; xhand_control_ros2.cpp copies raw_force[k].fx/fy/fz,True
342,observation.state,hand_tactile_sensor_0.raw_force_88.fz,tactile sensor 0 raw distributed force raw_idx 88 fz,xhand SDK sensor_data[0].raw_force[88].fz,,"measured sensor value, unless fallback",,,,state[342]=sensor_data[0].raw_force[88].fz,,xhand.py copies SDK order; xhand_control_ros2.cpp copies raw_force[k].fx/fy/fz,True
343,observation.state,hand_tactile_sensor_0.raw_force_89.fx,tactile sensor 0 raw distributed force raw_idx 89 fx,xhand SDK sensor_data[0].raw_force[89].fx,,"measured sensor value, unless fallback",,,,state[343]=sensor_data[0].raw_force[89].fx,,xhand.py copies SDK order; xhand_control_ros2.cpp copies raw_force[k].fx/fy/fz,True
344,observation.state,hand_tactile_sensor_0.raw_force_89.fy,tactile sensor 0 raw distributed force raw_idx 89 fy,xhand SDK sensor_data[0].raw_force[89].fy,,"measured sensor value, unless fallback",,,,state[344]=sensor_data[0].raw_force[89].fy,,xhand.py copies SDK order; xhand_control_ros2.cpp copies raw_force[k].fx/fy/fz,True
345,observation.state,hand_tactile_sensor_0.raw_force_89.fz,tactile sensor 0 raw distributed force raw_idx 89 fz,xhand SDK sensor_data[0].raw_force[89].fz,,"measured sensor value, unless fallback",,,,state[345]=sensor_data[0].raw_force[89].fz,,xhand.py copies SDK order; xhand_control_ros2.cpp copies raw_force[k].fx/fy/fz,True
346,observation.state,hand_tactile_sensor_0.raw_force_90.fx,tactile sensor 0 raw distributed force raw_idx 90 fx,xhand SDK sensor_data[0].raw_force[90].fx,,"measured sensor value, unless fallback",,,,state[346]=sensor_data[0].raw_force[90].fx,,xhand.py copies SDK order; xhand_control_ros2.cpp copies raw_force[k].fx/fy/fz,True
347,observation.state,hand_tactile_sensor_0.raw_force_90.fy,tactile sensor 0 raw distributed force raw_idx 90 fy,xhand SDK sensor_data[0].raw_force[90].fy,,"measured sensor value, unless fallback",,,,state[347]=sensor_data[0].raw_force[90].fy,,xhand.py copies SDK order; xhand_control_ros2.cpp copies raw_force[k].fx/fy/fz,True
348,observation.state,hand_tactile_sensor_0.raw_force_90.fz,tactile sensor 0 raw distributed force raw_idx 90 fz,xhand SDK sensor_data[0].raw_force[90].fz,,"measured sensor value, unless fallback",,,,state[348]=sensor_data[0].raw_force[90].fz,,xhand.py copies SDK order; xhand_control_ros2.cpp copies raw_force[k].fx/fy/fz,True
349,observation.state,hand_tactile_sensor_0.raw_force_91.fx,tactile sensor 0 raw distributed force raw_idx 91 fx,xhand SDK sensor_data[0].raw_force[91].fx,,"measured sensor value, unless fallback",,,,state[349]=sensor_data[0].raw_force[91].fx,,xhand.py copies SDK order; xhand_control_ros2.cpp copies raw_force[k].fx/fy/fz,True
350,observation.state,hand_tactile_sensor_0.raw_force_91.fy,tactile sensor 0 raw distributed force raw_idx 91 fy,xhand SDK sensor_data[0].raw_force[91].fy,,"measured sensor value, unless fallback",,,,state[350]=sensor_data[0].raw_force[91].fy,,xhand.py copies SDK order; xhand_control_ros2.cpp copies raw_force[k].fx/fy/fz,True
351,observation.state,hand_tactile_sensor_0.raw_force_91.fz,tactile sensor 0 raw distributed force raw_idx 91 fz,xhand SDK sensor_data[0].raw_force[91].fz,,"measured sensor value, unless fallback",,,,state[351]=sensor_data[0].raw_force[91].fz,,xhand.py copies SDK order; xhand_control_ros2.cpp copies raw_force[k].fx/fy/fz,True
352,observation.state,hand_tactile_sensor_0.raw_force_92.fx,tactile sensor 0 raw distributed force raw_idx 92 fx,xhand SDK sensor_data[0].raw_force[92].fx,,"measured sensor value, unless fallback",,,,state[352]=sensor_data[0].raw_force[92].fx,,xhand.py copies SDK order; xhand_control_ros2.cpp copies raw_force[k].fx/fy/fz,True
353,observation.state,hand_tactile_sensor_0.raw_force_92.fy,tactile sensor 0 raw distributed force raw_idx 92 fy,xhand SDK sensor_data[0].raw_force[92].fy,,"measured sensor value, unless fallback",,,,state[353]=sensor_data[0].raw_force[92].fy,,xhand.py copies SDK order; xhand_control_ros2.cpp copies raw_force[k].fx/fy/fz,True
354,observation.state,hand_tactile_sensor_0.raw_force_92.fz,tactile sensor 0 raw distributed force raw_idx 92 fz,xhand SDK sensor_data[0].raw_force[92].fz,,"measured sensor value, unless fallback",,,,state[354]=sensor_data[0].raw_force[92].fz,,xhand.py copies SDK order; xhand_control_ros2.cpp copies raw_force[k].fx/fy/fz,True
355,observation.state,hand_tactile_sensor_0.raw_force_93.fx,tactile sensor 0 raw distributed force raw_idx 93 fx,xhand SDK sensor_data[0].raw_force[93].fx,,"measured sensor value, unless fallback",,,,state[355]=sensor_data[0].raw_force[93].fx,,xhand.py copies SDK order; xhand_control_ros2.cpp copies raw_force[k].fx/fy/fz,True
356,observation.state,hand_tactile_sensor_0.raw_force_93.fy,tactile sensor 0 raw distributed force raw_idx 93 fy,xhand SDK sensor_data[0].raw_force[93].fy,,"measured sensor value, unless fallback",,,,state[356]=sensor_data[0].raw_force[93].fy,,xhand.py copies SDK order; xhand_control_ros2.cpp copies raw_force[k].fx/fy/fz,True
357,observation.state,hand_tactile_sensor_0.raw_force_93.fz,tactile sensor 0 raw distributed force raw_idx 93 fz,xhand SDK sensor_data[0].raw_force[93].fz,,"measured sensor value, unless fallback",,,,state[357]=sensor_data[0].raw_force[93].fz,,xhand.py copies SDK order; xhand_control_ros2.cpp copies raw_force[k].fx/fy/fz,True
358,observation.state,hand_tactile_sensor_0.raw_force_94.fx,tactile sensor 0 raw distributed force raw_idx 94 fx,xhand SDK sensor_data[0].raw_force[94].fx,,"measured sensor value, unless fallback",,,,state[358]=sensor_data[0].raw_force[94].fx,,xhand.py copies SDK order; xhand_control_ros2.cpp copies raw_force[k].fx/fy/fz,True
359,observation.state,hand_tactile_sensor_0.raw_force_94.fy,tactile sensor 0 raw distributed force raw_idx 94 fy,xhand SDK sensor_data[0].raw_force[94].fy,,"measured sensor value, unless fallback",,,,state[359]=sensor_data[0].raw_force[94].fy,,xhand.py copies SDK order; xhand_control_ros2.cpp copies raw_force[k].fx/fy/fz,True
360,observation.state,hand_tactile_sensor_0.raw_force_94.fz,tactile sensor 0 raw distributed force raw_idx 94 fz,xhand SDK sensor_data[0].raw_force[94].fz,,"measured sensor value, unless fallback",,,,state[360]=sensor_data[0].raw_force[94].fz,,xhand.py copies SDK order; xhand_control_ros2.cpp copies raw_force[k].fx/fy/fz,True
361,observation.state,hand_tactile_sensor_0.raw_force_95.fx,tactile sensor 0 raw distributed force raw_idx 95 fx,xhand SDK sensor_data[0].raw_force[95].fx,,"measured sensor value, unless fallback",,,,state[361]=sensor_data[0].raw_force[95].fx,,xhand.py copies SDK order; xhand_control_ros2.cpp copies raw_force[k].fx/fy/fz,True
362,observation.state,hand_tactile_sensor_0.raw_force_95.fy,tactile sensor 0 raw distributed force raw_idx 95 fy,xhand SDK sensor_data[0].raw_force[95].fy,,"measured sensor value, unless fallback",,,,state[362]=sensor_data[0].raw_force[95].fy,,xhand.py copies SDK order; xhand_control_ros2.cpp copies raw_force[k].fx/fy/fz,True
363,observation.state,hand_tactile_sensor_0.raw_force_95.fz,tactile sensor 0 raw distributed force raw_idx 95 fz,xhand SDK sensor_data[0].raw_force[95].fz,,"measured sensor value, unless fallback",,,,state[363]=sensor_data[0].raw_force[95].fz,,xhand.py copies SDK order; xhand_control_ros2.cpp copies raw_force[k].fx/fy/fz,True
364,observation.state,hand_tactile_sensor_0.raw_force_96.fx,tactile sensor 0 raw distributed force raw_idx 96 fx,xhand SDK sensor_data[0].raw_force[96].fx,,"measured sensor value, unless fallback",,,,state[364]=sensor_data[0].raw_force[96].fx,,xhand.py copies SDK order; xhand_control_ros2.cpp copies raw_force[k].fx/fy/fz,True
365,observation.state,hand_tactile_sensor_0.raw_force_96.fy,tactile sensor 0 raw distributed force raw_idx 96 fy,xhand SDK sensor_data[0].raw_force[96].fy,,"measured sensor value, unless fallback",,,,state[365]=sensor_data[0].raw_force[96].fy,,xhand.py copies SDK order; xhand_control_ros2.cpp copies raw_force[k].fx/fy/fz,True
366,observation.state,hand_tactile_sensor_0.raw_force_96.fz,tactile sensor 0 raw distributed force raw_idx 96 fz,xhand SDK sensor_data[0].raw_force[96].fz,,"measured sensor value, unless fallback",,,,state[366]=sensor_data[0].raw_force[96].fz,,xhand.py copies SDK order; xhand_control_ros2.cpp copies raw_force[k].fx/fy/fz,True
367,observation.state,hand_tactile_sensor_0.raw_force_97.fx,tactile sensor 0 raw distributed force raw_idx 97 fx,xhand SDK sensor_data[0].raw_force[97].fx,,"measured sensor value, unless fallback",,,,state[367]=sensor_data[0].raw_force[97].fx,,xhand.py copies SDK order; xhand_control_ros2.cpp copies raw_force[k].fx/fy/fz,True
368,observation.state,hand_tactile_sensor_0.raw_force_97.fy,tactile sensor 0 raw distributed force raw_idx 97 fy,xhand SDK sensor_data[0].raw_force[97].fy,,"measured sensor value, unless fallback",,,,state[368]=sensor_data[0].raw_force[97].fy,,xhand.py copies SDK order; xhand_control_ros2.cpp copies raw_force[k].fx/fy/fz,True
369,observation.state,hand_tactile_sensor_0.raw_force_97.fz,tactile sensor 0 raw distributed force raw_idx 97 fz,xhand SDK sensor_data[0].raw_force[97].fz,,"measured sensor value, unless fallback",,,,state[369]=sensor_data[0].raw_force[97].fz,,xhand.py copies SDK order; xhand_control_ros2.cpp copies raw_force[k].fx/fy/fz,True
370,observation.state,hand_tactile_sensor_0.raw_force_98.fx,tactile sensor 0 raw distributed force raw_idx 98 fx,xhand SDK sensor_data[0].raw_force[98].fx,,"measured sensor value, unless fallback",,,,state[370]=sensor_data[0].raw_force[98].fx,,xhand.py copies SDK order; xhand_control_ros2.cpp copies raw_force[k].fx/fy/fz,True
371,observation.state,hand_tactile_sensor_0.raw_force_98.fy,tactile sensor 0 raw distributed force raw_idx 98 fy,xhand SDK sensor_data[0].raw_force[98].fy,,"measured sensor value, unless fallback",,,,state[371]=sensor_data[0].raw_force[98].fy,,xhand.py copies SDK order; xhand_control_ros2.cpp copies raw_force[k].fx/fy/fz,True
372,observation.state,hand_tactile_sensor_0.raw_force_98.fz,tactile sensor 0 raw distributed force raw_idx 98 fz,xhand SDK sensor_data[0].raw_force[98].fz,,"measured sensor value, unless fallback",,,,state[372]=sensor_data[0].raw_force[98].fz,,xhand.py copies SDK order; xhand_control_ros2.cpp copies raw_force[k].fx/fy/fz,True
373,observation.state,hand_tactile_sensor_0.raw_force_99.fx,tactile sensor 0 raw distributed force raw_idx 99 fx,xhand SDK sensor_data[0].raw_force[99].fx,,"measured sensor value, unless fallback",,,,state[373]=sensor_data[0].raw_force[99].fx,,xhand.py copies SDK order; xhand_control_ros2.cpp copies raw_force[k].fx/fy/fz,True
374,observation.state,hand_tactile_sensor_0.raw_force_99.fy,tactile sensor 0 raw distributed force raw_idx 99 fy,xhand SDK sensor_data[0].raw_force[99].fy,,"measured sensor value, unless fallback",,,,state[374]=sensor_data[0].raw_force[99].fy,,xhand.py copies SDK order; xhand_control_ros2.cpp copies raw_force[k].fx/fy/fz,True
375,observation.state,hand_tactile_sensor_0.raw_force_99.fz,tactile sensor 0 raw distributed force raw_idx 99 fz,xhand SDK sensor_data[0].raw_force[99].fz,,"measured sensor value, unless fallback",,,,state[375]=sensor_data[0].raw_force[99].fz,,xhand.py copies SDK order; xhand_control_ros2.cpp copies raw_force[k].fx/fy/fz,True
376,observation.state,hand_tactile_sensor_0.raw_force_100.fx,tactile sensor 0 raw distributed force raw_idx 100 fx,xhand SDK sensor_data[0].raw_force[100].fx,,"measured sensor value, unless fallback",,,,state[376]=sensor_data[0].raw_force[100].fx,,xhand.py copies SDK order; xhand_control_ros2.cpp copies raw_force[k].fx/fy/fz,True
377,observation.state,hand_tactile_sensor_0.raw_force_100.fy,tactile sensor 0 raw distributed force raw_idx 100 fy,xhand SDK sensor_data[0].raw_force[100].fy,,"measured sensor value, unless fallback",,,,state[377]=sensor_data[0].raw_force[100].fy,,xhand.py copies SDK order; xhand_control_ros2.cpp copies raw_force[k].fx/fy/fz,True
378,observation.state,hand_tactile_sensor_0.raw_force_100.fz,tactile sensor 0 raw distributed force raw_idx 100 fz,xhand SDK sensor_data[0].raw_force[100].fz,,"measured sensor value, unless fallback",,,,state[378]=sensor_data[0].raw_force[100].fz,,xhand.py copies SDK order; xhand_control_ros2.cpp copies raw_force[k].fx/fy/fz,True
379,observation.state,hand_tactile_sensor_0.raw_force_101.fx,tactile sensor 0 raw distributed force raw_idx 101 fx,xhand SDK sensor_data[0].raw_force[101].fx,,"measured sensor value, unless fallback",,,,state[379]=sensor_data[0].raw_force[101].fx,,xhand.py copies SDK order; xhand_control_ros2.cpp copies raw_force[k].fx/fy/fz,True
380,observation.state,hand_tactile_sensor_0.raw_force_101.fy,tactile sensor 0 raw distributed force raw_idx 101 fy,xhand SDK sensor_data[0].raw_force[101].fy,,"measured sensor value, unless fallback",,,,state[380]=sensor_data[0].raw_force[101].fy,,xhand.py copies SDK order; xhand_control_ros2.cpp copies raw_force[k].fx/fy/fz,True
381,observation.state,hand_tactile_sensor_0.raw_force_101.fz,tactile sensor 0 raw distributed force raw_idx 101 fz,xhand SDK sensor_data[0].raw_force[101].fz,,"measured sensor value, unless fallback",,,,state[381]=sensor_data[0].raw_force[101].fz,,xhand.py copies SDK order; xhand_control_ros2.cpp copies raw_force[k].fx/fy/fz,True
382,observation.state,hand_tactile_sensor_0.raw_force_102.fx,tactile sensor 0 raw distributed force raw_idx 102 fx,xhand SDK sensor_data[0].raw_force[102].fx,,"measured sensor value, unless fallback",,,,state[382]=sensor_data[0].raw_force[102].fx,,xhand.py copies SDK order; xhand_control_ros2.cpp copies raw_force[k].fx/fy/fz,True
383,observation.state,hand_tactile_sensor_0.raw_force_102.fy,tactile sensor 0 raw distributed force raw_idx 102 fy,xhand SDK sensor_data[0].raw_force[102].fy,,"measured sensor value, unless fallback",,,,state[383]=sensor_data[0].raw_force[102].fy,,xhand.py copies SDK order; xhand_control_ros2.cpp copies raw_force[k].fx/fy/fz,True
384,observation.state,hand_tactile_sensor_0.raw_force_102.fz,tactile sensor 0 raw distributed force raw_idx 102 fz,xhand SDK sensor_data[0].raw_force[102].fz,,"measured sensor value, unless fallback",,,,state[384]=sensor_data[0].raw_force[102].fz,,xhand.py copies SDK order; xhand_control_ros2.cpp copies raw_force[k].fx/fy/fz,True
385,observation.state,hand_tactile_sensor_0.raw_force_103.fx,tactile sensor 0 raw distributed force raw_idx 103 fx,xhand SDK sensor_data[0].raw_force[103].fx,,"measured sensor value, unless fallback",,,,state[385]=sensor_data[0].raw_force[103].fx,,xhand.py copies SDK order; xhand_control_ros2.cpp copies raw_force[k].fx/fy/fz,True
386,observation.state,hand_tactile_sensor_0.raw_force_103.fy,tactile sensor 0 raw distributed force raw_idx 103 fy,xhand SDK sensor_data[0].raw_force[103].fy,,"measured sensor value, unless fallback",,,,state[386]=sensor_data[0].raw_force[103].fy,,xhand.py copies SDK order; xhand_control_ros2.cpp copies raw_force[k].fx/fy/fz,True
387,observation.state,hand_tactile_sensor_0.raw_force_103.fz,tactile sensor 0 raw distributed force raw_idx 103 fz,xhand SDK sensor_data[0].raw_force[103].fz,,"measured sensor value, unless fallback",,,,state[387]=sensor_data[0].raw_force[103].fz,,xhand.py copies SDK order; xhand_control_ros2.cpp copies raw_force[k].fx/fy/fz,True
388,observation.state,hand_tactile_sensor_0.raw_force_104.fx,tactile sensor 0 raw distributed force raw_idx 104 fx,xhand SDK sensor_data[0].raw_force[104].fx,,"measured sensor value, unless fallback",,,,state[388]=sensor_data[0].raw_force[104].fx,,xhand.py copies SDK order; xhand_control_ros2.cpp copies raw_force[k].fx/fy/fz,True
389,observation.state,hand_tactile_sensor_0.raw_force_104.fy,tactile sensor 0 raw distributed force raw_idx 104 fy,xhand SDK sensor_data[0].raw_force[104].fy,,"measured sensor value, unless fallback",,,,state[389]=sensor_data[0].raw_force[104].fy,,xhand.py copies SDK order; xhand_control_ros2.cpp copies raw_force[k].fx/fy/fz,True
390,observation.state,hand_tactile_sensor_0.raw_force_104.fz,tactile sensor 0 raw distributed force raw_idx 104 fz,xhand SDK sensor_data[0].raw_force[104].fz,,"measured sensor value, unless fallback",,,,state[390]=sensor_data[0].raw_force[104].fz,,xhand.py copies SDK order; xhand_control_ros2.cpp copies raw_force[k].fx/fy/fz,True
391,observation.state,hand_tactile_sensor_0.raw_force_105.fx,tactile sensor 0 raw distributed force raw_idx 105 fx,xhand SDK sensor_data[0].raw_force[105].fx,,"measured sensor value, unless fallback",,,,state[391]=sensor_data[0].raw_force[105].fx,,xhand.py copies SDK order; xhand_control_ros2.cpp copies raw_force[k].fx/fy/fz,True
392,observation.state,hand_tactile_sensor_0.raw_force_105.fy,tactile sensor 0 raw distributed force raw_idx 105 fy,xhand SDK sensor_data[0].raw_force[105].fy,,"measured sensor value, unless fallback",,,,state[392]=sensor_data[0].raw_force[105].fy,,xhand.py copies SDK order; xhand_control_ros2.cpp copies raw_force[k].fx/fy/fz,True
393,observation.state,hand_tactile_sensor_0.raw_force_105.fz,tactile sensor 0 raw distributed force raw_idx 105 fz,xhand SDK sensor_data[0].raw_force[105].fz,,"measured sensor value, unless fallback",,,,state[393]=sensor_data[0].raw_force[105].fz,,xhand.py copies SDK order; xhand_control_ros2.cpp copies raw_force[k].fx/fy/fz,True
394,observation.state,hand_tactile_sensor_0.raw_force_106.fx,tactile sensor 0 raw distributed force raw_idx 106 fx,xhand SDK sensor_data[0].raw_force[106].fx,,"measured sensor value, unless fallback",,,,state[394]=sensor_data[0].raw_force[106].fx,,xhand.py copies SDK order; xhand_control_ros2.cpp copies raw_force[k].fx/fy/fz,True
395,observation.state,hand_tactile_sensor_0.raw_force_106.fy,tactile sensor 0 raw distributed force raw_idx 106 fy,xhand SDK sensor_data[0].raw_force[106].fy,,"measured sensor value, unless fallback",,,,state[395]=sensor_data[0].raw_force[106].fy,,xhand.py copies SDK order; xhand_control_ros2.cpp copies raw_force[k].fx/fy/fz,True
396,observation.state,hand_tactile_sensor_0.raw_force_106.fz,tactile sensor 0 raw distributed force raw_idx 106 fz,xhand SDK sensor_data[0].raw_force[106].fz,,"measured sensor value, unless fallback",,,,state[396]=sensor_data[0].raw_force[106].fz,,xhand.py copies SDK order; xhand_control_ros2.cpp copies raw_force[k].fx/fy/fz,True
397,observation.state,hand_tactile_sensor_0.raw_force_107.fx,tactile sensor 0 raw distributed force raw_idx 107 fx,xhand SDK sensor_data[0].raw_force[107].fx,,"measured sensor value, unless fallback",,,,state[397]=sensor_data[0].raw_force[107].fx,,xhand.py copies SDK order; xhand_control_ros2.cpp copies raw_force[k].fx/fy/fz,True
398,observation.state,hand_tactile_sensor_0.raw_force_107.fy,tactile sensor 0 raw distributed force raw_idx 107 fy,xhand SDK sensor_data[0].raw_force[107].fy,,"measured sensor value, unless fallback",,,,state[398]=sensor_data[0].raw_force[107].fy,,xhand.py copies SDK order; xhand_control_ros2.cpp copies raw_force[k].fx/fy/fz,True
399,observation.state,hand_tactile_sensor_0.raw_force_107.fz,tactile sensor 0 raw distributed force raw_idx 107 fz,xhand SDK sensor_data[0].raw_force[107].fz,,"measured sensor value, unless fallback",,,,state[399]=sensor_data[0].raw_force[107].fz,,xhand.py copies SDK order; xhand_control_ros2.cpp copies raw_force[k].fx/fy/fz,True
400,observation.state,hand_tactile_sensor_0.raw_force_108.fx,tactile sensor 0 raw distributed force raw_idx 108 fx,xhand SDK sensor_data[0].raw_force[108].fx,,"measured sensor value, unless fallback",,,,state[400]=sensor_data[0].raw_force[108].fx,,xhand.py copies SDK order; xhand_control_ros2.cpp copies raw_force[k].fx/fy/fz,True
401,observation.state,hand_tactile_sensor_0.raw_force_108.fy,tactile sensor 0 raw distributed force raw_idx 108 fy,xhand SDK sensor_data[0].raw_force[108].fy,,"measured sensor value, unless fallback",,,,state[401]=sensor_data[0].raw_force[108].fy,,xhand.py copies SDK order; xhand_control_ros2.cpp copies raw_force[k].fx/fy/fz,True
402,observation.state,hand_tactile_sensor_0.raw_force_108.fz,tactile sensor 0 raw distributed force raw_idx 108 fz,xhand SDK sensor_data[0].raw_force[108].fz,,"measured sensor value, unless fallback",,,,state[402]=sensor_data[0].raw_force[108].fz,,xhand.py copies SDK order; xhand_control_ros2.cpp copies raw_force[k].fx/fy/fz,True
403,observation.state,hand_tactile_sensor_0.raw_force_109.fx,tactile sensor 0 raw distributed force raw_idx 109 fx,xhand SDK sensor_data[0].raw_force[109].fx,,"measured sensor value, unless fallback",,,,state[403]=sensor_data[0].raw_force[109].fx,,xhand.py copies SDK order; xhand_control_ros2.cpp copies raw_force[k].fx/fy/fz,True
404,observation.state,hand_tactile_sensor_0.raw_force_109.fy,tactile sensor 0 raw distributed force raw_idx 109 fy,xhand SDK sensor_data[0].raw_force[109].fy,,"measured sensor value, unless fallback",,,,state[404]=sensor_data[0].raw_force[109].fy,,xhand.py copies SDK order; xhand_control_ros2.cpp copies raw_force[k].fx/fy/fz,True
405,observation.state,hand_tactile_sensor_0.raw_force_109.fz,tactile sensor 0 raw distributed force raw_idx 109 fz,xhand SDK sensor_data[0].raw_force[109].fz,,"measured sensor value, unless fallback",,,,state[405]=sensor_data[0].raw_force[109].fz,,xhand.py copies SDK order; xhand_control_ros2.cpp copies raw_force[k].fx/fy/fz,True
406,observation.state,hand_tactile_sensor_0.raw_force_110.fx,tactile sensor 0 raw distributed force raw_idx 110 fx,xhand SDK sensor_data[0].raw_force[110].fx,,"measured sensor value, unless fallback",,,,state[406]=sensor_data[0].raw_force[110].fx,,xhand.py copies SDK order; xhand_control_ros2.cpp copies raw_force[k].fx/fy/fz,True
407,observation.state,hand_tactile_sensor_0.raw_force_110.fy,tactile sensor 0 raw distributed force raw_idx 110 fy,xhand SDK sensor_data[0].raw_force[110].fy,,"measured sensor value, unless fallback",,,,state[407]=sensor_data[0].raw_force[110].fy,,xhand.py copies SDK order; xhand_control_ros2.cpp copies raw_force[k].fx/fy/fz,True
408,observation.state,hand_tactile_sensor_0.raw_force_110.fz,tactile sensor 0 raw distributed force raw_idx 110 fz,xhand SDK sensor_data[0].raw_force[110].fz,,"measured sensor value, unless fallback",,,,state[408]=sensor_data[0].raw_force[110].fz,,xhand.py copies SDK order; xhand_control_ros2.cpp copies raw_force[k].fx/fy/fz,True
409,observation.state,hand_tactile_sensor_0.raw_force_111.fx,tactile sensor 0 raw distributed force raw_idx 111 fx,xhand SDK sensor_data[0].raw_force[111].fx,,"measured sensor value, unless fallback",,,,state[409]=sensor_data[0].raw_force[111].fx,,xhand.py copies SDK order; xhand_control_ros2.cpp copies raw_force[k].fx/fy/fz,True
410,observation.state,hand_tactile_sensor_0.raw_force_111.fy,tactile sensor 0 raw distributed force raw_idx 111 fy,xhand SDK sensor_data[0].raw_force[111].fy,,"measured sensor value, unless fallback",,,,state[410]=sensor_data[0].raw_force[111].fy,,xhand.py copies SDK order; xhand_control_ros2.cpp copies raw_force[k].fx/fy/fz,True
411,observation.state,hand_tactile_sensor_0.raw_force_111.fz,tactile sensor 0 raw distributed force raw_idx 111 fz,xhand SDK sensor_data[0].raw_force[111].fz,,"measured sensor value, unless fallback",,,,state[411]=sensor_data[0].raw_force[111].fz,,xhand.py copies SDK order; xhand_control_ros2.cpp copies raw_force[k].fx/fy/fz,True
412,observation.state,hand_tactile_sensor_0.raw_force_112.fx,tactile sensor 0 raw distributed force raw_idx 112 fx,xhand SDK sensor_data[0].raw_force[112].fx,,"measured sensor value, unless fallback",,,,state[412]=sensor_data[0].raw_force[112].fx,,xhand.py copies SDK order; xhand_control_ros2.cpp copies raw_force[k].fx/fy/fz,True
413,observation.state,hand_tactile_sensor_0.raw_force_112.fy,tactile sensor 0 raw distributed force raw_idx 112 fy,xhand SDK sensor_data[0].raw_force[112].fy,,"measured sensor value, unless fallback",,,,state[413]=sensor_data[0].raw_force[112].fy,,xhand.py copies SDK order; xhand_control_ros2.cpp copies raw_force[k].fx/fy/fz,True
414,observation.state,hand_tactile_sensor_0.raw_force_112.fz,tactile sensor 0 raw distributed force raw_idx 112 fz,xhand SDK sensor_data[0].raw_force[112].fz,,"measured sensor value, unless fallback",,,,state[414]=sensor_data[0].raw_force[112].fz,,xhand.py copies SDK order; xhand_control_ros2.cpp copies raw_force[k].fx/fy/fz,True
415,observation.state,hand_tactile_sensor_0.raw_force_113.fx,tactile sensor 0 raw distributed force raw_idx 113 fx,xhand SDK sensor_data[0].raw_force[113].fx,,"measured sensor value, unless fallback",,,,state[415]=sensor_data[0].raw_force[113].fx,,xhand.py copies SDK order; xhand_control_ros2.cpp copies raw_force[k].fx/fy/fz,True
416,observation.state,hand_tactile_sensor_0.raw_force_113.fy,tactile sensor 0 raw distributed force raw_idx 113 fy,xhand SDK sensor_data[0].raw_force[113].fy,,"measured sensor value, unless fallback",,,,state[416]=sensor_data[0].raw_force[113].fy,,xhand.py copies SDK order; xhand_control_ros2.cpp copies raw_force[k].fx/fy/fz,True
417,observation.state,hand_tactile_sensor_0.raw_force_113.fz,tactile sensor 0 raw distributed force raw_idx 113 fz,xhand SDK sensor_data[0].raw_force[113].fz,,"measured sensor value, unless fallback",,,,state[417]=sensor_data[0].raw_force[113].fz,,xhand.py copies SDK order; xhand_control_ros2.cpp copies raw_force[k].fx/fy/fz,True
418,observation.state,hand_tactile_sensor_0.raw_force_114.fx,tactile sensor 0 raw distributed force raw_idx 114 fx,xhand SDK sensor_data[0].raw_force[114].fx,,"measured sensor value, unless fallback",,,,state[418]=sensor_data[0].raw_force[114].fx,,xhand.py copies SDK order; xhand_control_ros2.cpp copies raw_force[k].fx/fy/fz,True
419,observation.state,hand_tactile_sensor_0.raw_force_114.fy,tactile sensor 0 raw distributed force raw_idx 114 fy,xhand SDK sensor_data[0].raw_force[114].fy,,"measured sensor value, unless fallback",,,,state[419]=sensor_data[0].raw_force[114].fy,,xhand.py copies SDK order; xhand_control_ros2.cpp copies raw_force[k].fx/fy/fz,True
420,observation.state,hand_tactile_sensor_0.raw_force_114.fz,tactile sensor 0 raw distributed force raw_idx 114 fz,xhand SDK sensor_data[0].raw_force[114].fz,,"measured sensor value, unless fallback",,,,state[420]=sensor_data[0].raw_force[114].fz,,xhand.py copies SDK order; xhand_control_ros2.cpp copies raw_force[k].fx/fy/fz,True
421,observation.state,hand_tactile_sensor_0.raw_force_115.fx,tactile sensor 0 raw distributed force raw_idx 115 fx,xhand SDK sensor_data[0].raw_force[115].fx,,"measured sensor value, unless fallback",,,,state[421]=sensor_data[0].raw_force[115].fx,,xhand.py copies SDK order; xhand_control_ros2.cpp copies raw_force[k].fx/fy/fz,True
422,observation.state,hand_tactile_sensor_0.raw_force_115.fy,tactile sensor 0 raw distributed force raw_idx 115 fy,xhand SDK sensor_data[0].raw_force[115].fy,,"measured sensor value, unless fallback",,,,state[422]=sensor_data[0].raw_force[115].fy,,xhand.py copies SDK order; xhand_control_ros2.cpp copies raw_force[k].fx/fy/fz,True
423,observation.state,hand_tactile_sensor_0.raw_force_115.fz,tactile sensor 0 raw distributed force raw_idx 115 fz,xhand SDK sensor_data[0].raw_force[115].fz,,"measured sensor value, unless fallback",,,,state[423]=sensor_data[0].raw_force[115].fz,,xhand.py copies SDK order; xhand_control_ros2.cpp copies raw_force[k].fx/fy/fz,True
424,observation.state,hand_tactile_sensor_0.raw_force_116.fx,tactile sensor 0 raw distributed force raw_idx 116 fx,xhand SDK sensor_data[0].raw_force[116].fx,,"measured sensor value, unless fallback",,,,state[424]=sensor_data[0].raw_force[116].fx,,xhand.py copies SDK order; xhand_control_ros2.cpp copies raw_force[k].fx/fy/fz,True
425,observation.state,hand_tactile_sensor_0.raw_force_116.fy,tactile sensor 0 raw distributed force raw_idx 116 fy,xhand SDK sensor_data[0].raw_force[116].fy,,"measured sensor value, unless fallback",,,,state[425]=sensor_data[0].raw_force[116].fy,,xhand.py copies SDK order; xhand_control_ros2.cpp copies raw_force[k].fx/fy/fz,True
426,observation.state,hand_tactile_sensor_0.raw_force_116.fz,tactile sensor 0 raw distributed force raw_idx 116 fz,xhand SDK sensor_data[0].raw_force[116].fz,,"measured sensor value, unless fallback",,,,state[426]=sensor_data[0].raw_force[116].fz,,xhand.py copies SDK order; xhand_control_ros2.cpp copies raw_force[k].fx/fy/fz,True
427,observation.state,hand_tactile_sensor_0.raw_force_117.fx,tactile sensor 0 raw distributed force raw_idx 117 fx,xhand SDK sensor_data[0].raw_force[117].fx,,"measured sensor value, unless fallback",,,,state[427]=sensor_data[0].raw_force[117].fx,,xhand.py copies SDK order; xhand_control_ros2.cpp copies raw_force[k].fx/fy/fz,True
428,observation.state,hand_tactile_sensor_0.raw_force_117.fy,tactile sensor 0 raw distributed force raw_idx 117 fy,xhand SDK sensor_data[0].raw_force[117].fy,,"measured sensor value, unless fallback",,,,state[428]=sensor_data[0].raw_force[117].fy,,xhand.py copies SDK order; xhand_control_ros2.cpp copies raw_force[k].fx/fy/fz,True
429,observation.state,hand_tactile_sensor_0.raw_force_117.fz,tactile sensor 0 raw distributed force raw_idx 117 fz,xhand SDK sensor_data[0].raw_force[117].fz,,"measured sensor value, unless fallback",,,,state[429]=sensor_data[0].raw_force[117].fz,,xhand.py copies SDK order; xhand_control_ros2.cpp copies raw_force[k].fx/fy/fz,True
430,observation.state,hand_tactile_sensor_0.raw_force_118.fx,tactile sensor 0 raw distributed force raw_idx 118 fx,xhand SDK sensor_data[0].raw_force[118].fx,,"measured sensor value, unless fallback",,,,state[430]=sensor_data[0].raw_force[118].fx,,xhand.py copies SDK order; xhand_control_ros2.cpp copies raw_force[k].fx/fy/fz,True
431,observation.state,hand_tactile_sensor_0.raw_force_118.fy,tactile sensor 0 raw distributed force raw_idx 118 fy,xhand SDK sensor_data[0].raw_force[118].fy,,"measured sensor value, unless fallback",,,,state[431]=sensor_data[0].raw_force[118].fy,,xhand.py copies SDK order; xhand_control_ros2.cpp copies raw_force[k].fx/fy/fz,True
432,observation.state,hand_tactile_sensor_0.raw_force_118.fz,tactile sensor 0 raw distributed force raw_idx 118 fz,xhand SDK sensor_data[0].raw_force[118].fz,,"measured sensor value, unless fallback",,,,state[432]=sensor_data[0].raw_force[118].fz,,xhand.py copies SDK order; xhand_control_ros2.cpp copies raw_force[k].fx/fy/fz,True
433,observation.state,hand_tactile_sensor_0.raw_force_119.fx,tactile sensor 0 raw distributed force raw_idx 119 fx,xhand SDK sensor_data[0].raw_force[119].fx,,"measured sensor value, unless fallback",,,,state[433]=sensor_data[0].raw_force[119].fx,,xhand.py copies SDK order; xhand_control_ros2.cpp copies raw_force[k].fx/fy/fz,True
434,observation.state,hand_tactile_sensor_0.raw_force_119.fy,tactile sensor 0 raw distributed force raw_idx 119 fy,xhand SDK sensor_data[0].raw_force[119].fy,,"measured sensor value, unless fallback",,,,state[434]=sensor_data[0].raw_force[119].fy,,xhand.py copies SDK order; xhand_control_ros2.cpp copies raw_force[k].fx/fy/fz,True
435,observation.state,hand_tactile_sensor_0.raw_force_119.fz,tactile sensor 0 raw distributed force raw_idx 119 fz,xhand SDK sensor_data[0].raw_force[119].fz,,"measured sensor value, unless fallback",,,,state[435]=sensor_data[0].raw_force[119].fz,,xhand.py copies SDK order; xhand_control_ros2.cpp copies raw_force[k].fx/fy/fz,True
436,observation.state,hand_tactile_sensor_1.calc_force.fx,tactile sensor 1 calc_force fx,xhand SDK sensor_data[1].calc_force.fx,,"measured sensor value, unless fallback",,,,state[436]=sensor_data[1].calc_force.fx,,xhand.py:_force_data_to_array,True
437,observation.state,hand_tactile_sensor_1.calc_force.fy,tactile sensor 1 calc_force fy,xhand SDK sensor_data[1].calc_force.fy,,"measured sensor value, unless fallback",,,,state[437]=sensor_data[1].calc_force.fy,,xhand.py:_force_data_to_array,True
438,observation.state,hand_tactile_sensor_1.calc_force.fz,tactile sensor 1 calc_force fz,xhand SDK sensor_data[1].calc_force.fz,,"measured sensor value, unless fallback",,,,state[438]=sensor_data[1].calc_force.fz,,xhand.py:_force_data_to_array,True
439,observation.state,hand_tactile_sensor_1.calc_temperature,tactile sensor 1 calc_temperature,xhand SDK sensor_data[1].calc_temperature,,"measured sensor value, unless fallback",,,,state[439]=sensor_data[1].calc_temperature,,xhand.py:_read_hand_state,True
440,observation.state,hand_tactile_sensor_1.temperature_0,tactile sensor 1 temperature_0,xhand SDK sensor_data[1].temperature[0],,"measured sensor value, unless fallback",,,,state[440]=sensor_data[1].temperature[0],,xhand.py:_read_hand_state,True
441,observation.state,hand_tactile_sensor_1.temperature_1,tactile sensor 1 temperature_1,xhand SDK sensor_data[1].temperature[1],,"measured sensor value, unless fallback",,,,state[441]=sensor_data[1].temperature[1],,xhand.py:_read_hand_state,True
442,observation.state,hand_tactile_sensor_1.temperature_2,tactile sensor 1 temperature_2,xhand SDK sensor_data[1].temperature[2],,"measured sensor value, unless fallback",,,,state[442]=sensor_data[1].temperature[2],,xhand.py:_read_hand_state,True
443,observation.state,hand_tactile_sensor_1.temperature_3,tactile sensor 1 temperature_3,xhand SDK sensor_data[1].temperature[3],,"measured sensor value, unless fallback",,,,state[443]=sensor_data[1].temperature[3],,xhand.py:_read_hand_state,True
444,observation.state,hand_tactile_sensor_1.temperature_4,tactile sensor 1 temperature_4,xhand SDK sensor_data[1].temperature[4],,"measured sensor value, unless fallback",,,,state[444]=sensor_data[1].temperature[4],,xhand.py:_read_hand_state,True
445,observation.state,hand_tactile_sensor_1.temperature_5,tactile sensor 1 temperature_5,xhand SDK sensor_data[1].temperature[5],,"measured sensor value, unless fallback",,,,state[445]=sensor_data[1].temperature[5],,xhand.py:_read_hand_state,True
446,observation.state,hand_tactile_sensor_1.temperature_6,tactile sensor 1 temperature_6,xhand SDK sensor_data[1].temperature[6],,"measured sensor value, unless fallback",,,,state[446]=sensor_data[1].temperature[6],,xhand.py:_read_hand_state,True
447,observation.state,hand_tactile_sensor_1.temperature_7,tactile sensor 1 temperature_7,xhand SDK sensor_data[1].temperature[7],,"measured sensor value, unless fallback",,,,state[447]=sensor_data[1].temperature[7],,xhand.py:_read_hand_state,True
448,observation.state,hand_tactile_sensor_1.temperature_8,tactile sensor 1 temperature_8,xhand SDK sensor_data[1].temperature[8],,"measured sensor value, unless fallback",,,,state[448]=sensor_data[1].temperature[8],,xhand.py:_read_hand_state,True
449,observation.state,hand_tactile_sensor_1.temperature_9,tactile sensor 1 temperature_9,xhand SDK sensor_data[1].temperature[9],,"measured sensor value, unless fallback",,,,state[449]=sensor_data[1].temperature[9],,xhand.py:_read_hand_state,True
450,observation.state,hand_tactile_sensor_1.temperature_10,tactile sensor 1 temperature_10,xhand SDK sensor_data[1].temperature[10],,"measured sensor value, unless fallback",,,,state[450]=sensor_data[1].temperature[10],,xhand.py:_read_hand_state,True
451,observation.state,hand_tactile_sensor_1.temperature_11,tactile sensor 1 temperature_11,xhand SDK sensor_data[1].temperature[11],,"measured sensor value, unless fallback",,,,state[451]=sensor_data[1].temperature[11],,xhand.py:_read_hand_state,True
452,observation.state,hand_tactile_sensor_1.temperature_12,tactile sensor 1 temperature_12,xhand SDK sensor_data[1].temperature[12],,"measured sensor value, unless fallback",,,,state[452]=sensor_data[1].temperature[12],,xhand.py:_read_hand_state,True
453,observation.state,hand_tactile_sensor_1.temperature_13,tactile sensor 1 temperature_13,xhand SDK sensor_data[1].temperature[13],,"measured sensor value, unless fallback",,,,state[453]=sensor_data[1].temperature[13],,xhand.py:_read_hand_state,True
454,observation.state,hand_tactile_sensor_1.temperature_14,tactile sensor 1 temperature_14,xhand SDK sensor_data[1].temperature[14],,"measured sensor value, unless fallback",,,,state[454]=sensor_data[1].temperature[14],,xhand.py:_read_hand_state,True
455,observation.state,hand_tactile_sensor_1.temperature_15,tactile sensor 1 temperature_15,xhand SDK sensor_data[1].temperature[15],,"measured sensor value, unless fallback",,,,state[455]=sensor_data[1].temperature[15],,xhand.py:_read_hand_state,True
456,observation.state,hand_tactile_sensor_1.temperature_16,tactile sensor 1 temperature_16,xhand SDK sensor_data[1].temperature[16],,"measured sensor value, unless fallback",,,,state[456]=sensor_data[1].temperature[16],,xhand.py:_read_hand_state,True
457,observation.state,hand_tactile_sensor_1.temperature_17,tactile sensor 1 temperature_17,xhand SDK sensor_data[1].temperature[17],,"measured sensor value, unless fallback",,,,state[457]=sensor_data[1].temperature[17],,xhand.py:_read_hand_state,True
458,observation.state,hand_tactile_sensor_1.temperature_18,tactile sensor 1 temperature_18,xhand SDK sensor_data[1].temperature[18],,"measured sensor value, unless fallback",,,,state[458]=sensor_data[1].temperature[18],,xhand.py:_read_hand_state,True
459,observation.state,hand_tactile_sensor_1.temperature_19,tactile sensor 1 temperature_19,xhand SDK sensor_data[1].temperature[19],,"measured sensor value, unless fallback",,,,state[459]=sensor_data[1].temperature[19],,xhand.py:_read_hand_state,True
460,observation.state,hand_tactile_sensor_1.raw_force_0.fx,tactile sensor 1 raw distributed force raw_idx 0 fx,xhand SDK sensor_data[1].raw_force[0].fx,,"measured sensor value, unless fallback",,,,state[460]=sensor_data[1].raw_force[0].fx,,xhand.py copies SDK order; xhand_control_ros2.cpp copies raw_force[k].fx/fy/fz,True
461,observation.state,hand_tactile_sensor_1.raw_force_0.fy,tactile sensor 1 raw distributed force raw_idx 0 fy,xhand SDK sensor_data[1].raw_force[0].fy,,"measured sensor value, unless fallback",,,,state[461]=sensor_data[1].raw_force[0].fy,,xhand.py copies SDK order; xhand_control_ros2.cpp copies raw_force[k].fx/fy/fz,True
462,observation.state,hand_tactile_sensor_1.raw_force_0.fz,tactile sensor 1 raw distributed force raw_idx 0 fz,xhand SDK sensor_data[1].raw_force[0].fz,,"measured sensor value, unless fallback",,,,state[462]=sensor_data[1].raw_force[0].fz,,xhand.py copies SDK order; xhand_control_ros2.cpp copies raw_force[k].fx/fy/fz,True
463,observation.state,hand_tactile_sensor_1.raw_force_1.fx,tactile sensor 1 raw distributed force raw_idx 1 fx,xhand SDK sensor_data[1].raw_force[1].fx,,"measured sensor value, unless fallback",,,,state[463]=sensor_data[1].raw_force[1].fx,,xhand.py copies SDK order; xhand_control_ros2.cpp copies raw_force[k].fx/fy/fz,True
464,observation.state,hand_tactile_sensor_1.raw_force_1.fy,tactile sensor 1 raw distributed force raw_idx 1 fy,xhand SDK sensor_data[1].raw_force[1].fy,,"measured sensor value, unless fallback",,,,state[464]=sensor_data[1].raw_force[1].fy,,xhand.py copies SDK order; xhand_control_ros2.cpp copies raw_force[k].fx/fy/fz,True
465,observation.state,hand_tactile_sensor_1.raw_force_1.fz,tactile sensor 1 raw distributed force raw_idx 1 fz,xhand SDK sensor_data[1].raw_force[1].fz,,"measured sensor value, unless fallback",,,,state[465]=sensor_data[1].raw_force[1].fz,,xhand.py copies SDK order; xhand_control_ros2.cpp copies raw_force[k].fx/fy/fz,True
466,observation.state,hand_tactile_sensor_1.raw_force_2.fx,tactile sensor 1 raw distributed force raw_idx 2 fx,xhand SDK sensor_data[1].raw_force[2].fx,,"measured sensor value, unless fallback",,,,state[466]=sensor_data[1].raw_force[2].fx,,xhand.py copies SDK order; xhand_control_ros2.cpp copies raw_force[k].fx/fy/fz,True
467,observation.state,hand_tactile_sensor_1.raw_force_2.fy,tactile sensor 1 raw distributed force raw_idx 2 fy,xhand SDK sensor_data[1].raw_force[2].fy,,"measured sensor value, unless fallback",,,,state[467]=sensor_data[1].raw_force[2].fy,,xhand.py copies SDK order; xhand_control_ros2.cpp copies raw_force[k].fx/fy/fz,True
468,observation.state,hand_tactile_sensor_1.raw_force_2.fz,tactile sensor 1 raw distributed force raw_idx 2 fz,xhand SDK sensor_data[1].raw_force[2].fz,,"measured sensor value, unless fallback",,,,state[468]=sensor_data[1].raw_force[2].fz,,xhand.py copies SDK order; xhand_control_ros2.cpp copies raw_force[k].fx/fy/fz,True
469,observation.state,hand_tactile_sensor_1.raw_force_3.fx,tactile sensor 1 raw distributed force raw_idx 3 fx,xhand SDK sensor_data[1].raw_force[3].fx,,"measured sensor value, unless fallback",,,,state[469]=sensor_data[1].raw_force[3].fx,,xhand.py copies SDK order; xhand_control_ros2.cpp copies raw_force[k].fx/fy/fz,True
470,observation.state,hand_tactile_sensor_1.raw_force_3.fy,tactile sensor 1 raw distributed force raw_idx 3 fy,xhand SDK sensor_data[1].raw_force[3].fy,,"measured sensor value, unless fallback",,,,state[470]=sensor_data[1].raw_force[3].fy,,xhand.py copies SDK order; xhand_control_ros2.cpp copies raw_force[k].fx/fy/fz,True
471,observation.state,hand_tactile_sensor_1.raw_force_3.fz,tactile sensor 1 raw distributed force raw_idx 3 fz,xhand SDK sensor_data[1].raw_force[3].fz,,"measured sensor value, unless fallback",,,,state[471]=sensor_data[1].raw_force[3].fz,,xhand.py copies SDK order; xhand_control_ros2.cpp copies raw_force[k].fx/fy/fz,True
472,observation.state,hand_tactile_sensor_1.raw_force_4.fx,tactile sensor 1 raw distributed force raw_idx 4 fx,xhand SDK sensor_data[1].raw_force[4].fx,,"measured sensor value, unless fallback",,,,state[472]=sensor_data[1].raw_force[4].fx,,xhand.py copies SDK order; xhand_control_ros2.cpp copies raw_force[k].fx/fy/fz,True
473,observation.state,hand_tactile_sensor_1.raw_force_4.fy,tactile sensor 1 raw distributed force raw_idx 4 fy,xhand SDK sensor_data[1].raw_force[4].fy,,"measured sensor value, unless fallback",,,,state[473]=sensor_data[1].raw_force[4].fy,,xhand.py copies SDK order; xhand_control_ros2.cpp copies raw_force[k].fx/fy/fz,True
474,observation.state,hand_tactile_sensor_1.raw_force_4.fz,tactile sensor 1 raw distributed force raw_idx 4 fz,xhand SDK sensor_data[1].raw_force[4].fz,,"measured sensor value, unless fallback",,,,state[474]=sensor_data[1].raw_force[4].fz,,xhand.py copies SDK order; xhand_control_ros2.cpp copies raw_force[k].fx/fy/fz,True
475,observation.state,hand_tactile_sensor_1.raw_force_5.fx,tactile sensor 1 raw distributed force raw_idx 5 fx,xhand SDK sensor_data[1].raw_force[5].fx,,"measured sensor value, unless fallback",,,,state[475]=sensor_data[1].raw_force[5].fx,,xhand.py copies SDK order; xhand_control_ros2.cpp copies raw_force[k].fx/fy/fz,True
476,observation.state,hand_tactile_sensor_1.raw_force_5.fy,tactile sensor 1 raw distributed force raw_idx 5 fy,xhand SDK sensor_data[1].raw_force[5].fy,,"measured sensor value, unless fallback",,,,state[476]=sensor_data[1].raw_force[5].fy,,xhand.py copies SDK order; xhand_control_ros2.cpp copies raw_force[k].fx/fy/fz,True
477,observation.state,hand_tactile_sensor_1.raw_force_5.fz,tactile sensor 1 raw distributed force raw_idx 5 fz,xhand SDK sensor_data[1].raw_force[5].fz,,"measured sensor value, unless fallback",,,,state[477]=sensor_data[1].raw_force[5].fz,,xhand.py copies SDK order; xhand_control_ros2.cpp copies raw_force[k].fx/fy/fz,True
478,observation.state,hand_tactile_sensor_1.raw_force_6.fx,tactile sensor 1 raw distributed force raw_idx 6 fx,xhand SDK sensor_data[1].raw_force[6].fx,,"measured sensor value, unless fallback",,,,state[478]=sensor_data[1].raw_force[6].fx,,xhand.py copies SDK order; xhand_control_ros2.cpp copies raw_force[k].fx/fy/fz,True
479,observation.state,hand_tactile_sensor_1.raw_force_6.fy,tactile sensor 1 raw distributed force raw_idx 6 fy,xhand SDK sensor_data[1].raw_force[6].fy,,"measured sensor value, unless fallback",,,,state[479]=sensor_data[1].raw_force[6].fy,,xhand.py copies SDK order; xhand_control_ros2.cpp copies raw_force[k].fx/fy/fz,True
480,observation.state,hand_tactile_sensor_1.raw_force_6.fz,tactile sensor 1 raw distributed force raw_idx 6 fz,xhand SDK sensor_data[1].raw_force[6].fz,,"measured sensor value, unless fallback",,,,state[480]=sensor_data[1].raw_force[6].fz,,xhand.py copies SDK order; xhand_control_ros2.cpp copies raw_force[k].fx/fy/fz,True
481,observation.state,hand_tactile_sensor_1.raw_force_7.fx,tactile sensor 1 raw distributed force raw_idx 7 fx,xhand SDK sensor_data[1].raw_force[7].fx,,"measured sensor value, unless fallback",,,,state[481]=sensor_data[1].raw_force[7].fx,,xhand.py copies SDK order; xhand_control_ros2.cpp copies raw_force[k].fx/fy/fz,True
482,observation.state,hand_tactile_sensor_1.raw_force_7.fy,tactile sensor 1 raw distributed force raw_idx 7 fy,xhand SDK sensor_data[1].raw_force[7].fy,,"measured sensor value, unless fallback",,,,state[482]=sensor_data[1].raw_force[7].fy,,xhand.py copies SDK order; xhand_control_ros2.cpp copies raw_force[k].fx/fy/fz,True
483,observation.state,hand_tactile_sensor_1.raw_force_7.fz,tactile sensor 1 raw distributed force raw_idx 7 fz,xhand SDK sensor_data[1].raw_force[7].fz,,"measured sensor value, unless fallback",,,,state[483]=sensor_data[1].raw_force[7].fz,,xhand.py copies SDK order; xhand_control_ros2.cpp copies raw_force[k].fx/fy/fz,True
484,observation.state,hand_tactile_sensor_1.raw_force_8.fx,tactile sensor 1 raw distributed force raw_idx 8 fx,xhand SDK sensor_data[1].raw_force[8].fx,,"measured sensor value, unless fallback",,,,state[484]=sensor_data[1].raw_force[8].fx,,xhand.py copies SDK order; xhand_control_ros2.cpp copies raw_force[k].fx/fy/fz,True
485,observation.state,hand_tactile_sensor_1.raw_force_8.fy,tactile sensor 1 raw distributed force raw_idx 8 fy,xhand SDK sensor_data[1].raw_force[8].fy,,"measured sensor value, unless fallback",,,,state[485]=sensor_data[1].raw_force[8].fy,,xhand.py copies SDK order; xhand_control_ros2.cpp copies raw_force[k].fx/fy/fz,True
486,observation.state,hand_tactile_sensor_1.raw_force_8.fz,tactile sensor 1 raw distributed force raw_idx 8 fz,xhand SDK sensor_data[1].raw_force[8].fz,,"measured sensor value, unless fallback",,,,state[486]=sensor_data[1].raw_force[8].fz,,xhand.py copies SDK order; xhand_control_ros2.cpp copies raw_force[k].fx/fy/fz,True
487,observation.state,hand_tactile_sensor_1.raw_force_9.fx,tactile sensor 1 raw distributed force raw_idx 9 fx,xhand SDK sensor_data[1].raw_force[9].fx,,"measured sensor value, unless fallback",,,,state[487]=sensor_data[1].raw_force[9].fx,,xhand.py copies SDK order; xhand_control_ros2.cpp copies raw_force[k].fx/fy/fz,True
488,observation.state,hand_tactile_sensor_1.raw_force_9.fy,tactile sensor 1 raw distributed force raw_idx 9 fy,xhand SDK sensor_data[1].raw_force[9].fy,,"measured sensor value, unless fallback",,,,state[488]=sensor_data[1].raw_force[9].fy,,xhand.py copies SDK order; xhand_control_ros2.cpp copies raw_force[k].fx/fy/fz,True
489,observation.state,hand_tactile_sensor_1.raw_force_9.fz,tactile sensor 1 raw distributed force raw_idx 9 fz,xhand SDK sensor_data[1].raw_force[9].fz,,"measured sensor value, unless fallback",,,,state[489]=sensor_data[1].raw_force[9].fz,,xhand.py copies SDK order; xhand_control_ros2.cpp copies raw_force[k].fx/fy/fz,True
490,observation.state,hand_tactile_sensor_1.raw_force_10.fx,tactile sensor 1 raw distributed force raw_idx 10 fx,xhand SDK sensor_data[1].raw_force[10].fx,,"measured sensor value, unless fallback",,,,state[490]=sensor_data[1].raw_force[10].fx,,xhand.py copies SDK order; xhand_control_ros2.cpp copies raw_force[k].fx/fy/fz,True
491,observation.state,hand_tactile_sensor_1.raw_force_10.fy,tactile sensor 1 raw distributed force raw_idx 10 fy,xhand SDK sensor_data[1].raw_force[10].fy,,"measured sensor value, unless fallback",,,,state[491]=sensor_data[1].raw_force[10].fy,,xhand.py copies SDK order; xhand_control_ros2.cpp copies raw_force[k].fx/fy/fz,True
492,observation.state,hand_tactile_sensor_1.raw_force_10.fz,tactile sensor 1 raw distributed force raw_idx 10 fz,xhand SDK sensor_data[1].raw_force[10].fz,,"measured sensor value, unless fallback",,,,state[492]=sensor_data[1].raw_force[10].fz,,xhand.py copies SDK order; xhand_control_ros2.cpp copies raw_force[k].fx/fy/fz,True
493,observation.state,hand_tactile_sensor_1.raw_force_11.fx,tactile sensor 1 raw distributed force raw_idx 11 fx,xhand SDK sensor_data[1].raw_force[11].fx,,"measured sensor value, unless fallback",,,,state[493]=sensor_data[1].raw_force[11].fx,,xhand.py copies SDK order; xhand_control_ros2.cpp copies raw_force[k].fx/fy/fz,True
494,observation.state,hand_tactile_sensor_1.raw_force_11.fy,tactile sensor 1 raw distributed force raw_idx 11 fy,xhand SDK sensor_data[1].raw_force[11].fy,,"measured sensor value, unless fallback",,,,state[494]=sensor_data[1].raw_force[11].fy,,xhand.py copies SDK order; xhand_control_ros2.cpp copies raw_force[k].fx/fy/fz,True
495,observation.state,hand_tactile_sensor_1.raw_force_11.fz,tactile sensor 1 raw distributed force raw_idx 11 fz,xhand SDK sensor_data[1].raw_force[11].fz,,"measured sensor value, unless fallback",,,,state[495]=sensor_data[1].raw_force[11].fz,,xhand.py copies SDK order; xhand_control_ros2.cpp copies raw_force[k].fx/fy/fz,True
496,observation.state,hand_tactile_sensor_1.raw_force_12.fx,tactile sensor 1 raw distributed force raw_idx 12 fx,xhand SDK sensor_data[1].raw_force[12].fx,,"measured sensor value, unless fallback",,,,state[496]=sensor_data[1].raw_force[12].fx,,xhand.py copies SDK order; xhand_control_ros2.cpp copies raw_force[k].fx/fy/fz,True
497,observation.state,hand_tactile_sensor_1.raw_force_12.fy,tactile sensor 1 raw distributed force raw_idx 12 fy,xhand SDK sensor_data[1].raw_force[12].fy,,"measured sensor value, unless fallback",,,,state[497]=sensor_data[1].raw_force[12].fy,,xhand.py copies SDK order; xhand_control_ros2.cpp copies raw_force[k].fx/fy/fz,True
498,observation.state,hand_tactile_sensor_1.raw_force_12.fz,tactile sensor 1 raw distributed force raw_idx 12 fz,xhand SDK sensor_data[1].raw_force[12].fz,,"measured sensor value, unless fallback",,,,state[498]=sensor_data[1].raw_force[12].fz,,xhand.py copies SDK order; xhand_control_ros2.cpp copies raw_force[k].fx/fy/fz,True
499,observation.state,hand_tactile_sensor_1.raw_force_13.fx,tactile sensor 1 raw distributed force raw_idx 13 fx,xhand SDK sensor_data[1].raw_force[13].fx,,"measured sensor value, unless fallback",,,,state[499]=sensor_data[1].raw_force[13].fx,,xhand.py copies SDK order; xhand_control_ros2.cpp copies raw_force[k].fx/fy/fz,True
500,observation.state,hand_tactile_sensor_1.raw_force_13.fy,tactile sensor 1 raw distributed force raw_idx 13 fy,xhand SDK sensor_data[1].raw_force[13].fy,,"measured sensor value, unless fallback",,,,state[500]=sensor_data[1].raw_force[13].fy,,xhand.py copies SDK order; xhand_control_ros2.cpp copies raw_force[k].fx/fy/fz,True
501,observation.state,hand_tactile_sensor_1.raw_force_13.fz,tactile sensor 1 raw distributed force raw_idx 13 fz,xhand SDK sensor_data[1].raw_force[13].fz,,"measured sensor value, unless fallback",,,,state[501]=sensor_data[1].raw_force[13].fz,,xhand.py copies SDK order; xhand_control_ros2.cpp copies raw_force[k].fx/fy/fz,True
502,observation.state,hand_tactile_sensor_1.raw_force_14.fx,tactile sensor 1 raw distributed force raw_idx 14 fx,xhand SDK sensor_data[1].raw_force[14].fx,,"measured sensor value, unless fallback",,,,state[502]=sensor_data[1].raw_force[14].fx,,xhand.py copies SDK order; xhand_control_ros2.cpp copies raw_force[k].fx/fy/fz,True
503,observation.state,hand_tactile_sensor_1.raw_force_14.fy,tactile sensor 1 raw distributed force raw_idx 14 fy,xhand SDK sensor_data[1].raw_force[14].fy,,"measured sensor value, unless fallback",,,,state[503]=sensor_data[1].raw_force[14].fy,,xhand.py copies SDK order; xhand_control_ros2.cpp copies raw_force[k].fx/fy/fz,True
504,observation.state,hand_tactile_sensor_1.raw_force_14.fz,tactile sensor 1 raw distributed force raw_idx 14 fz,xhand SDK sensor_data[1].raw_force[14].fz,,"measured sensor value, unless fallback",,,,state[504]=sensor_data[1].raw_force[14].fz,,xhand.py copies SDK order; xhand_control_ros2.cpp copies raw_force[k].fx/fy/fz,True
505,observation.state,hand_tactile_sensor_1.raw_force_15.fx,tactile sensor 1 raw distributed force raw_idx 15 fx,xhand SDK sensor_data[1].raw_force[15].fx,,"measured sensor value, unless fallback",,,,state[505]=sensor_data[1].raw_force[15].fx,,xhand.py copies SDK order; xhand_control_ros2.cpp copies raw_force[k].fx/fy/fz,True
506,observation.state,hand_tactile_sensor_1.raw_force_15.fy,tactile sensor 1 raw distributed force raw_idx 15 fy,xhand SDK sensor_data[1].raw_force[15].fy,,"measured sensor value, unless fallback",,,,state[506]=sensor_data[1].raw_force[15].fy,,xhand.py copies SDK order; xhand_control_ros2.cpp copies raw_force[k].fx/fy/fz,True
507,observation.state,hand_tactile_sensor_1.raw_force_15.fz,tactile sensor 1 raw distributed force raw_idx 15 fz,xhand SDK sensor_data[1].raw_force[15].fz,,"measured sensor value, unless fallback",,,,state[507]=sensor_data[1].raw_force[15].fz,,xhand.py copies SDK order; xhand_control_ros2.cpp copies raw_force[k].fx/fy/fz,True
508,observation.state,hand_tactile_sensor_1.raw_force_16.fx,tactile sensor 1 raw distributed force raw_idx 16 fx,xhand SDK sensor_data[1].raw_force[16].fx,,"measured sensor value, unless fallback",,,,state[508]=sensor_data[1].raw_force[16].fx,,xhand.py copies SDK order; xhand_control_ros2.cpp copies raw_force[k].fx/fy/fz,True
509,observation.state,hand_tactile_sensor_1.raw_force_16.fy,tactile sensor 1 raw distributed force raw_idx 16 fy,xhand SDK sensor_data[1].raw_force[16].fy,,"measured sensor value, unless fallback",,,,state[509]=sensor_data[1].raw_force[16].fy,,xhand.py copies SDK order; xhand_control_ros2.cpp copies raw_force[k].fx/fy/fz,True
510,observation.state,hand_tactile_sensor_1.raw_force_16.fz,tactile sensor 1 raw distributed force raw_idx 16 fz,xhand SDK sensor_data[1].raw_force[16].fz,,"measured sensor value, unless fallback",,,,state[510]=sensor_data[1].raw_force[16].fz,,xhand.py copies SDK order; xhand_control_ros2.cpp copies raw_force[k].fx/fy/fz,True
511,observation.state,hand_tactile_sensor_1.raw_force_17.fx,tactile sensor 1 raw distributed force raw_idx 17 fx,xhand SDK sensor_data[1].raw_force[17].fx,,"measured sensor value, unless fallback",,,,state[511]=sensor_data[1].raw_force[17].fx,,xhand.py copies SDK order; xhand_control_ros2.cpp copies raw_force[k].fx/fy/fz,True
512,observation.state,hand_tactile_sensor_1.raw_force_17.fy,tactile sensor 1 raw distributed force raw_idx 17 fy,xhand SDK sensor_data[1].raw_force[17].fy,,"measured sensor value, unless fallback",,,,state[512]=sensor_data[1].raw_force[17].fy,,xhand.py copies SDK order; xhand_control_ros2.cpp copies raw_force[k].fx/fy/fz,True
513,observation.state,hand_tactile_sensor_1.raw_force_17.fz,tactile sensor 1 raw distributed force raw_idx 17 fz,xhand SDK sensor_data[1].raw_force[17].fz,,"measured sensor value, unless fallback",,,,state[513]=sensor_data[1].raw_force[17].fz,,xhand.py copies SDK order; xhand_control_ros2.cpp copies raw_force[k].fx/fy/fz,True
514,observation.state,hand_tactile_sensor_1.raw_force_18.fx,tactile sensor 1 raw distributed force raw_idx 18 fx,xhand SDK sensor_data[1].raw_force[18].fx,,"measured sensor value, unless fallback",,,,state[514]=sensor_data[1].raw_force[18].fx,,xhand.py copies SDK order; xhand_control_ros2.cpp copies raw_force[k].fx/fy/fz,True
515,observation.state,hand_tactile_sensor_1.raw_force_18.fy,tactile sensor 1 raw distributed force raw_idx 18 fy,xhand SDK sensor_data[1].raw_force[18].fy,,"measured sensor value, unless fallback",,,,state[515]=sensor_data[1].raw_force[18].fy,,xhand.py copies SDK order; xhand_control_ros2.cpp copies raw_force[k].fx/fy/fz,True
516,observation.state,hand_tactile_sensor_1.raw_force_18.fz,tactile sensor 1 raw distributed force raw_idx 18 fz,xhand SDK sensor_data[1].raw_force[18].fz,,"measured sensor value, unless fallback",,,,state[516]=sensor_data[1].raw_force[18].fz,,xhand.py copies SDK order; xhand_control_ros2.cpp copies raw_force[k].fx/fy/fz,True
517,observation.state,hand_tactile_sensor_1.raw_force_19.fx,tactile sensor 1 raw distributed force raw_idx 19 fx,xhand SDK sensor_data[1].raw_force[19].fx,,"measured sensor value, unless fallback",,,,state[517]=sensor_data[1].raw_force[19].fx,,xhand.py copies SDK order; xhand_control_ros2.cpp copies raw_force[k].fx/fy/fz,True
518,observation.state,hand_tactile_sensor_1.raw_force_19.fy,tactile sensor 1 raw distributed force raw_idx 19 fy,xhand SDK sensor_data[1].raw_force[19].fy,,"measured sensor value, unless fallback",,,,state[518]=sensor_data[1].raw_force[19].fy,,xhand.py copies SDK order; xhand_control_ros2.cpp copies raw_force[k].fx/fy/fz,True
519,observation.state,hand_tactile_sensor_1.raw_force_19.fz,tactile sensor 1 raw distributed force raw_idx 19 fz,xhand SDK sensor_data[1].raw_force[19].fz,,"measured sensor value, unless fallback",,,,state[519]=sensor_data[1].raw_force[19].fz,,xhand.py copies SDK order; xhand_control_ros2.cpp copies raw_force[k].fx/fy/fz,True
520,observation.state,hand_tactile_sensor_1.raw_force_20.fx,tactile sensor 1 raw distributed force raw_idx 20 fx,xhand SDK sensor_data[1].raw_force[20].fx,,"measured sensor value, unless fallback",,,,state[520]=sensor_data[1].raw_force[20].fx,,xhand.py copies SDK order; xhand_control_ros2.cpp copies raw_force[k].fx/fy/fz,True
521,observation.state,hand_tactile_sensor_1.raw_force_20.fy,tactile sensor 1 raw distributed force raw_idx 20 fy,xhand SDK sensor_data[1].raw_force[20].fy,,"measured sensor value, unless fallback",,,,state[521]=sensor_data[1].raw_force[20].fy,,xhand.py copies SDK order; xhand_control_ros2.cpp copies raw_force[k].fx/fy/fz,True
522,observation.state,hand_tactile_sensor_1.raw_force_20.fz,tactile sensor 1 raw distributed force raw_idx 20 fz,xhand SDK sensor_data[1].raw_force[20].fz,,"measured sensor value, unless fallback",,,,state[522]=sensor_data[1].raw_force[20].fz,,xhand.py copies SDK order; xhand_control_ros2.cpp copies raw_force[k].fx/fy/fz,True
523,observation.state,hand_tactile_sensor_1.raw_force_21.fx,tactile sensor 1 raw distributed force raw_idx 21 fx,xhand SDK sensor_data[1].raw_force[21].fx,,"measured sensor value, unless fallback",,,,state[523]=sensor_data[1].raw_force[21].fx,,xhand.py copies SDK order; xhand_control_ros2.cpp copies raw_force[k].fx/fy/fz,True
524,observation.state,hand_tactile_sensor_1.raw_force_21.fy,tactile sensor 1 raw distributed force raw_idx 21 fy,xhand SDK sensor_data[1].raw_force[21].fy,,"measured sensor value, unless fallback",,,,state[524]=sensor_data[1].raw_force[21].fy,,xhand.py copies SDK order; xhand_control_ros2.cpp copies raw_force[k].fx/fy/fz,True
525,observation.state,hand_tactile_sensor_1.raw_force_21.fz,tactile sensor 1 raw distributed force raw_idx 21 fz,xhand SDK sensor_data[1].raw_force[21].fz,,"measured sensor value, unless fallback",,,,state[525]=sensor_data[1].raw_force[21].fz,,xhand.py copies SDK order; xhand_control_ros2.cpp copies raw_force[k].fx/fy/fz,True
526,observation.state,hand_tactile_sensor_1.raw_force_22.fx,tactile sensor 1 raw distributed force raw_idx 22 fx,xhand SDK sensor_data[1].raw_force[22].fx,,"measured sensor value, unless fallback",,,,state[526]=sensor_data[1].raw_force[22].fx,,xhand.py copies SDK order; xhand_control_ros2.cpp copies raw_force[k].fx/fy/fz,True
527,observation.state,hand_tactile_sensor_1.raw_force_22.fy,tactile sensor 1 raw distributed force raw_idx 22 fy,xhand SDK sensor_data[1].raw_force[22].fy,,"measured sensor value, unless fallback",,,,state[527]=sensor_data[1].raw_force[22].fy,,xhand.py copies SDK order; xhand_control_ros2.cpp copies raw_force[k].fx/fy/fz,True
528,observation.state,hand_tactile_sensor_1.raw_force_22.fz,tactile sensor 1 raw distributed force raw_idx 22 fz,xhand SDK sensor_data[1].raw_force[22].fz,,"measured sensor value, unless fallback",,,,state[528]=sensor_data[1].raw_force[22].fz,,xhand.py copies SDK order; xhand_control_ros2.cpp copies raw_force[k].fx/fy/fz,True
529,observation.state,hand_tactile_sensor_1.raw_force_23.fx,tactile sensor 1 raw distributed force raw_idx 23 fx,xhand SDK sensor_data[1].raw_force[23].fx,,"measured sensor value, unless fallback",,,,state[529]=sensor_data[1].raw_force[23].fx,,xhand.py copies SDK order; xhand_control_ros2.cpp copies raw_force[k].fx/fy/fz,True
530,observation.state,hand_tactile_sensor_1.raw_force_23.fy,tactile sensor 1 raw distributed force raw_idx 23 fy,xhand SDK sensor_data[1].raw_force[23].fy,,"measured sensor value, unless fallback",,,,state[530]=sensor_data[1].raw_force[23].fy,,xhand.py copies SDK order; xhand_control_ros2.cpp copies raw_force[k].fx/fy/fz,True
531,observation.state,hand_tactile_sensor_1.raw_force_23.fz,tactile sensor 1 raw distributed force raw_idx 23 fz,xhand SDK sensor_data[1].raw_force[23].fz,,"measured sensor value, unless fallback",,,,state[531]=sensor_data[1].raw_force[23].fz,,xhand.py copies SDK order; xhand_control_ros2.cpp copies raw_force[k].fx/fy/fz,True
532,observation.state,hand_tactile_sensor_1.raw_force_24.fx,tactile sensor 1 raw distributed force raw_idx 24 fx,xhand SDK sensor_data[1].raw_force[24].fx,,"measured sensor value, unless fallback",,,,state[532]=sensor_data[1].raw_force[24].fx,,xhand.py copies SDK order; xhand_control_ros2.cpp copies raw_force[k].fx/fy/fz,True
533,observation.state,hand_tactile_sensor_1.raw_force_24.fy,tactile sensor 1 raw distributed force raw_idx 24 fy,xhand SDK sensor_data[1].raw_force[24].fy,,"measured sensor value, unless fallback",,,,state[533]=sensor_data[1].raw_force[24].fy,,xhand.py copies SDK order; xhand_control_ros2.cpp copies raw_force[k].fx/fy/fz,True
534,observation.state,hand_tactile_sensor_1.raw_force_24.fz,tactile sensor 1 raw distributed force raw_idx 24 fz,xhand SDK sensor_data[1].raw_force[24].fz,,"measured sensor value, unless fallback",,,,state[534]=sensor_data[1].raw_force[24].fz,,xhand.py copies SDK order; xhand_control_ros2.cpp copies raw_force[k].fx/fy/fz,True
535,observation.state,hand_tactile_sensor_1.raw_force_25.fx,tactile sensor 1 raw distributed force raw_idx 25 fx,xhand SDK sensor_data[1].raw_force[25].fx,,"measured sensor value, unless fallback",,,,state[535]=sensor_data[1].raw_force[25].fx,,xhand.py copies SDK order; xhand_control_ros2.cpp copies raw_force[k].fx/fy/fz,True
536,observation.state,hand_tactile_sensor_1.raw_force_25.fy,tactile sensor 1 raw distributed force raw_idx 25 fy,xhand SDK sensor_data[1].raw_force[25].fy,,"measured sensor value, unless fallback",,,,state[536]=sensor_data[1].raw_force[25].fy,,xhand.py copies SDK order; xhand_control_ros2.cpp copies raw_force[k].fx/fy/fz,True
537,observation.state,hand_tactile_sensor_1.raw_force_25.fz,tactile sensor 1 raw distributed force raw_idx 25 fz,xhand SDK sensor_data[1].raw_force[25].fz,,"measured sensor value, unless fallback",,,,state[537]=sensor_data[1].raw_force[25].fz,,xhand.py copies SDK order; xhand_control_ros2.cpp copies raw_force[k].fx/fy/fz,True
538,observation.state,hand_tactile_sensor_1.raw_force_26.fx,tactile sensor 1 raw distributed force raw_idx 26 fx,xhand SDK sensor_data[1].raw_force[26].fx,,"measured sensor value, unless fallback",,,,state[538]=sensor_data[1].raw_force[26].fx,,xhand.py copies SDK order; xhand_control_ros2.cpp copies raw_force[k].fx/fy/fz,True
539,observation.state,hand_tactile_sensor_1.raw_force_26.fy,tactile sensor 1 raw distributed force raw_idx 26 fy,xhand SDK sensor_data[1].raw_force[26].fy,,"measured sensor value, unless fallback",,,,state[539]=sensor_data[1].raw_force[26].fy,,xhand.py copies SDK order; xhand_control_ros2.cpp copies raw_force[k].fx/fy/fz,True
540,observation.state,hand_tactile_sensor_1.raw_force_26.fz,tactile sensor 1 raw distributed force raw_idx 26 fz,xhand SDK sensor_data[1].raw_force[26].fz,,"measured sensor value, unless fallback",,,,state[540]=sensor_data[1].raw_force[26].fz,,xhand.py copies SDK order; xhand_control_ros2.cpp copies raw_force[k].fx/fy/fz,True
541,observation.state,hand_tactile_sensor_1.raw_force_27.fx,tactile sensor 1 raw distributed force raw_idx 27 fx,xhand SDK sensor_data[1].raw_force[27].fx,,"measured sensor value, unless fallback",,,,state[541]=sensor_data[1].raw_force[27].fx,,xhand.py copies SDK order; xhand_control_ros2.cpp copies raw_force[k].fx/fy/fz,True
542,observation.state,hand_tactile_sensor_1.raw_force_27.fy,tactile sensor 1 raw distributed force raw_idx 27 fy,xhand SDK sensor_data[1].raw_force[27].fy,,"measured sensor value, unless fallback",,,,state[542]=sensor_data[1].raw_force[27].fy,,xhand.py copies SDK order; xhand_control_ros2.cpp copies raw_force[k].fx/fy/fz,True
543,observation.state,hand_tactile_sensor_1.raw_force_27.fz,tactile sensor 1 raw distributed force raw_idx 27 fz,xhand SDK sensor_data[1].raw_force[27].fz,,"measured sensor value, unless fallback",,,,state[543]=sensor_data[1].raw_force[27].fz,,xhand.py copies SDK order; xhand_control_ros2.cpp copies raw_force[k].fx/fy/fz,True
544,observation.state,hand_tactile_sensor_1.raw_force_28.fx,tactile sensor 1 raw distributed force raw_idx 28 fx,xhand SDK sensor_data[1].raw_force[28].fx,,"measured sensor value, unless fallback",,,,state[544]=sensor_data[1].raw_force[28].fx,,xhand.py copies SDK order; xhand_control_ros2.cpp copies raw_force[k].fx/fy/fz,True
545,observation.state,hand_tactile_sensor_1.raw_force_28.fy,tactile sensor 1 raw distributed force raw_idx 28 fy,xhand SDK sensor_data[1].raw_force[28].fy,,"measured sensor value, unless fallback",,,,state[545]=sensor_data[1].raw_force[28].fy,,xhand.py copies SDK order; xhand_control_ros2.cpp copies raw_force[k].fx/fy/fz,True
546,observation.state,hand_tactile_sensor_1.raw_force_28.fz,tactile sensor 1 raw distributed force raw_idx 28 fz,xhand SDK sensor_data[1].raw_force[28].fz,,"measured sensor value, unless fallback",,,,state[546]=sensor_data[1].raw_force[28].fz,,xhand.py copies SDK order; xhand_control_ros2.cpp copies raw_force[k].fx/fy/fz,True
547,observation.state,hand_tactile_sensor_1.raw_force_29.fx,tactile sensor 1 raw distributed force raw_idx 29 fx,xhand SDK sensor_data[1].raw_force[29].fx,,"measured sensor value, unless fallback",,,,state[547]=sensor_data[1].raw_force[29].fx,,xhand.py copies SDK order; xhand_control_ros2.cpp copies raw_force[k].fx/fy/fz,True
548,observation.state,hand_tactile_sensor_1.raw_force_29.fy,tactile sensor 1 raw distributed force raw_idx 29 fy,xhand SDK sensor_data[1].raw_force[29].fy,,"measured sensor value, unless fallback",,,,state[548]=sensor_data[1].raw_force[29].fy,,xhand.py copies SDK order; xhand_control_ros2.cpp copies raw_force[k].fx/fy/fz,True
549,observation.state,hand_tactile_sensor_1.raw_force_29.fz,tactile sensor 1 raw distributed force raw_idx 29 fz,xhand SDK sensor_data[1].raw_force[29].fz,,"measured sensor value, unless fallback",,,,state[549]=sensor_data[1].raw_force[29].fz,,xhand.py copies SDK order; xhand_control_ros2.cpp copies raw_force[k].fx/fy/fz,True
550,observation.state,hand_tactile_sensor_1.raw_force_30.fx,tactile sensor 1 raw distributed force raw_idx 30 fx,xhand SDK sensor_data[1].raw_force[30].fx,,"measured sensor value, unless fallback",,,,state[550]=sensor_data[1].raw_force[30].fx,,xhand.py copies SDK order; xhand_control_ros2.cpp copies raw_force[k].fx/fy/fz,True
551,observation.state,hand_tactile_sensor_1.raw_force_30.fy,tactile sensor 1 raw distributed force raw_idx 30 fy,xhand SDK sensor_data[1].raw_force[30].fy,,"measured sensor value, unless fallback",,,,state[551]=sensor_data[1].raw_force[30].fy,,xhand.py copies SDK order; xhand_control_ros2.cpp copies raw_force[k].fx/fy/fz,True
552,observation.state,hand_tactile_sensor_1.raw_force_30.fz,tactile sensor 1 raw distributed force raw_idx 30 fz,xhand SDK sensor_data[1].raw_force[30].fz,,"measured sensor value, unless fallback",,,,state[552]=sensor_data[1].raw_force[30].fz,,xhand.py copies SDK order; xhand_control_ros2.cpp copies raw_force[k].fx/fy/fz,True
553,observation.state,hand_tactile_sensor_1.raw_force_31.fx,tactile sensor 1 raw distributed force raw_idx 31 fx,xhand SDK sensor_data[1].raw_force[31].fx,,"measured sensor value, unless fallback",,,,state[553]=sensor_data[1].raw_force[31].fx,,xhand.py copies SDK order; xhand_control_ros2.cpp copies raw_force[k].fx/fy/fz,True
554,observation.state,hand_tactile_sensor_1.raw_force_31.fy,tactile sensor 1 raw distributed force raw_idx 31 fy,xhand SDK sensor_data[1].raw_force[31].fy,,"measured sensor value, unless fallback",,,,state[554]=sensor_data[1].raw_force[31].fy,,xhand.py copies SDK order; xhand_control_ros2.cpp copies raw_force[k].fx/fy/fz,True
555,observation.state,hand_tactile_sensor_1.raw_force_31.fz,tactile sensor 1 raw distributed force raw_idx 31 fz,xhand SDK sensor_data[1].raw_force[31].fz,,"measured sensor value, unless fallback",,,,state[555]=sensor_data[1].raw_force[31].fz,,xhand.py copies SDK order; xhand_control_ros2.cpp copies raw_force[k].fx/fy/fz,True
556,observation.state,hand_tactile_sensor_1.raw_force_32.fx,tactile sensor 1 raw distributed force raw_idx 32 fx,xhand SDK sensor_data[1].raw_force[32].fx,,"measured sensor value, unless fallback",,,,state[556]=sensor_data[1].raw_force[32].fx,,xhand.py copies SDK order; xhand_control_ros2.cpp copies raw_force[k].fx/fy/fz,True
557,observation.state,hand_tactile_sensor_1.raw_force_32.fy,tactile sensor 1 raw distributed force raw_idx 32 fy,xhand SDK sensor_data[1].raw_force[32].fy,,"measured sensor value, unless fallback",,,,state[557]=sensor_data[1].raw_force[32].fy,,xhand.py copies SDK order; xhand_control_ros2.cpp copies raw_force[k].fx/fy/fz,True
558,observation.state,hand_tactile_sensor_1.raw_force_32.fz,tactile sensor 1 raw distributed force raw_idx 32 fz,xhand SDK sensor_data[1].raw_force[32].fz,,"measured sensor value, unless fallback",,,,state[558]=sensor_data[1].raw_force[32].fz,,xhand.py copies SDK order; xhand_control_ros2.cpp copies raw_force[k].fx/fy/fz,True
559,observation.state,hand_tactile_sensor_1.raw_force_33.fx,tactile sensor 1 raw distributed force raw_idx 33 fx,xhand SDK sensor_data[1].raw_force[33].fx,,"measured sensor value, unless fallback",,,,state[559]=sensor_data[1].raw_force[33].fx,,xhand.py copies SDK order; xhand_control_ros2.cpp copies raw_force[k].fx/fy/fz,True
560,observation.state,hand_tactile_sensor_1.raw_force_33.fy,tactile sensor 1 raw distributed force raw_idx 33 fy,xhand SDK sensor_data[1].raw_force[33].fy,,"measured sensor value, unless fallback",,,,state[560]=sensor_data[1].raw_force[33].fy,,xhand.py copies SDK order; xhand_control_ros2.cpp copies raw_force[k].fx/fy/fz,True
561,observation.state,hand_tactile_sensor_1.raw_force_33.fz,tactile sensor 1 raw distributed force raw_idx 33 fz,xhand SDK sensor_data[1].raw_force[33].fz,,"measured sensor value, unless fallback",,,,state[561]=sensor_data[1].raw_force[33].fz,,xhand.py copies SDK order; xhand_control_ros2.cpp copies raw_force[k].fx/fy/fz,True
562,observation.state,hand_tactile_sensor_1.raw_force_34.fx,tactile sensor 1 raw distributed force raw_idx 34 fx,xhand SDK sensor_data[1].raw_force[34].fx,,"measured sensor value, unless fallback",,,,state[562]=sensor_data[1].raw_force[34].fx,,xhand.py copies SDK order; xhand_control_ros2.cpp copies raw_force[k].fx/fy/fz,True
563,observation.state,hand_tactile_sensor_1.raw_force_34.fy,tactile sensor 1 raw distributed force raw_idx 34 fy,xhand SDK sensor_data[1].raw_force[34].fy,,"measured sensor value, unless fallback",,,,state[563]=sensor_data[1].raw_force[34].fy,,xhand.py copies SDK order; xhand_control_ros2.cpp copies raw_force[k].fx/fy/fz,True
564,observation.state,hand_tactile_sensor_1.raw_force_34.fz,tactile sensor 1 raw distributed force raw_idx 34 fz,xhand SDK sensor_data[1].raw_force[34].fz,,"measured sensor value, unless fallback",,,,state[564]=sensor_data[1].raw_force[34].fz,,xhand.py copies SDK order; xhand_control_ros2.cpp copies raw_force[k].fx/fy/fz,True
565,observation.state,hand_tactile_sensor_1.raw_force_35.fx,tactile sensor 1 raw distributed force raw_idx 35 fx,xhand SDK sensor_data[1].raw_force[35].fx,,"measured sensor value, unless fallback",,,,state[565]=sensor_data[1].raw_force[35].fx,,xhand.py copies SDK order; xhand_control_ros2.cpp copies raw_force[k].fx/fy/fz,True
566,observation.state,hand_tactile_sensor_1.raw_force_35.fy,tactile sensor 1 raw distributed force raw_idx 35 fy,xhand SDK sensor_data[1].raw_force[35].fy,,"measured sensor value, unless fallback",,,,state[566]=sensor_data[1].raw_force[35].fy,,xhand.py copies SDK order; xhand_control_ros2.cpp copies raw_force[k].fx/fy/fz,True
567,observation.state,hand_tactile_sensor_1.raw_force_35.fz,tactile sensor 1 raw distributed force raw_idx 35 fz,xhand SDK sensor_data[1].raw_force[35].fz,,"measured sensor value, unless fallback",,,,state[567]=sensor_data[1].raw_force[35].fz,,xhand.py copies SDK order; xhand_control_ros2.cpp copies raw_force[k].fx/fy/fz,True
568,observation.state,hand_tactile_sensor_1.raw_force_36.fx,tactile sensor 1 raw distributed force raw_idx 36 fx,xhand SDK sensor_data[1].raw_force[36].fx,,"measured sensor value, unless fallback",,,,state[568]=sensor_data[1].raw_force[36].fx,,xhand.py copies SDK order; xhand_control_ros2.cpp copies raw_force[k].fx/fy/fz,True
569,observation.state,hand_tactile_sensor_1.raw_force_36.fy,tactile sensor 1 raw distributed force raw_idx 36 fy,xhand SDK sensor_data[1].raw_force[36].fy,,"measured sensor value, unless fallback",,,,state[569]=sensor_data[1].raw_force[36].fy,,xhand.py copies SDK order; xhand_control_ros2.cpp copies raw_force[k].fx/fy/fz,True
570,observation.state,hand_tactile_sensor_1.raw_force_36.fz,tactile sensor 1 raw distributed force raw_idx 36 fz,xhand SDK sensor_data[1].raw_force[36].fz,,"measured sensor value, unless fallback",,,,state[570]=sensor_data[1].raw_force[36].fz,,xhand.py copies SDK order; xhand_control_ros2.cpp copies raw_force[k].fx/fy/fz,True
571,observation.state,hand_tactile_sensor_1.raw_force_37.fx,tactile sensor 1 raw distributed force raw_idx 37 fx,xhand SDK sensor_data[1].raw_force[37].fx,,"measured sensor value, unless fallback",,,,state[571]=sensor_data[1].raw_force[37].fx,,xhand.py copies SDK order; xhand_control_ros2.cpp copies raw_force[k].fx/fy/fz,True
572,observation.state,hand_tactile_sensor_1.raw_force_37.fy,tactile sensor 1 raw distributed force raw_idx 37 fy,xhand SDK sensor_data[1].raw_force[37].fy,,"measured sensor value, unless fallback",,,,state[572]=sensor_data[1].raw_force[37].fy,,xhand.py copies SDK order; xhand_control_ros2.cpp copies raw_force[k].fx/fy/fz,True
573,observation.state,hand_tactile_sensor_1.raw_force_37.fz,tactile sensor 1 raw distributed force raw_idx 37 fz,xhand SDK sensor_data[1].raw_force[37].fz,,"measured sensor value, unless fallback",,,,state[573]=sensor_data[1].raw_force[37].fz,,xhand.py copies SDK order; xhand_control_ros2.cpp copies raw_force[k].fx/fy/fz,True
574,observation.state,hand_tactile_sensor_1.raw_force_38.fx,tactile sensor 1 raw distributed force raw_idx 38 fx,xhand SDK sensor_data[1].raw_force[38].fx,,"measured sensor value, unless fallback",,,,state[574]=sensor_data[1].raw_force[38].fx,,xhand.py copies SDK order; xhand_control_ros2.cpp copies raw_force[k].fx/fy/fz,True
575,observation.state,hand_tactile_sensor_1.raw_force_38.fy,tactile sensor 1 raw distributed force raw_idx 38 fy,xhand SDK sensor_data[1].raw_force[38].fy,,"measured sensor value, unless fallback",,,,state[575]=sensor_data[1].raw_force[38].fy,,xhand.py copies SDK order; xhand_control_ros2.cpp copies raw_force[k].fx/fy/fz,True
576,observation.state,hand_tactile_sensor_1.raw_force_38.fz,tactile sensor 1 raw distributed force raw_idx 38 fz,xhand SDK sensor_data[1].raw_force[38].fz,,"measured sensor value, unless fallback",,,,state[576]=sensor_data[1].raw_force[38].fz,,xhand.py copies SDK order; xhand_control_ros2.cpp copies raw_force[k].fx/fy/fz,True
577,observation.state,hand_tactile_sensor_1.raw_force_39.fx,tactile sensor 1 raw distributed force raw_idx 39 fx,xhand SDK sensor_data[1].raw_force[39].fx,,"measured sensor value, unless fallback",,,,state[577]=sensor_data[1].raw_force[39].fx,,xhand.py copies SDK order; xhand_control_ros2.cpp copies raw_force[k].fx/fy/fz,True
578,observation.state,hand_tactile_sensor_1.raw_force_39.fy,tactile sensor 1 raw distributed force raw_idx 39 fy,xhand SDK sensor_data[1].raw_force[39].fy,,"measured sensor value, unless fallback",,,,state[578]=sensor_data[1].raw_force[39].fy,,xhand.py copies SDK order; xhand_control_ros2.cpp copies raw_force[k].fx/fy/fz,True
579,observation.state,hand_tactile_sensor_1.raw_force_39.fz,tactile sensor 1 raw distributed force raw_idx 39 fz,xhand SDK sensor_data[1].raw_force[39].fz,,"measured sensor value, unless fallback",,,,state[579]=sensor_data[1].raw_force[39].fz,,xhand.py copies SDK order; xhand_control_ros2.cpp copies raw_force[k].fx/fy/fz,True
580,observation.state,hand_tactile_sensor_1.raw_force_40.fx,tactile sensor 1 raw distributed force raw_idx 40 fx,xhand SDK sensor_data[1].raw_force[40].fx,,"measured sensor value, unless fallback",,,,state[580]=sensor_data[1].raw_force[40].fx,,xhand.py copies SDK order; xhand_control_ros2.cpp copies raw_force[k].fx/fy/fz,True
581,observation.state,hand_tactile_sensor_1.raw_force_40.fy,tactile sensor 1 raw distributed force raw_idx 40 fy,xhand SDK sensor_data[1].raw_force[40].fy,,"measured sensor value, unless fallback",,,,state[581]=sensor_data[1].raw_force[40].fy,,xhand.py copies SDK order; xhand_control_ros2.cpp copies raw_force[k].fx/fy/fz,True
582,observation.state,hand_tactile_sensor_1.raw_force_40.fz,tactile sensor 1 raw distributed force raw_idx 40 fz,xhand SDK sensor_data[1].raw_force[40].fz,,"measured sensor value, unless fallback",,,,state[582]=sensor_data[1].raw_force[40].fz,,xhand.py copies SDK order; xhand_control_ros2.cpp copies raw_force[k].fx/fy/fz,True
583,observation.state,hand_tactile_sensor_1.raw_force_41.fx,tactile sensor 1 raw distributed force raw_idx 41 fx,xhand SDK sensor_data[1].raw_force[41].fx,,"measured sensor value, unless fallback",,,,state[583]=sensor_data[1].raw_force[41].fx,,xhand.py copies SDK order; xhand_control_ros2.cpp copies raw_force[k].fx/fy/fz,True
584,observation.state,hand_tactile_sensor_1.raw_force_41.fy,tactile sensor 1 raw distributed force raw_idx 41 fy,xhand SDK sensor_data[1].raw_force[41].fy,,"measured sensor value, unless fallback",,,,state[584]=sensor_data[1].raw_force[41].fy,,xhand.py copies SDK order; xhand_control_ros2.cpp copies raw_force[k].fx/fy/fz,True
585,observation.state,hand_tactile_sensor_1.raw_force_41.fz,tactile sensor 1 raw distributed force raw_idx 41 fz,xhand SDK sensor_data[1].raw_force[41].fz,,"measured sensor value, unless fallback",,,,state[585]=sensor_data[1].raw_force[41].fz,,xhand.py copies SDK order; xhand_control_ros2.cpp copies raw_force[k].fx/fy/fz,True
586,observation.state,hand_tactile_sensor_1.raw_force_42.fx,tactile sensor 1 raw distributed force raw_idx 42 fx,xhand SDK sensor_data[1].raw_force[42].fx,,"measured sensor value, unless fallback",,,,state[586]=sensor_data[1].raw_force[42].fx,,xhand.py copies SDK order; xhand_control_ros2.cpp copies raw_force[k].fx/fy/fz,True
587,observation.state,hand_tactile_sensor_1.raw_force_42.fy,tactile sensor 1 raw distributed force raw_idx 42 fy,xhand SDK sensor_data[1].raw_force[42].fy,,"measured sensor value, unless fallback",,,,state[587]=sensor_data[1].raw_force[42].fy,,xhand.py copies SDK order; xhand_control_ros2.cpp copies raw_force[k].fx/fy/fz,True
588,observation.state,hand_tactile_sensor_1.raw_force_42.fz,tactile sensor 1 raw distributed force raw_idx 42 fz,xhand SDK sensor_data[1].raw_force[42].fz,,"measured sensor value, unless fallback",,,,state[588]=sensor_data[1].raw_force[42].fz,,xhand.py copies SDK order; xhand_control_ros2.cpp copies raw_force[k].fx/fy/fz,True
589,observation.state,hand_tactile_sensor_1.raw_force_43.fx,tactile sensor 1 raw distributed force raw_idx 43 fx,xhand SDK sensor_data[1].raw_force[43].fx,,"measured sensor value, unless fallback",,,,state[589]=sensor_data[1].raw_force[43].fx,,xhand.py copies SDK order; xhand_control_ros2.cpp copies raw_force[k].fx/fy/fz,True
590,observation.state,hand_tactile_sensor_1.raw_force_43.fy,tactile sensor 1 raw distributed force raw_idx 43 fy,xhand SDK sensor_data[1].raw_force[43].fy,,"measured sensor value, unless fallback",,,,state[590]=sensor_data[1].raw_force[43].fy,,xhand.py copies SDK order; xhand_control_ros2.cpp copies raw_force[k].fx/fy/fz,True
591,observation.state,hand_tactile_sensor_1.raw_force_43.fz,tactile sensor 1 raw distributed force raw_idx 43 fz,xhand SDK sensor_data[1].raw_force[43].fz,,"measured sensor value, unless fallback",,,,state[591]=sensor_data[1].raw_force[43].fz,,xhand.py copies SDK order; xhand_control_ros2.cpp copies raw_force[k].fx/fy/fz,True
592,observation.state,hand_tactile_sensor_1.raw_force_44.fx,tactile sensor 1 raw distributed force raw_idx 44 fx,xhand SDK sensor_data[1].raw_force[44].fx,,"measured sensor value, unless fallback",,,,state[592]=sensor_data[1].raw_force[44].fx,,xhand.py copies SDK order; xhand_control_ros2.cpp copies raw_force[k].fx/fy/fz,True
593,observation.state,hand_tactile_sensor_1.raw_force_44.fy,tactile sensor 1 raw distributed force raw_idx 44 fy,xhand SDK sensor_data[1].raw_force[44].fy,,"measured sensor value, unless fallback",,,,state[593]=sensor_data[1].raw_force[44].fy,,xhand.py copies SDK order; xhand_control_ros2.cpp copies raw_force[k].fx/fy/fz,True
594,observation.state,hand_tactile_sensor_1.raw_force_44.fz,tactile sensor 1 raw distributed force raw_idx 44 fz,xhand SDK sensor_data[1].raw_force[44].fz,,"measured sensor value, unless fallback",,,,state[594]=sensor_data[1].raw_force[44].fz,,xhand.py copies SDK order; xhand_control_ros2.cpp copies raw_force[k].fx/fy/fz,True
595,observation.state,hand_tactile_sensor_1.raw_force_45.fx,tactile sensor 1 raw distributed force raw_idx 45 fx,xhand SDK sensor_data[1].raw_force[45].fx,,"measured sensor value, unless fallback",,,,state[595]=sensor_data[1].raw_force[45].fx,,xhand.py copies SDK order; xhand_control_ros2.cpp copies raw_force[k].fx/fy/fz,True
596,observation.state,hand_tactile_sensor_1.raw_force_45.fy,tactile sensor 1 raw distributed force raw_idx 45 fy,xhand SDK sensor_data[1].raw_force[45].fy,,"measured sensor value, unless fallback",,,,state[596]=sensor_data[1].raw_force[45].fy,,xhand.py copies SDK order; xhand_control_ros2.cpp copies raw_force[k].fx/fy/fz,True
597,observation.state,hand_tactile_sensor_1.raw_force_45.fz,tactile sensor 1 raw distributed force raw_idx 45 fz,xhand SDK sensor_data[1].raw_force[45].fz,,"measured sensor value, unless fallback",,,,state[597]=sensor_data[1].raw_force[45].fz,,xhand.py copies SDK order; xhand_control_ros2.cpp copies raw_force[k].fx/fy/fz,True
598,observation.state,hand_tactile_sensor_1.raw_force_46.fx,tactile sensor 1 raw distributed force raw_idx 46 fx,xhand SDK sensor_data[1].raw_force[46].fx,,"measured sensor value, unless fallback",,,,state[598]=sensor_data[1].raw_force[46].fx,,xhand.py copies SDK order; xhand_control_ros2.cpp copies raw_force[k].fx/fy/fz,True
599,observation.state,hand_tactile_sensor_1.raw_force_46.fy,tactile sensor 1 raw distributed force raw_idx 46 fy,xhand SDK sensor_data[1].raw_force[46].fy,,"measured sensor value, unless fallback",,,,state[599]=sensor_data[1].raw_force[46].fy,,xhand.py copies SDK order; xhand_control_ros2.cpp copies raw_force[k].fx/fy/fz,True
600,observation.state,hand_tactile_sensor_1.raw_force_46.fz,tactile sensor 1 raw distributed force raw_idx 46 fz,xhand SDK sensor_data[1].raw_force[46].fz,,"measured sensor value, unless fallback",,,,state[600]=sensor_data[1].raw_force[46].fz,,xhand.py copies SDK order; xhand_control_ros2.cpp copies raw_force[k].fx/fy/fz,True
601,observation.state,hand_tactile_sensor_1.raw_force_47.fx,tactile sensor 1 raw distributed force raw_idx 47 fx,xhand SDK sensor_data[1].raw_force[47].fx,,"measured sensor value, unless fallback",,,,state[601]=sensor_data[1].raw_force[47].fx,,xhand.py copies SDK order; xhand_control_ros2.cpp copies raw_force[k].fx/fy/fz,True
602,observation.state,hand_tactile_sensor_1.raw_force_47.fy,tactile sensor 1 raw distributed force raw_idx 47 fy,xhand SDK sensor_data[1].raw_force[47].fy,,"measured sensor value, unless fallback",,,,state[602]=sensor_data[1].raw_force[47].fy,,xhand.py copies SDK order; xhand_control_ros2.cpp copies raw_force[k].fx/fy/fz,True
603,observation.state,hand_tactile_sensor_1.raw_force_47.fz,tactile sensor 1 raw distributed force raw_idx 47 fz,xhand SDK sensor_data[1].raw_force[47].fz,,"measured sensor value, unless fallback",,,,state[603]=sensor_data[1].raw_force[47].fz,,xhand.py copies SDK order; xhand_control_ros2.cpp copies raw_force[k].fx/fy/fz,True
604,observation.state,hand_tactile_sensor_1.raw_force_48.fx,tactile sensor 1 raw distributed force raw_idx 48 fx,xhand SDK sensor_data[1].raw_force[48].fx,,"measured sensor value, unless fallback",,,,state[604]=sensor_data[1].raw_force[48].fx,,xhand.py copies SDK order; xhand_control_ros2.cpp copies raw_force[k].fx/fy/fz,True
605,observation.state,hand_tactile_sensor_1.raw_force_48.fy,tactile sensor 1 raw distributed force raw_idx 48 fy,xhand SDK sensor_data[1].raw_force[48].fy,,"measured sensor value, unless fallback",,,,state[605]=sensor_data[1].raw_force[48].fy,,xhand.py copies SDK order; xhand_control_ros2.cpp copies raw_force[k].fx/fy/fz,True
606,observation.state,hand_tactile_sensor_1.raw_force_48.fz,tactile sensor 1 raw distributed force raw_idx 48 fz,xhand SDK sensor_data[1].raw_force[48].fz,,"measured sensor value, unless fallback",,,,state[606]=sensor_data[1].raw_force[48].fz,,xhand.py copies SDK order; xhand_control_ros2.cpp copies raw_force[k].fx/fy/fz,True
607,observation.state,hand_tactile_sensor_1.raw_force_49.fx,tactile sensor 1 raw distributed force raw_idx 49 fx,xhand SDK sensor_data[1].raw_force[49].fx,,"measured sensor value, unless fallback",,,,state[607]=sensor_data[1].raw_force[49].fx,,xhand.py copies SDK order; xhand_control_ros2.cpp copies raw_force[k].fx/fy/fz,True
608,observation.state,hand_tactile_sensor_1.raw_force_49.fy,tactile sensor 1 raw distributed force raw_idx 49 fy,xhand SDK sensor_data[1].raw_force[49].fy,,"measured sensor value, unless fallback",,,,state[608]=sensor_data[1].raw_force[49].fy,,xhand.py copies SDK order; xhand_control_ros2.cpp copies raw_force[k].fx/fy/fz,True
609,observation.state,hand_tactile_sensor_1.raw_force_49.fz,tactile sensor 1 raw distributed force raw_idx 49 fz,xhand SDK sensor_data[1].raw_force[49].fz,,"measured sensor value, unless fallback",,,,state[609]=sensor_data[1].raw_force[49].fz,,xhand.py copies SDK order; xhand_control_ros2.cpp copies raw_force[k].fx/fy/fz,True
610,observation.state,hand_tactile_sensor_1.raw_force_50.fx,tactile sensor 1 raw distributed force raw_idx 50 fx,xhand SDK sensor_data[1].raw_force[50].fx,,"measured sensor value, unless fallback",,,,state[610]=sensor_data[1].raw_force[50].fx,,xhand.py copies SDK order; xhand_control_ros2.cpp copies raw_force[k].fx/fy/fz,True
611,observation.state,hand_tactile_sensor_1.raw_force_50.fy,tactile sensor 1 raw distributed force raw_idx 50 fy,xhand SDK sensor_data[1].raw_force[50].fy,,"measured sensor value, unless fallback",,,,state[611]=sensor_data[1].raw_force[50].fy,,xhand.py copies SDK order; xhand_control_ros2.cpp copies raw_force[k].fx/fy/fz,True
612,observation.state,hand_tactile_sensor_1.raw_force_50.fz,tactile sensor 1 raw distributed force raw_idx 50 fz,xhand SDK sensor_data[1].raw_force[50].fz,,"measured sensor value, unless fallback",,,,state[612]=sensor_data[1].raw_force[50].fz,,xhand.py copies SDK order; xhand_control_ros2.cpp copies raw_force[k].fx/fy/fz,True
613,observation.state,hand_tactile_sensor_1.raw_force_51.fx,tactile sensor 1 raw distributed force raw_idx 51 fx,xhand SDK sensor_data[1].raw_force[51].fx,,"measured sensor value, unless fallback",,,,state[613]=sensor_data[1].raw_force[51].fx,,xhand.py copies SDK order; xhand_control_ros2.cpp copies raw_force[k].fx/fy/fz,True
614,observation.state,hand_tactile_sensor_1.raw_force_51.fy,tactile sensor 1 raw distributed force raw_idx 51 fy,xhand SDK sensor_data[1].raw_force[51].fy,,"measured sensor value, unless fallback",,,,state[614]=sensor_data[1].raw_force[51].fy,,xhand.py copies SDK order; xhand_control_ros2.cpp copies raw_force[k].fx/fy/fz,True
615,observation.state,hand_tactile_sensor_1.raw_force_51.fz,tactile sensor 1 raw distributed force raw_idx 51 fz,xhand SDK sensor_data[1].raw_force[51].fz,,"measured sensor value, unless fallback",,,,state[615]=sensor_data[1].raw_force[51].fz,,xhand.py copies SDK order; xhand_control_ros2.cpp copies raw_force[k].fx/fy/fz,True
616,observation.state,hand_tactile_sensor_1.raw_force_52.fx,tactile sensor 1 raw distributed force raw_idx 52 fx,xhand SDK sensor_data[1].raw_force[52].fx,,"measured sensor value, unless fallback",,,,state[616]=sensor_data[1].raw_force[52].fx,,xhand.py copies SDK order; xhand_control_ros2.cpp copies raw_force[k].fx/fy/fz,True
617,observation.state,hand_tactile_sensor_1.raw_force_52.fy,tactile sensor 1 raw distributed force raw_idx 52 fy,xhand SDK sensor_data[1].raw_force[52].fy,,"measured sensor value, unless fallback",,,,state[617]=sensor_data[1].raw_force[52].fy,,xhand.py copies SDK order; xhand_control_ros2.cpp copies raw_force[k].fx/fy/fz,True
618,observation.state,hand_tactile_sensor_1.raw_force_52.fz,tactile sensor 1 raw distributed force raw_idx 52 fz,xhand SDK sensor_data[1].raw_force[52].fz,,"measured sensor value, unless fallback",,,,state[618]=sensor_data[1].raw_force[52].fz,,xhand.py copies SDK order; xhand_control_ros2.cpp copies raw_force[k].fx/fy/fz,True
619,observation.state,hand_tactile_sensor_1.raw_force_53.fx,tactile sensor 1 raw distributed force raw_idx 53 fx,xhand SDK sensor_data[1].raw_force[53].fx,,"measured sensor value, unless fallback",,,,state[619]=sensor_data[1].raw_force[53].fx,,xhand.py copies SDK order; xhand_control_ros2.cpp copies raw_force[k].fx/fy/fz,True
620,observation.state,hand_tactile_sensor_1.raw_force_53.fy,tactile sensor 1 raw distributed force raw_idx 53 fy,xhand SDK sensor_data[1].raw_force[53].fy,,"measured sensor value, unless fallback",,,,state[620]=sensor_data[1].raw_force[53].fy,,xhand.py copies SDK order; xhand_control_ros2.cpp copies raw_force[k].fx/fy/fz,True
621,observation.state,hand_tactile_sensor_1.raw_force_53.fz,tactile sensor 1 raw distributed force raw_idx 53 fz,xhand SDK sensor_data[1].raw_force[53].fz,,"measured sensor value, unless fallback",,,,state[621]=sensor_data[1].raw_force[53].fz,,xhand.py copies SDK order; xhand_control_ros2.cpp copies raw_force[k].fx/fy/fz,True
622,observation.state,hand_tactile_sensor_1.raw_force_54.fx,tactile sensor 1 raw distributed force raw_idx 54 fx,xhand SDK sensor_data[1].raw_force[54].fx,,"measured sensor value, unless fallback",,,,state[622]=sensor_data[1].raw_force[54].fx,,xhand.py copies SDK order; xhand_control_ros2.cpp copies raw_force[k].fx/fy/fz,True
623,observation.state,hand_tactile_sensor_1.raw_force_54.fy,tactile sensor 1 raw distributed force raw_idx 54 fy,xhand SDK sensor_data[1].raw_force[54].fy,,"measured sensor value, unless fallback",,,,state[623]=sensor_data[1].raw_force[54].fy,,xhand.py copies SDK order; xhand_control_ros2.cpp copies raw_force[k].fx/fy/fz,True
624,observation.state,hand_tactile_sensor_1.raw_force_54.fz,tactile sensor 1 raw distributed force raw_idx 54 fz,xhand SDK sensor_data[1].raw_force[54].fz,,"measured sensor value, unless fallback",,,,state[624]=sensor_data[1].raw_force[54].fz,,xhand.py copies SDK order; xhand_control_ros2.cpp copies raw_force[k].fx/fy/fz,True
625,observation.state,hand_tactile_sensor_1.raw_force_55.fx,tactile sensor 1 raw distributed force raw_idx 55 fx,xhand SDK sensor_data[1].raw_force[55].fx,,"measured sensor value, unless fallback",,,,state[625]=sensor_data[1].raw_force[55].fx,,xhand.py copies SDK order; xhand_control_ros2.cpp copies raw_force[k].fx/fy/fz,True
626,observation.state,hand_tactile_sensor_1.raw_force_55.fy,tactile sensor 1 raw distributed force raw_idx 55 fy,xhand SDK sensor_data[1].raw_force[55].fy,,"measured sensor value, unless fallback",,,,state[626]=sensor_data[1].raw_force[55].fy,,xhand.py copies SDK order; xhand_control_ros2.cpp copies raw_force[k].fx/fy/fz,True
627,observation.state,hand_tactile_sensor_1.raw_force_55.fz,tactile sensor 1 raw distributed force raw_idx 55 fz,xhand SDK sensor_data[1].raw_force[55].fz,,"measured sensor value, unless fallback",,,,state[627]=sensor_data[1].raw_force[55].fz,,xhand.py copies SDK order; xhand_control_ros2.cpp copies raw_force[k].fx/fy/fz,True
628,observation.state,hand_tactile_sensor_1.raw_force_56.fx,tactile sensor 1 raw distributed force raw_idx 56 fx,xhand SDK sensor_data[1].raw_force[56].fx,,"measured sensor value, unless fallback",,,,state[628]=sensor_data[1].raw_force[56].fx,,xhand.py copies SDK order; xhand_control_ros2.cpp copies raw_force[k].fx/fy/fz,True
629,observation.state,hand_tactile_sensor_1.raw_force_56.fy,tactile sensor 1 raw distributed force raw_idx 56 fy,xhand SDK sensor_data[1].raw_force[56].fy,,"measured sensor value, unless fallback",,,,state[629]=sensor_data[1].raw_force[56].fy,,xhand.py copies SDK order; xhand_control_ros2.cpp copies raw_force[k].fx/fy/fz,True
630,observation.state,hand_tactile_sensor_1.raw_force_56.fz,tactile sensor 1 raw distributed force raw_idx 56 fz,xhand SDK sensor_data[1].raw_force[56].fz,,"measured sensor value, unless fallback",,,,state[630]=sensor_data[1].raw_force[56].fz,,xhand.py copies SDK order; xhand_control_ros2.cpp copies raw_force[k].fx/fy/fz,True
631,observation.state,hand_tactile_sensor_1.raw_force_57.fx,tactile sensor 1 raw distributed force raw_idx 57 fx,xhand SDK sensor_data[1].raw_force[57].fx,,"measured sensor value, unless fallback",,,,state[631]=sensor_data[1].raw_force[57].fx,,xhand.py copies SDK order; xhand_control_ros2.cpp copies raw_force[k].fx/fy/fz,True
632,observation.state,hand_tactile_sensor_1.raw_force_57.fy,tactile sensor 1 raw distributed force raw_idx 57 fy,xhand SDK sensor_data[1].raw_force[57].fy,,"measured sensor value, unless fallback",,,,state[632]=sensor_data[1].raw_force[57].fy,,xhand.py copies SDK order; xhand_control_ros2.cpp copies raw_force[k].fx/fy/fz,True
633,observation.state,hand_tactile_sensor_1.raw_force_57.fz,tactile sensor 1 raw distributed force raw_idx 57 fz,xhand SDK sensor_data[1].raw_force[57].fz,,"measured sensor value, unless fallback",,,,state[633]=sensor_data[1].raw_force[57].fz,,xhand.py copies SDK order; xhand_control_ros2.cpp copies raw_force[k].fx/fy/fz,True
634,observation.state,hand_tactile_sensor_1.raw_force_58.fx,tactile sensor 1 raw distributed force raw_idx 58 fx,xhand SDK sensor_data[1].raw_force[58].fx,,"measured sensor value, unless fallback",,,,state[634]=sensor_data[1].raw_force[58].fx,,xhand.py copies SDK order; xhand_control_ros2.cpp copies raw_force[k].fx/fy/fz,True
635,observation.state,hand_tactile_sensor_1.raw_force_58.fy,tactile sensor 1 raw distributed force raw_idx 58 fy,xhand SDK sensor_data[1].raw_force[58].fy,,"measured sensor value, unless fallback",,,,state[635]=sensor_data[1].raw_force[58].fy,,xhand.py copies SDK order; xhand_control_ros2.cpp copies raw_force[k].fx/fy/fz,True
636,observation.state,hand_tactile_sensor_1.raw_force_58.fz,tactile sensor 1 raw distributed force raw_idx 58 fz,xhand SDK sensor_data[1].raw_force[58].fz,,"measured sensor value, unless fallback",,,,state[636]=sensor_data[1].raw_force[58].fz,,xhand.py copies SDK order; xhand_control_ros2.cpp copies raw_force[k].fx/fy/fz,True
637,observation.state,hand_tactile_sensor_1.raw_force_59.fx,tactile sensor 1 raw distributed force raw_idx 59 fx,xhand SDK sensor_data[1].raw_force[59].fx,,"measured sensor value, unless fallback",,,,state[637]=sensor_data[1].raw_force[59].fx,,xhand.py copies SDK order; xhand_control_ros2.cpp copies raw_force[k].fx/fy/fz,True
638,observation.state,hand_tactile_sensor_1.raw_force_59.fy,tactile sensor 1 raw distributed force raw_idx 59 fy,xhand SDK sensor_data[1].raw_force[59].fy,,"measured sensor value, unless fallback",,,,state[638]=sensor_data[1].raw_force[59].fy,,xhand.py copies SDK order; xhand_control_ros2.cpp copies raw_force[k].fx/fy/fz,True
639,observation.state,hand_tactile_sensor_1.raw_force_59.fz,tactile sensor 1 raw distributed force raw_idx 59 fz,xhand SDK sensor_data[1].raw_force[59].fz,,"measured sensor value, unless fallback",,,,state[639]=sensor_data[1].raw_force[59].fz,,xhand.py copies SDK order; xhand_control_ros2.cpp copies raw_force[k].fx/fy/fz,True
640,observation.state,hand_tactile_sensor_1.raw_force_60.fx,tactile sensor 1 raw distributed force raw_idx 60 fx,xhand SDK sensor_data[1].raw_force[60].fx,,"measured sensor value, unless fallback",,,,state[640]=sensor_data[1].raw_force[60].fx,,xhand.py copies SDK order; xhand_control_ros2.cpp copies raw_force[k].fx/fy/fz,True
641,observation.state,hand_tactile_sensor_1.raw_force_60.fy,tactile sensor 1 raw distributed force raw_idx 60 fy,xhand SDK sensor_data[1].raw_force[60].fy,,"measured sensor value, unless fallback",,,,state[641]=sensor_data[1].raw_force[60].fy,,xhand.py copies SDK order; xhand_control_ros2.cpp copies raw_force[k].fx/fy/fz,True
642,observation.state,hand_tactile_sensor_1.raw_force_60.fz,tactile sensor 1 raw distributed force raw_idx 60 fz,xhand SDK sensor_data[1].raw_force[60].fz,,"measured sensor value, unless fallback",,,,state[642]=sensor_data[1].raw_force[60].fz,,xhand.py copies SDK order; xhand_control_ros2.cpp copies raw_force[k].fx/fy/fz,True
643,observation.state,hand_tactile_sensor_1.raw_force_61.fx,tactile sensor 1 raw distributed force raw_idx 61 fx,xhand SDK sensor_data[1].raw_force[61].fx,,"measured sensor value, unless fallback",,,,state[643]=sensor_data[1].raw_force[61].fx,,xhand.py copies SDK order; xhand_control_ros2.cpp copies raw_force[k].fx/fy/fz,True
644,observation.state,hand_tactile_sensor_1.raw_force_61.fy,tactile sensor 1 raw distributed force raw_idx 61 fy,xhand SDK sensor_data[1].raw_force[61].fy,,"measured sensor value, unless fallback",,,,state[644]=sensor_data[1].raw_force[61].fy,,xhand.py copies SDK order; xhand_control_ros2.cpp copies raw_force[k].fx/fy/fz,True
645,observation.state,hand_tactile_sensor_1.raw_force_61.fz,tactile sensor 1 raw distributed force raw_idx 61 fz,xhand SDK sensor_data[1].raw_force[61].fz,,"measured sensor value, unless fallback",,,,state[645]=sensor_data[1].raw_force[61].fz,,xhand.py copies SDK order; xhand_control_ros2.cpp copies raw_force[k].fx/fy/fz,True
646,observation.state,hand_tactile_sensor_1.raw_force_62.fx,tactile sensor 1 raw distributed force raw_idx 62 fx,xhand SDK sensor_data[1].raw_force[62].fx,,"measured sensor value, unless fallback",,,,state[646]=sensor_data[1].raw_force[62].fx,,xhand.py copies SDK order; xhand_control_ros2.cpp copies raw_force[k].fx/fy/fz,True
647,observation.state,hand_tactile_sensor_1.raw_force_62.fy,tactile sensor 1 raw distributed force raw_idx 62 fy,xhand SDK sensor_data[1].raw_force[62].fy,,"measured sensor value, unless fallback",,,,state[647]=sensor_data[1].raw_force[62].fy,,xhand.py copies SDK order; xhand_control_ros2.cpp copies raw_force[k].fx/fy/fz,True
648,observation.state,hand_tactile_sensor_1.raw_force_62.fz,tactile sensor 1 raw distributed force raw_idx 62 fz,xhand SDK sensor_data[1].raw_force[62].fz,,"measured sensor value, unless fallback",,,,state[648]=sensor_data[1].raw_force[62].fz,,xhand.py copies SDK order; xhand_control_ros2.cpp copies raw_force[k].fx/fy/fz,True
649,observation.state,hand_tactile_sensor_1.raw_force_63.fx,tactile sensor 1 raw distributed force raw_idx 63 fx,xhand SDK sensor_data[1].raw_force[63].fx,,"measured sensor value, unless fallback",,,,state[649]=sensor_data[1].raw_force[63].fx,,xhand.py copies SDK order; xhand_control_ros2.cpp copies raw_force[k].fx/fy/fz,True
650,observation.state,hand_tactile_sensor_1.raw_force_63.fy,tactile sensor 1 raw distributed force raw_idx 63 fy,xhand SDK sensor_data[1].raw_force[63].fy,,"measured sensor value, unless fallback",,,,state[650]=sensor_data[1].raw_force[63].fy,,xhand.py copies SDK order; xhand_control_ros2.cpp copies raw_force[k].fx/fy/fz,True
651,observation.state,hand_tactile_sensor_1.raw_force_63.fz,tactile sensor 1 raw distributed force raw_idx 63 fz,xhand SDK sensor_data[1].raw_force[63].fz,,"measured sensor value, unless fallback",,,,state[651]=sensor_data[1].raw_force[63].fz,,xhand.py copies SDK order; xhand_control_ros2.cpp copies raw_force[k].fx/fy/fz,True
652,observation.state,hand_tactile_sensor_1.raw_force_64.fx,tactile sensor 1 raw distributed force raw_idx 64 fx,xhand SDK sensor_data[1].raw_force[64].fx,,"measured sensor value, unless fallback",,,,state[652]=sensor_data[1].raw_force[64].fx,,xhand.py copies SDK order; xhand_control_ros2.cpp copies raw_force[k].fx/fy/fz,True
653,observation.state,hand_tactile_sensor_1.raw_force_64.fy,tactile sensor 1 raw distributed force raw_idx 64 fy,xhand SDK sensor_data[1].raw_force[64].fy,,"measured sensor value, unless fallback",,,,state[653]=sensor_data[1].raw_force[64].fy,,xhand.py copies SDK order; xhand_control_ros2.cpp copies raw_force[k].fx/fy/fz,True
654,observation.state,hand_tactile_sensor_1.raw_force_64.fz,tactile sensor 1 raw distributed force raw_idx 64 fz,xhand SDK sensor_data[1].raw_force[64].fz,,"measured sensor value, unless fallback",,,,state[654]=sensor_data[1].raw_force[64].fz,,xhand.py copies SDK order; xhand_control_ros2.cpp copies raw_force[k].fx/fy/fz,True
655,observation.state,hand_tactile_sensor_1.raw_force_65.fx,tactile sensor 1 raw distributed force raw_idx 65 fx,xhand SDK sensor_data[1].raw_force[65].fx,,"measured sensor value, unless fallback",,,,state[655]=sensor_data[1].raw_force[65].fx,,xhand.py copies SDK order; xhand_control_ros2.cpp copies raw_force[k].fx/fy/fz,True
656,observation.state,hand_tactile_sensor_1.raw_force_65.fy,tactile sensor 1 raw distributed force raw_idx 65 fy,xhand SDK sensor_data[1].raw_force[65].fy,,"measured sensor value, unless fallback",,,,state[656]=sensor_data[1].raw_force[65].fy,,xhand.py copies SDK order; xhand_control_ros2.cpp copies raw_force[k].fx/fy/fz,True
657,observation.state,hand_tactile_sensor_1.raw_force_65.fz,tactile sensor 1 raw distributed force raw_idx 65 fz,xhand SDK sensor_data[1].raw_force[65].fz,,"measured sensor value, unless fallback",,,,state[657]=sensor_data[1].raw_force[65].fz,,xhand.py copies SDK order; xhand_control_ros2.cpp copies raw_force[k].fx/fy/fz,True
658,observation.state,hand_tactile_sensor_1.raw_force_66.fx,tactile sensor 1 raw distributed force raw_idx 66 fx,xhand SDK sensor_data[1].raw_force[66].fx,,"measured sensor value, unless fallback",,,,state[658]=sensor_data[1].raw_force[66].fx,,xhand.py copies SDK order; xhand_control_ros2.cpp copies raw_force[k].fx/fy/fz,True
659,observation.state,hand_tactile_sensor_1.raw_force_66.fy,tactile sensor 1 raw distributed force raw_idx 66 fy,xhand SDK sensor_data[1].raw_force[66].fy,,"measured sensor value, unless fallback",,,,state[659]=sensor_data[1].raw_force[66].fy,,xhand.py copies SDK order; xhand_control_ros2.cpp copies raw_force[k].fx/fy/fz,True
660,observation.state,hand_tactile_sensor_1.raw_force_66.fz,tactile sensor 1 raw distributed force raw_idx 66 fz,xhand SDK sensor_data[1].raw_force[66].fz,,"measured sensor value, unless fallback",,,,state[660]=sensor_data[1].raw_force[66].fz,,xhand.py copies SDK order; xhand_control_ros2.cpp copies raw_force[k].fx/fy/fz,True
661,observation.state,hand_tactile_sensor_1.raw_force_67.fx,tactile sensor 1 raw distributed force raw_idx 67 fx,xhand SDK sensor_data[1].raw_force[67].fx,,"measured sensor value, unless fallback",,,,state[661]=sensor_data[1].raw_force[67].fx,,xhand.py copies SDK order; xhand_control_ros2.cpp copies raw_force[k].fx/fy/fz,True
662,observation.state,hand_tactile_sensor_1.raw_force_67.fy,tactile sensor 1 raw distributed force raw_idx 67 fy,xhand SDK sensor_data[1].raw_force[67].fy,,"measured sensor value, unless fallback",,,,state[662]=sensor_data[1].raw_force[67].fy,,xhand.py copies SDK order; xhand_control_ros2.cpp copies raw_force[k].fx/fy/fz,True
663,observation.state,hand_tactile_sensor_1.raw_force_67.fz,tactile sensor 1 raw distributed force raw_idx 67 fz,xhand SDK sensor_data[1].raw_force[67].fz,,"measured sensor value, unless fallback",,,,state[663]=sensor_data[1].raw_force[67].fz,,xhand.py copies SDK order; xhand_control_ros2.cpp copies raw_force[k].fx/fy/fz,True
664,observation.state,hand_tactile_sensor_1.raw_force_68.fx,tactile sensor 1 raw distributed force raw_idx 68 fx,xhand SDK sensor_data[1].raw_force[68].fx,,"measured sensor value, unless fallback",,,,state[664]=sensor_data[1].raw_force[68].fx,,xhand.py copies SDK order; xhand_control_ros2.cpp copies raw_force[k].fx/fy/fz,True
665,observation.state,hand_tactile_sensor_1.raw_force_68.fy,tactile sensor 1 raw distributed force raw_idx 68 fy,xhand SDK sensor_data[1].raw_force[68].fy,,"measured sensor value, unless fallback",,,,state[665]=sensor_data[1].raw_force[68].fy,,xhand.py copies SDK order; xhand_control_ros2.cpp copies raw_force[k].fx/fy/fz,True
666,observation.state,hand_tactile_sensor_1.raw_force_68.fz,tactile sensor 1 raw distributed force raw_idx 68 fz,xhand SDK sensor_data[1].raw_force[68].fz,,"measured sensor value, unless fallback",,,,state[666]=sensor_data[1].raw_force[68].fz,,xhand.py copies SDK order; xhand_control_ros2.cpp copies raw_force[k].fx/fy/fz,True
667,observation.state,hand_tactile_sensor_1.raw_force_69.fx,tactile sensor 1 raw distributed force raw_idx 69 fx,xhand SDK sensor_data[1].raw_force[69].fx,,"measured sensor value, unless fallback",,,,state[667]=sensor_data[1].raw_force[69].fx,,xhand.py copies SDK order; xhand_control_ros2.cpp copies raw_force[k].fx/fy/fz,True
668,observation.state,hand_tactile_sensor_1.raw_force_69.fy,tactile sensor 1 raw distributed force raw_idx 69 fy,xhand SDK sensor_data[1].raw_force[69].fy,,"measured sensor value, unless fallback",,,,state[668]=sensor_data[1].raw_force[69].fy,,xhand.py copies SDK order; xhand_control_ros2.cpp copies raw_force[k].fx/fy/fz,True
669,observation.state,hand_tactile_sensor_1.raw_force_69.fz,tactile sensor 1 raw distributed force raw_idx 69 fz,xhand SDK sensor_data[1].raw_force[69].fz,,"measured sensor value, unless fallback",,,,state[669]=sensor_data[1].raw_force[69].fz,,xhand.py copies SDK order; xhand_control_ros2.cpp copies raw_force[k].fx/fy/fz,True
670,observation.state,hand_tactile_sensor_1.raw_force_70.fx,tactile sensor 1 raw distributed force raw_idx 70 fx,xhand SDK sensor_data[1].raw_force[70].fx,,"measured sensor value, unless fallback",,,,state[670]=sensor_data[1].raw_force[70].fx,,xhand.py copies SDK order; xhand_control_ros2.cpp copies raw_force[k].fx/fy/fz,True
671,observation.state,hand_tactile_sensor_1.raw_force_70.fy,tactile sensor 1 raw distributed force raw_idx 70 fy,xhand SDK sensor_data[1].raw_force[70].fy,,"measured sensor value, unless fallback",,,,state[671]=sensor_data[1].raw_force[70].fy,,xhand.py copies SDK order; xhand_control_ros2.cpp copies raw_force[k].fx/fy/fz,True
672,observation.state,hand_tactile_sensor_1.raw_force_70.fz,tactile sensor 1 raw distributed force raw_idx 70 fz,xhand SDK sensor_data[1].raw_force[70].fz,,"measured sensor value, unless fallback",,,,state[672]=sensor_data[1].raw_force[70].fz,,xhand.py copies SDK order; xhand_control_ros2.cpp copies raw_force[k].fx/fy/fz,True
673,observation.state,hand_tactile_sensor_1.raw_force_71.fx,tactile sensor 1 raw distributed force raw_idx 71 fx,xhand SDK sensor_data[1].raw_force[71].fx,,"measured sensor value, unless fallback",,,,state[673]=sensor_data[1].raw_force[71].fx,,xhand.py copies SDK order; xhand_control_ros2.cpp copies raw_force[k].fx/fy/fz,True
674,observation.state,hand_tactile_sensor_1.raw_force_71.fy,tactile sensor 1 raw distributed force raw_idx 71 fy,xhand SDK sensor_data[1].raw_force[71].fy,,"measured sensor value, unless fallback",,,,state[674]=sensor_data[1].raw_force[71].fy,,xhand.py copies SDK order; xhand_control_ros2.cpp copies raw_force[k].fx/fy/fz,True
675,observation.state,hand_tactile_sensor_1.raw_force_71.fz,tactile sensor 1 raw distributed force raw_idx 71 fz,xhand SDK sensor_data[1].raw_force[71].fz,,"measured sensor value, unless fallback",,,,state[675]=sensor_data[1].raw_force[71].fz,,xhand.py copies SDK order; xhand_control_ros2.cpp copies raw_force[k].fx/fy/fz,True
676,observation.state,hand_tactile_sensor_1.raw_force_72.fx,tactile sensor 1 raw distributed force raw_idx 72 fx,xhand SDK sensor_data[1].raw_force[72].fx,,"measured sensor value, unless fallback",,,,state[676]=sensor_data[1].raw_force[72].fx,,xhand.py copies SDK order; xhand_control_ros2.cpp copies raw_force[k].fx/fy/fz,True
677,observation.state,hand_tactile_sensor_1.raw_force_72.fy,tactile sensor 1 raw distributed force raw_idx 72 fy,xhand SDK sensor_data[1].raw_force[72].fy,,"measured sensor value, unless fallback",,,,state[677]=sensor_data[1].raw_force[72].fy,,xhand.py copies SDK order; xhand_control_ros2.cpp copies raw_force[k].fx/fy/fz,True
678,observation.state,hand_tactile_sensor_1.raw_force_72.fz,tactile sensor 1 raw distributed force raw_idx 72 fz,xhand SDK sensor_data[1].raw_force[72].fz,,"measured sensor value, unless fallback",,,,state[678]=sensor_data[1].raw_force[72].fz,,xhand.py copies SDK order; xhand_control_ros2.cpp copies raw_force[k].fx/fy/fz,True
679,observation.state,hand_tactile_sensor_1.raw_force_73.fx,tactile sensor 1 raw distributed force raw_idx 73 fx,xhand SDK sensor_data[1].raw_force[73].fx,,"measured sensor value, unless fallback",,,,state[679]=sensor_data[1].raw_force[73].fx,,xhand.py copies SDK order; xhand_control_ros2.cpp copies raw_force[k].fx/fy/fz,True
680,observation.state,hand_tactile_sensor_1.raw_force_73.fy,tactile sensor 1 raw distributed force raw_idx 73 fy,xhand SDK sensor_data[1].raw_force[73].fy,,"measured sensor value, unless fallback",,,,state[680]=sensor_data[1].raw_force[73].fy,,xhand.py copies SDK order; xhand_control_ros2.cpp copies raw_force[k].fx/fy/fz,True
681,observation.state,hand_tactile_sensor_1.raw_force_73.fz,tactile sensor 1 raw distributed force raw_idx 73 fz,xhand SDK sensor_data[1].raw_force[73].fz,,"measured sensor value, unless fallback",,,,state[681]=sensor_data[1].raw_force[73].fz,,xhand.py copies SDK order; xhand_control_ros2.cpp copies raw_force[k].fx/fy/fz,True
682,observation.state,hand_tactile_sensor_1.raw_force_74.fx,tactile sensor 1 raw distributed force raw_idx 74 fx,xhand SDK sensor_data[1].raw_force[74].fx,,"measured sensor value, unless fallback",,,,state[682]=sensor_data[1].raw_force[74].fx,,xhand.py copies SDK order; xhand_control_ros2.cpp copies raw_force[k].fx/fy/fz,True
683,observation.state,hand_tactile_sensor_1.raw_force_74.fy,tactile sensor 1 raw distributed force raw_idx 74 fy,xhand SDK sensor_data[1].raw_force[74].fy,,"measured sensor value, unless fallback",,,,state[683]=sensor_data[1].raw_force[74].fy,,xhand.py copies SDK order; xhand_control_ros2.cpp copies raw_force[k].fx/fy/fz,True
684,observation.state,hand_tactile_sensor_1.raw_force_74.fz,tactile sensor 1 raw distributed force raw_idx 74 fz,xhand SDK sensor_data[1].raw_force[74].fz,,"measured sensor value, unless fallback",,,,state[684]=sensor_data[1].raw_force[74].fz,,xhand.py copies SDK order; xhand_control_ros2.cpp copies raw_force[k].fx/fy/fz,True
685,observation.state,hand_tactile_sensor_1.raw_force_75.fx,tactile sensor 1 raw distributed force raw_idx 75 fx,xhand SDK sensor_data[1].raw_force[75].fx,,"measured sensor value, unless fallback",,,,state[685]=sensor_data[1].raw_force[75].fx,,xhand.py copies SDK order; xhand_control_ros2.cpp copies raw_force[k].fx/fy/fz,True
686,observation.state,hand_tactile_sensor_1.raw_force_75.fy,tactile sensor 1 raw distributed force raw_idx 75 fy,xhand SDK sensor_data[1].raw_force[75].fy,,"measured sensor value, unless fallback",,,,state[686]=sensor_data[1].raw_force[75].fy,,xhand.py copies SDK order; xhand_control_ros2.cpp copies raw_force[k].fx/fy/fz,True
687,observation.state,hand_tactile_sensor_1.raw_force_75.fz,tactile sensor 1 raw distributed force raw_idx 75 fz,xhand SDK sensor_data[1].raw_force[75].fz,,"measured sensor value, unless fallback",,,,state[687]=sensor_data[1].raw_force[75].fz,,xhand.py copies SDK order; xhand_control_ros2.cpp copies raw_force[k].fx/fy/fz,True
688,observation.state,hand_tactile_sensor_1.raw_force_76.fx,tactile sensor 1 raw distributed force raw_idx 76 fx,xhand SDK sensor_data[1].raw_force[76].fx,,"measured sensor value, unless fallback",,,,state[688]=sensor_data[1].raw_force[76].fx,,xhand.py copies SDK order; xhand_control_ros2.cpp copies raw_force[k].fx/fy/fz,True
689,observation.state,hand_tactile_sensor_1.raw_force_76.fy,tactile sensor 1 raw distributed force raw_idx 76 fy,xhand SDK sensor_data[1].raw_force[76].fy,,"measured sensor value, unless fallback",,,,state[689]=sensor_data[1].raw_force[76].fy,,xhand.py copies SDK order; xhand_control_ros2.cpp copies raw_force[k].fx/fy/fz,True
690,observation.state,hand_tactile_sensor_1.raw_force_76.fz,tactile sensor 1 raw distributed force raw_idx 76 fz,xhand SDK sensor_data[1].raw_force[76].fz,,"measured sensor value, unless fallback",,,,state[690]=sensor_data[1].raw_force[76].fz,,xhand.py copies SDK order; xhand_control_ros2.cpp copies raw_force[k].fx/fy/fz,True
691,observation.state,hand_tactile_sensor_1.raw_force_77.fx,tactile sensor 1 raw distributed force raw_idx 77 fx,xhand SDK sensor_data[1].raw_force[77].fx,,"measured sensor value, unless fallback",,,,state[691]=sensor_data[1].raw_force[77].fx,,xhand.py copies SDK order; xhand_control_ros2.cpp copies raw_force[k].fx/fy/fz,True
692,observation.state,hand_tactile_sensor_1.raw_force_77.fy,tactile sensor 1 raw distributed force raw_idx 77 fy,xhand SDK sensor_data[1].raw_force[77].fy,,"measured sensor value, unless fallback",,,,state[692]=sensor_data[1].raw_force[77].fy,,xhand.py copies SDK order; xhand_control_ros2.cpp copies raw_force[k].fx/fy/fz,True
693,observation.state,hand_tactile_sensor_1.raw_force_77.fz,tactile sensor 1 raw distributed force raw_idx 77 fz,xhand SDK sensor_data[1].raw_force[77].fz,,"measured sensor value, unless fallback",,,,state[693]=sensor_data[1].raw_force[77].fz,,xhand.py copies SDK order; xhand_control_ros2.cpp copies raw_force[k].fx/fy/fz,True
694,observation.state,hand_tactile_sensor_1.raw_force_78.fx,tactile sensor 1 raw distributed force raw_idx 78 fx,xhand SDK sensor_data[1].raw_force[78].fx,,"measured sensor value, unless fallback",,,,state[694]=sensor_data[1].raw_force[78].fx,,xhand.py copies SDK order; xhand_control_ros2.cpp copies raw_force[k].fx/fy/fz,True
695,observation.state,hand_tactile_sensor_1.raw_force_78.fy,tactile sensor 1 raw distributed force raw_idx 78 fy,xhand SDK sensor_data[1].raw_force[78].fy,,"measured sensor value, unless fallback",,,,state[695]=sensor_data[1].raw_force[78].fy,,xhand.py copies SDK order; xhand_control_ros2.cpp copies raw_force[k].fx/fy/fz,True
696,observation.state,hand_tactile_sensor_1.raw_force_78.fz,tactile sensor 1 raw distributed force raw_idx 78 fz,xhand SDK sensor_data[1].raw_force[78].fz,,"measured sensor value, unless fallback",,,,state[696]=sensor_data[1].raw_force[78].fz,,xhand.py copies SDK order; xhand_control_ros2.cpp copies raw_force[k].fx/fy/fz,True
697,observation.state,hand_tactile_sensor_1.raw_force_79.fx,tactile sensor 1 raw distributed force raw_idx 79 fx,xhand SDK sensor_data[1].raw_force[79].fx,,"measured sensor value, unless fallback",,,,state[697]=sensor_data[1].raw_force[79].fx,,xhand.py copies SDK order; xhand_control_ros2.cpp copies raw_force[k].fx/fy/fz,True
698,observation.state,hand_tactile_sensor_1.raw_force_79.fy,tactile sensor 1 raw distributed force raw_idx 79 fy,xhand SDK sensor_data[1].raw_force[79].fy,,"measured sensor value, unless fallback",,,,state[698]=sensor_data[1].raw_force[79].fy,,xhand.py copies SDK order; xhand_control_ros2.cpp copies raw_force[k].fx/fy/fz,True
699,observation.state,hand_tactile_sensor_1.raw_force_79.fz,tactile sensor 1 raw distributed force raw_idx 79 fz,xhand SDK sensor_data[1].raw_force[79].fz,,"measured sensor value, unless fallback",,,,state[699]=sensor_data[1].raw_force[79].fz,,xhand.py copies SDK order; xhand_control_ros2.cpp copies raw_force[k].fx/fy/fz,True
700,observation.state,hand_tactile_sensor_1.raw_force_80.fx,tactile sensor 1 raw distributed force raw_idx 80 fx,xhand SDK sensor_data[1].raw_force[80].fx,,"measured sensor value, unless fallback",,,,state[700]=sensor_data[1].raw_force[80].fx,,xhand.py copies SDK order; xhand_control_ros2.cpp copies raw_force[k].fx/fy/fz,True
701,observation.state,hand_tactile_sensor_1.raw_force_80.fy,tactile sensor 1 raw distributed force raw_idx 80 fy,xhand SDK sensor_data[1].raw_force[80].fy,,"measured sensor value, unless fallback",,,,state[701]=sensor_data[1].raw_force[80].fy,,xhand.py copies SDK order; xhand_control_ros2.cpp copies raw_force[k].fx/fy/fz,True
702,observation.state,hand_tactile_sensor_1.raw_force_80.fz,tactile sensor 1 raw distributed force raw_idx 80 fz,xhand SDK sensor_data[1].raw_force[80].fz,,"measured sensor value, unless fallback",,,,state[702]=sensor_data[1].raw_force[80].fz,,xhand.py copies SDK order; xhand_control_ros2.cpp copies raw_force[k].fx/fy/fz,True
703,observation.state,hand_tactile_sensor_1.raw_force_81.fx,tactile sensor 1 raw distributed force raw_idx 81 fx,xhand SDK sensor_data[1].raw_force[81].fx,,"measured sensor value, unless fallback",,,,state[703]=sensor_data[1].raw_force[81].fx,,xhand.py copies SDK order; xhand_control_ros2.cpp copies raw_force[k].fx/fy/fz,True
704,observation.state,hand_tactile_sensor_1.raw_force_81.fy,tactile sensor 1 raw distributed force raw_idx 81 fy,xhand SDK sensor_data[1].raw_force[81].fy,,"measured sensor value, unless fallback",,,,state[704]=sensor_data[1].raw_force[81].fy,,xhand.py copies SDK order; xhand_control_ros2.cpp copies raw_force[k].fx/fy/fz,True
705,observation.state,hand_tactile_sensor_1.raw_force_81.fz,tactile sensor 1 raw distributed force raw_idx 81 fz,xhand SDK sensor_data[1].raw_force[81].fz,,"measured sensor value, unless fallback",,,,state[705]=sensor_data[1].raw_force[81].fz,,xhand.py copies SDK order; xhand_control_ros2.cpp copies raw_force[k].fx/fy/fz,True
706,observation.state,hand_tactile_sensor_1.raw_force_82.fx,tactile sensor 1 raw distributed force raw_idx 82 fx,xhand SDK sensor_data[1].raw_force[82].fx,,"measured sensor value, unless fallback",,,,state[706]=sensor_data[1].raw_force[82].fx,,xhand.py copies SDK order; xhand_control_ros2.cpp copies raw_force[k].fx/fy/fz,True
707,observation.state,hand_tactile_sensor_1.raw_force_82.fy,tactile sensor 1 raw distributed force raw_idx 82 fy,xhand SDK sensor_data[1].raw_force[82].fy,,"measured sensor value, unless fallback",,,,state[707]=sensor_data[1].raw_force[82].fy,,xhand.py copies SDK order; xhand_control_ros2.cpp copies raw_force[k].fx/fy/fz,True
708,observation.state,hand_tactile_sensor_1.raw_force_82.fz,tactile sensor 1 raw distributed force raw_idx 82 fz,xhand SDK sensor_data[1].raw_force[82].fz,,"measured sensor value, unless fallback",,,,state[708]=sensor_data[1].raw_force[82].fz,,xhand.py copies SDK order; xhand_control_ros2.cpp copies raw_force[k].fx/fy/fz,True
709,observation.state,hand_tactile_sensor_1.raw_force_83.fx,tactile sensor 1 raw distributed force raw_idx 83 fx,xhand SDK sensor_data[1].raw_force[83].fx,,"measured sensor value, unless fallback",,,,state[709]=sensor_data[1].raw_force[83].fx,,xhand.py copies SDK order; xhand_control_ros2.cpp copies raw_force[k].fx/fy/fz,True
710,observation.state,hand_tactile_sensor_1.raw_force_83.fy,tactile sensor 1 raw distributed force raw_idx 83 fy,xhand SDK sensor_data[1].raw_force[83].fy,,"measured sensor value, unless fallback",,,,state[710]=sensor_data[1].raw_force[83].fy,,xhand.py copies SDK order; xhand_control_ros2.cpp copies raw_force[k].fx/fy/fz,True
711,observation.state,hand_tactile_sensor_1.raw_force_83.fz,tactile sensor 1 raw distributed force raw_idx 83 fz,xhand SDK sensor_data[1].raw_force[83].fz,,"measured sensor value, unless fallback",,,,state[711]=sensor_data[1].raw_force[83].fz,,xhand.py copies SDK order; xhand_control_ros2.cpp copies raw_force[k].fx/fy/fz,True
712,observation.state,hand_tactile_sensor_1.raw_force_84.fx,tactile sensor 1 raw distributed force raw_idx 84 fx,xhand SDK sensor_data[1].raw_force[84].fx,,"measured sensor value, unless fallback",,,,state[712]=sensor_data[1].raw_force[84].fx,,xhand.py copies SDK order; xhand_control_ros2.cpp copies raw_force[k].fx/fy/fz,True
713,observation.state,hand_tactile_sensor_1.raw_force_84.fy,tactile sensor 1 raw distributed force raw_idx 84 fy,xhand SDK sensor_data[1].raw_force[84].fy,,"measured sensor value, unless fallback",,,,state[713]=sensor_data[1].raw_force[84].fy,,xhand.py copies SDK order; xhand_control_ros2.cpp copies raw_force[k].fx/fy/fz,True
714,observation.state,hand_tactile_sensor_1.raw_force_84.fz,tactile sensor 1 raw distributed force raw_idx 84 fz,xhand SDK sensor_data[1].raw_force[84].fz,,"measured sensor value, unless fallback",,,,state[714]=sensor_data[1].raw_force[84].fz,,xhand.py copies SDK order; xhand_control_ros2.cpp copies raw_force[k].fx/fy/fz,True
715,observation.state,hand_tactile_sensor_1.raw_force_85.fx,tactile sensor 1 raw distributed force raw_idx 85 fx,xhand SDK sensor_data[1].raw_force[85].fx,,"measured sensor value, unless fallback",,,,state[715]=sensor_data[1].raw_force[85].fx,,xhand.py copies SDK order; xhand_control_ros2.cpp copies raw_force[k].fx/fy/fz,True
716,observation.state,hand_tactile_sensor_1.raw_force_85.fy,tactile sensor 1 raw distributed force raw_idx 85 fy,xhand SDK sensor_data[1].raw_force[85].fy,,"measured sensor value, unless fallback",,,,state[716]=sensor_data[1].raw_force[85].fy,,xhand.py copies SDK order; xhand_control_ros2.cpp copies raw_force[k].fx/fy/fz,True
717,observation.state,hand_tactile_sensor_1.raw_force_85.fz,tactile sensor 1 raw distributed force raw_idx 85 fz,xhand SDK sensor_data[1].raw_force[85].fz,,"measured sensor value, unless fallback",,,,state[717]=sensor_data[1].raw_force[85].fz,,xhand.py copies SDK order; xhand_control_ros2.cpp copies raw_force[k].fx/fy/fz,True
718,observation.state,hand_tactile_sensor_1.raw_force_86.fx,tactile sensor 1 raw distributed force raw_idx 86 fx,xhand SDK sensor_data[1].raw_force[86].fx,,"measured sensor value, unless fallback",,,,state[718]=sensor_data[1].raw_force[86].fx,,xhand.py copies SDK order; xhand_control_ros2.cpp copies raw_force[k].fx/fy/fz,True
719,observation.state,hand_tactile_sensor_1.raw_force_86.fy,tactile sensor 1 raw distributed force raw_idx 86 fy,xhand SDK sensor_data[1].raw_force[86].fy,,"measured sensor value, unless fallback",,,,state[719]=sensor_data[1].raw_force[86].fy,,xhand.py copies SDK order; xhand_control_ros2.cpp copies raw_force[k].fx/fy/fz,True
720,observation.state,hand_tactile_sensor_1.raw_force_86.fz,tactile sensor 1 raw distributed force raw_idx 86 fz,xhand SDK sensor_data[1].raw_force[86].fz,,"measured sensor value, unless fallback",,,,state[720]=sensor_data[1].raw_force[86].fz,,xhand.py copies SDK order; xhand_control_ros2.cpp copies raw_force[k].fx/fy/fz,True
721,observation.state,hand_tactile_sensor_1.raw_force_87.fx,tactile sensor 1 raw distributed force raw_idx 87 fx,xhand SDK sensor_data[1].raw_force[87].fx,,"measured sensor value, unless fallback",,,,state[721]=sensor_data[1].raw_force[87].fx,,xhand.py copies SDK order; xhand_control_ros2.cpp copies raw_force[k].fx/fy/fz,True
722,observation.state,hand_tactile_sensor_1.raw_force_87.fy,tactile sensor 1 raw distributed force raw_idx 87 fy,xhand SDK sensor_data[1].raw_force[87].fy,,"measured sensor value, unless fallback",,,,state[722]=sensor_data[1].raw_force[87].fy,,xhand.py copies SDK order; xhand_control_ros2.cpp copies raw_force[k].fx/fy/fz,True
723,observation.state,hand_tactile_sensor_1.raw_force_87.fz,tactile sensor 1 raw distributed force raw_idx 87 fz,xhand SDK sensor_data[1].raw_force[87].fz,,"measured sensor value, unless fallback",,,,state[723]=sensor_data[1].raw_force[87].fz,,xhand.py copies SDK order; xhand_control_ros2.cpp copies raw_force[k].fx/fy/fz,True
724,observation.state,hand_tactile_sensor_1.raw_force_88.fx,tactile sensor 1 raw distributed force raw_idx 88 fx,xhand SDK sensor_data[1].raw_force[88].fx,,"measured sensor value, unless fallback",,,,state[724]=sensor_data[1].raw_force[88].fx,,xhand.py copies SDK order; xhand_control_ros2.cpp copies raw_force[k].fx/fy/fz,True
725,observation.state,hand_tactile_sensor_1.raw_force_88.fy,tactile sensor 1 raw distributed force raw_idx 88 fy,xhand SDK sensor_data[1].raw_force[88].fy,,"measured sensor value, unless fallback",,,,state[725]=sensor_data[1].raw_force[88].fy,,xhand.py copies SDK order; xhand_control_ros2.cpp copies raw_force[k].fx/fy/fz,True
726,observation.state,hand_tactile_sensor_1.raw_force_88.fz,tactile sensor 1 raw distributed force raw_idx 88 fz,xhand SDK sensor_data[1].raw_force[88].fz,,"measured sensor value, unless fallback",,,,state[726]=sensor_data[1].raw_force[88].fz,,xhand.py copies SDK order; xhand_control_ros2.cpp copies raw_force[k].fx/fy/fz,True
727,observation.state,hand_tactile_sensor_1.raw_force_89.fx,tactile sensor 1 raw distributed force raw_idx 89 fx,xhand SDK sensor_data[1].raw_force[89].fx,,"measured sensor value, unless fallback",,,,state[727]=sensor_data[1].raw_force[89].fx,,xhand.py copies SDK order; xhand_control_ros2.cpp copies raw_force[k].fx/fy/fz,True
728,observation.state,hand_tactile_sensor_1.raw_force_89.fy,tactile sensor 1 raw distributed force raw_idx 89 fy,xhand SDK sensor_data[1].raw_force[89].fy,,"measured sensor value, unless fallback",,,,state[728]=sensor_data[1].raw_force[89].fy,,xhand.py copies SDK order; xhand_control_ros2.cpp copies raw_force[k].fx/fy/fz,True
729,observation.state,hand_tactile_sensor_1.raw_force_89.fz,tactile sensor 1 raw distributed force raw_idx 89 fz,xhand SDK sensor_data[1].raw_force[89].fz,,"measured sensor value, unless fallback",,,,state[729]=sensor_data[1].raw_force[89].fz,,xhand.py copies SDK order; xhand_control_ros2.cpp copies raw_force[k].fx/fy/fz,True
730,observation.state,hand_tactile_sensor_1.raw_force_90.fx,tactile sensor 1 raw distributed force raw_idx 90 fx,xhand SDK sensor_data[1].raw_force[90].fx,,"measured sensor value, unless fallback",,,,state[730]=sensor_data[1].raw_force[90].fx,,xhand.py copies SDK order; xhand_control_ros2.cpp copies raw_force[k].fx/fy/fz,True
731,observation.state,hand_tactile_sensor_1.raw_force_90.fy,tactile sensor 1 raw distributed force raw_idx 90 fy,xhand SDK sensor_data[1].raw_force[90].fy,,"measured sensor value, unless fallback",,,,state[731]=sensor_data[1].raw_force[90].fy,,xhand.py copies SDK order; xhand_control_ros2.cpp copies raw_force[k].fx/fy/fz,True
732,observation.state,hand_tactile_sensor_1.raw_force_90.fz,tactile sensor 1 raw distributed force raw_idx 90 fz,xhand SDK sensor_data[1].raw_force[90].fz,,"measured sensor value, unless fallback",,,,state[732]=sensor_data[1].raw_force[90].fz,,xhand.py copies SDK order; xhand_control_ros2.cpp copies raw_force[k].fx/fy/fz,True
733,observation.state,hand_tactile_sensor_1.raw_force_91.fx,tactile sensor 1 raw distributed force raw_idx 91 fx,xhand SDK sensor_data[1].raw_force[91].fx,,"measured sensor value, unless fallback",,,,state[733]=sensor_data[1].raw_force[91].fx,,xhand.py copies SDK order; xhand_control_ros2.cpp copies raw_force[k].fx/fy/fz,True
734,observation.state,hand_tactile_sensor_1.raw_force_91.fy,tactile sensor 1 raw distributed force raw_idx 91 fy,xhand SDK sensor_data[1].raw_force[91].fy,,"measured sensor value, unless fallback",,,,state[734]=sensor_data[1].raw_force[91].fy,,xhand.py copies SDK order; xhand_control_ros2.cpp copies raw_force[k].fx/fy/fz,True
735,observation.state,hand_tactile_sensor_1.raw_force_91.fz,tactile sensor 1 raw distributed force raw_idx 91 fz,xhand SDK sensor_data[1].raw_force[91].fz,,"measured sensor value, unless fallback",,,,state[735]=sensor_data[1].raw_force[91].fz,,xhand.py copies SDK order; xhand_control_ros2.cpp copies raw_force[k].fx/fy/fz,True
736,observation.state,hand_tactile_sensor_1.raw_force_92.fx,tactile sensor 1 raw distributed force raw_idx 92 fx,xhand SDK sensor_data[1].raw_force[92].fx,,"measured sensor value, unless fallback",,,,state[736]=sensor_data[1].raw_force[92].fx,,xhand.py copies SDK order; xhand_control_ros2.cpp copies raw_force[k].fx/fy/fz,True
737,observation.state,hand_tactile_sensor_1.raw_force_92.fy,tactile sensor 1 raw distributed force raw_idx 92 fy,xhand SDK sensor_data[1].raw_force[92].fy,,"measured sensor value, unless fallback",,,,state[737]=sensor_data[1].raw_force[92].fy,,xhand.py copies SDK order; xhand_control_ros2.cpp copies raw_force[k].fx/fy/fz,True
738,observation.state,hand_tactile_sensor_1.raw_force_92.fz,tactile sensor 1 raw distributed force raw_idx 92 fz,xhand SDK sensor_data[1].raw_force[92].fz,,"measured sensor value, unless fallback",,,,state[738]=sensor_data[1].raw_force[92].fz,,xhand.py copies SDK order; xhand_control_ros2.cpp copies raw_force[k].fx/fy/fz,True
739,observation.state,hand_tactile_sensor_1.raw_force_93.fx,tactile sensor 1 raw distributed force raw_idx 93 fx,xhand SDK sensor_data[1].raw_force[93].fx,,"measured sensor value, unless fallback",,,,state[739]=sensor_data[1].raw_force[93].fx,,xhand.py copies SDK order; xhand_control_ros2.cpp copies raw_force[k].fx/fy/fz,True
740,observation.state,hand_tactile_sensor_1.raw_force_93.fy,tactile sensor 1 raw distributed force raw_idx 93 fy,xhand SDK sensor_data[1].raw_force[93].fy,,"measured sensor value, unless fallback",,,,state[740]=sensor_data[1].raw_force[93].fy,,xhand.py copies SDK order; xhand_control_ros2.cpp copies raw_force[k].fx/fy/fz,True
741,observation.state,hand_tactile_sensor_1.raw_force_93.fz,tactile sensor 1 raw distributed force raw_idx 93 fz,xhand SDK sensor_data[1].raw_force[93].fz,,"measured sensor value, unless fallback",,,,state[741]=sensor_data[1].raw_force[93].fz,,xhand.py copies SDK order; xhand_control_ros2.cpp copies raw_force[k].fx/fy/fz,True
742,observation.state,hand_tactile_sensor_1.raw_force_94.fx,tactile sensor 1 raw distributed force raw_idx 94 fx,xhand SDK sensor_data[1].raw_force[94].fx,,"measured sensor value, unless fallback",,,,state[742]=sensor_data[1].raw_force[94].fx,,xhand.py copies SDK order; xhand_control_ros2.cpp copies raw_force[k].fx/fy/fz,True
743,observation.state,hand_tactile_sensor_1.raw_force_94.fy,tactile sensor 1 raw distributed force raw_idx 94 fy,xhand SDK sensor_data[1].raw_force[94].fy,,"measured sensor value, unless fallback",,,,state[743]=sensor_data[1].raw_force[94].fy,,xhand.py copies SDK order; xhand_control_ros2.cpp copies raw_force[k].fx/fy/fz,True
744,observation.state,hand_tactile_sensor_1.raw_force_94.fz,tactile sensor 1 raw distributed force raw_idx 94 fz,xhand SDK sensor_data[1].raw_force[94].fz,,"measured sensor value, unless fallback",,,,state[744]=sensor_data[1].raw_force[94].fz,,xhand.py copies SDK order; xhand_control_ros2.cpp copies raw_force[k].fx/fy/fz,True
745,observation.state,hand_tactile_sensor_1.raw_force_95.fx,tactile sensor 1 raw distributed force raw_idx 95 fx,xhand SDK sensor_data[1].raw_force[95].fx,,"measured sensor value, unless fallback",,,,state[745]=sensor_data[1].raw_force[95].fx,,xhand.py copies SDK order; xhand_control_ros2.cpp copies raw_force[k].fx/fy/fz,True
746,observation.state,hand_tactile_sensor_1.raw_force_95.fy,tactile sensor 1 raw distributed force raw_idx 95 fy,xhand SDK sensor_data[1].raw_force[95].fy,,"measured sensor value, unless fallback",,,,state[746]=sensor_data[1].raw_force[95].fy,,xhand.py copies SDK order; xhand_control_ros2.cpp copies raw_force[k].fx/fy/fz,True
747,observation.state,hand_tactile_sensor_1.raw_force_95.fz,tactile sensor 1 raw distributed force raw_idx 95 fz,xhand SDK sensor_data[1].raw_force[95].fz,,"measured sensor value, unless fallback",,,,state[747]=sensor_data[1].raw_force[95].fz,,xhand.py copies SDK order; xhand_control_ros2.cpp copies raw_force[k].fx/fy/fz,True
748,observation.state,hand_tactile_sensor_1.raw_force_96.fx,tactile sensor 1 raw distributed force raw_idx 96 fx,xhand SDK sensor_data[1].raw_force[96].fx,,"measured sensor value, unless fallback",,,,state[748]=sensor_data[1].raw_force[96].fx,,xhand.py copies SDK order; xhand_control_ros2.cpp copies raw_force[k].fx/fy/fz,True
749,observation.state,hand_tactile_sensor_1.raw_force_96.fy,tactile sensor 1 raw distributed force raw_idx 96 fy,xhand SDK sensor_data[1].raw_force[96].fy,,"measured sensor value, unless fallback",,,,state[749]=sensor_data[1].raw_force[96].fy,,xhand.py copies SDK order; xhand_control_ros2.cpp copies raw_force[k].fx/fy/fz,True
750,observation.state,hand_tactile_sensor_1.raw_force_96.fz,tactile sensor 1 raw distributed force raw_idx 96 fz,xhand SDK sensor_data[1].raw_force[96].fz,,"measured sensor value, unless fallback",,,,state[750]=sensor_data[1].raw_force[96].fz,,xhand.py copies SDK order; xhand_control_ros2.cpp copies raw_force[k].fx/fy/fz,True
751,observation.state,hand_tactile_sensor_1.raw_force_97.fx,tactile sensor 1 raw distributed force raw_idx 97 fx,xhand SDK sensor_data[1].raw_force[97].fx,,"measured sensor value, unless fallback",,,,state[751]=sensor_data[1].raw_force[97].fx,,xhand.py copies SDK order; xhand_control_ros2.cpp copies raw_force[k].fx/fy/fz,True
752,observation.state,hand_tactile_sensor_1.raw_force_97.fy,tactile sensor 1 raw distributed force raw_idx 97 fy,xhand SDK sensor_data[1].raw_force[97].fy,,"measured sensor value, unless fallback",,,,state[752]=sensor_data[1].raw_force[97].fy,,xhand.py copies SDK order; xhand_control_ros2.cpp copies raw_force[k].fx/fy/fz,True
753,observation.state,hand_tactile_sensor_1.raw_force_97.fz,tactile sensor 1 raw distributed force raw_idx 97 fz,xhand SDK sensor_data[1].raw_force[97].fz,,"measured sensor value, unless fallback",,,,state[753]=sensor_data[1].raw_force[97].fz,,xhand.py copies SDK order; xhand_control_ros2.cpp copies raw_force[k].fx/fy/fz,True
754,observation.state,hand_tactile_sensor_1.raw_force_98.fx,tactile sensor 1 raw distributed force raw_idx 98 fx,xhand SDK sensor_data[1].raw_force[98].fx,,"measured sensor value, unless fallback",,,,state[754]=sensor_data[1].raw_force[98].fx,,xhand.py copies SDK order; xhand_control_ros2.cpp copies raw_force[k].fx/fy/fz,True
755,observation.state,hand_tactile_sensor_1.raw_force_98.fy,tactile sensor 1 raw distributed force raw_idx 98 fy,xhand SDK sensor_data[1].raw_force[98].fy,,"measured sensor value, unless fallback",,,,state[755]=sensor_data[1].raw_force[98].fy,,xhand.py copies SDK order; xhand_control_ros2.cpp copies raw_force[k].fx/fy/fz,True
756,observation.state,hand_tactile_sensor_1.raw_force_98.fz,tactile sensor 1 raw distributed force raw_idx 98 fz,xhand SDK sensor_data[1].raw_force[98].fz,,"measured sensor value, unless fallback",,,,state[756]=sensor_data[1].raw_force[98].fz,,xhand.py copies SDK order; xhand_control_ros2.cpp copies raw_force[k].fx/fy/fz,True
757,observation.state,hand_tactile_sensor_1.raw_force_99.fx,tactile sensor 1 raw distributed force raw_idx 99 fx,xhand SDK sensor_data[1].raw_force[99].fx,,"measured sensor value, unless fallback",,,,state[757]=sensor_data[1].raw_force[99].fx,,xhand.py copies SDK order; xhand_control_ros2.cpp copies raw_force[k].fx/fy/fz,True
758,observation.state,hand_tactile_sensor_1.raw_force_99.fy,tactile sensor 1 raw distributed force raw_idx 99 fy,xhand SDK sensor_data[1].raw_force[99].fy,,"measured sensor value, unless fallback",,,,state[758]=sensor_data[1].raw_force[99].fy,,xhand.py copies SDK order; xhand_control_ros2.cpp copies raw_force[k].fx/fy/fz,True
759,observation.state,hand_tactile_sensor_1.raw_force_99.fz,tactile sensor 1 raw distributed force raw_idx 99 fz,xhand SDK sensor_data[1].raw_force[99].fz,,"measured sensor value, unless fallback",,,,state[759]=sensor_data[1].raw_force[99].fz,,xhand.py copies SDK order; xhand_control_ros2.cpp copies raw_force[k].fx/fy/fz,True
760,observation.state,hand_tactile_sensor_1.raw_force_100.fx,tactile sensor 1 raw distributed force raw_idx 100 fx,xhand SDK sensor_data[1].raw_force[100].fx,,"measured sensor value, unless fallback",,,,state[760]=sensor_data[1].raw_force[100].fx,,xhand.py copies SDK order; xhand_control_ros2.cpp copies raw_force[k].fx/fy/fz,True
761,observation.state,hand_tactile_sensor_1.raw_force_100.fy,tactile sensor 1 raw distributed force raw_idx 100 fy,xhand SDK sensor_data[1].raw_force[100].fy,,"measured sensor value, unless fallback",,,,state[761]=sensor_data[1].raw_force[100].fy,,xhand.py copies SDK order; xhand_control_ros2.cpp copies raw_force[k].fx/fy/fz,True
762,observation.state,hand_tactile_sensor_1.raw_force_100.fz,tactile sensor 1 raw distributed force raw_idx 100 fz,xhand SDK sensor_data[1].raw_force[100].fz,,"measured sensor value, unless fallback",,,,state[762]=sensor_data[1].raw_force[100].fz,,xhand.py copies SDK order; xhand_control_ros2.cpp copies raw_force[k].fx/fy/fz,True
763,observation.state,hand_tactile_sensor_1.raw_force_101.fx,tactile sensor 1 raw distributed force raw_idx 101 fx,xhand SDK sensor_data[1].raw_force[101].fx,,"measured sensor value, unless fallback",,,,state[763]=sensor_data[1].raw_force[101].fx,,xhand.py copies SDK order; xhand_control_ros2.cpp copies raw_force[k].fx/fy/fz,True
764,observation.state,hand_tactile_sensor_1.raw_force_101.fy,tactile sensor 1 raw distributed force raw_idx 101 fy,xhand SDK sensor_data[1].raw_force[101].fy,,"measured sensor value, unless fallback",,,,state[764]=sensor_data[1].raw_force[101].fy,,xhand.py copies SDK order; xhand_control_ros2.cpp copies raw_force[k].fx/fy/fz,True
765,observation.state,hand_tactile_sensor_1.raw_force_101.fz,tactile sensor 1 raw distributed force raw_idx 101 fz,xhand SDK sensor_data[1].raw_force[101].fz,,"measured sensor value, unless fallback",,,,state[765]=sensor_data[1].raw_force[101].fz,,xhand.py copies SDK order; xhand_control_ros2.cpp copies raw_force[k].fx/fy/fz,True
766,observation.state,hand_tactile_sensor_1.raw_force_102.fx,tactile sensor 1 raw distributed force raw_idx 102 fx,xhand SDK sensor_data[1].raw_force[102].fx,,"measured sensor value, unless fallback",,,,state[766]=sensor_data[1].raw_force[102].fx,,xhand.py copies SDK order; xhand_control_ros2.cpp copies raw_force[k].fx/fy/fz,True
767,observation.state,hand_tactile_sensor_1.raw_force_102.fy,tactile sensor 1 raw distributed force raw_idx 102 fy,xhand SDK sensor_data[1].raw_force[102].fy,,"measured sensor value, unless fallback",,,,state[767]=sensor_data[1].raw_force[102].fy,,xhand.py copies SDK order; xhand_control_ros2.cpp copies raw_force[k].fx/fy/fz,True
768,observation.state,hand_tactile_sensor_1.raw_force_102.fz,tactile sensor 1 raw distributed force raw_idx 102 fz,xhand SDK sensor_data[1].raw_force[102].fz,,"measured sensor value, unless fallback",,,,state[768]=sensor_data[1].raw_force[102].fz,,xhand.py copies SDK order; xhand_control_ros2.cpp copies raw_force[k].fx/fy/fz,True
769,observation.state,hand_tactile_sensor_1.raw_force_103.fx,tactile sensor 1 raw distributed force raw_idx 103 fx,xhand SDK sensor_data[1].raw_force[103].fx,,"measured sensor value, unless fallback",,,,state[769]=sensor_data[1].raw_force[103].fx,,xhand.py copies SDK order; xhand_control_ros2.cpp copies raw_force[k].fx/fy/fz,True
770,observation.state,hand_tactile_sensor_1.raw_force_103.fy,tactile sensor 1 raw distributed force raw_idx 103 fy,xhand SDK sensor_data[1].raw_force[103].fy,,"measured sensor value, unless fallback",,,,state[770]=sensor_data[1].raw_force[103].fy,,xhand.py copies SDK order; xhand_control_ros2.cpp copies raw_force[k].fx/fy/fz,True
771,observation.state,hand_tactile_sensor_1.raw_force_103.fz,tactile sensor 1 raw distributed force raw_idx 103 fz,xhand SDK sensor_data[1].raw_force[103].fz,,"measured sensor value, unless fallback",,,,state[771]=sensor_data[1].raw_force[103].fz,,xhand.py copies SDK order; xhand_control_ros2.cpp copies raw_force[k].fx/fy/fz,True
772,observation.state,hand_tactile_sensor_1.raw_force_104.fx,tactile sensor 1 raw distributed force raw_idx 104 fx,xhand SDK sensor_data[1].raw_force[104].fx,,"measured sensor value, unless fallback",,,,state[772]=sensor_data[1].raw_force[104].fx,,xhand.py copies SDK order; xhand_control_ros2.cpp copies raw_force[k].fx/fy/fz,True
773,observation.state,hand_tactile_sensor_1.raw_force_104.fy,tactile sensor 1 raw distributed force raw_idx 104 fy,xhand SDK sensor_data[1].raw_force[104].fy,,"measured sensor value, unless fallback",,,,state[773]=sensor_data[1].raw_force[104].fy,,xhand.py copies SDK order; xhand_control_ros2.cpp copies raw_force[k].fx/fy/fz,True
774,observation.state,hand_tactile_sensor_1.raw_force_104.fz,tactile sensor 1 raw distributed force raw_idx 104 fz,xhand SDK sensor_data[1].raw_force[104].fz,,"measured sensor value, unless fallback",,,,state[774]=sensor_data[1].raw_force[104].fz,,xhand.py copies SDK order; xhand_control_ros2.cpp copies raw_force[k].fx/fy/fz,True
775,observation.state,hand_tactile_sensor_1.raw_force_105.fx,tactile sensor 1 raw distributed force raw_idx 105 fx,xhand SDK sensor_data[1].raw_force[105].fx,,"measured sensor value, unless fallback",,,,state[775]=sensor_data[1].raw_force[105].fx,,xhand.py copies SDK order; xhand_control_ros2.cpp copies raw_force[k].fx/fy/fz,True
776,observation.state,hand_tactile_sensor_1.raw_force_105.fy,tactile sensor 1 raw distributed force raw_idx 105 fy,xhand SDK sensor_data[1].raw_force[105].fy,,"measured sensor value, unless fallback",,,,state[776]=sensor_data[1].raw_force[105].fy,,xhand.py copies SDK order; xhand_control_ros2.cpp copies raw_force[k].fx/fy/fz,True
777,observation.state,hand_tactile_sensor_1.raw_force_105.fz,tactile sensor 1 raw distributed force raw_idx 105 fz,xhand SDK sensor_data[1].raw_force[105].fz,,"measured sensor value, unless fallback",,,,state[777]=sensor_data[1].raw_force[105].fz,,xhand.py copies SDK order; xhand_control_ros2.cpp copies raw_force[k].fx/fy/fz,True
778,observation.state,hand_tactile_sensor_1.raw_force_106.fx,tactile sensor 1 raw distributed force raw_idx 106 fx,xhand SDK sensor_data[1].raw_force[106].fx,,"measured sensor value, unless fallback",,,,state[778]=sensor_data[1].raw_force[106].fx,,xhand.py copies SDK order; xhand_control_ros2.cpp copies raw_force[k].fx/fy/fz,True
779,observation.state,hand_tactile_sensor_1.raw_force_106.fy,tactile sensor 1 raw distributed force raw_idx 106 fy,xhand SDK sensor_data[1].raw_force[106].fy,,"measured sensor value, unless fallback",,,,state[779]=sensor_data[1].raw_force[106].fy,,xhand.py copies SDK order; xhand_control_ros2.cpp copies raw_force[k].fx/fy/fz,True
780,observation.state,hand_tactile_sensor_1.raw_force_106.fz,tactile sensor 1 raw distributed force raw_idx 106 fz,xhand SDK sensor_data[1].raw_force[106].fz,,"measured sensor value, unless fallback",,,,state[780]=sensor_data[1].raw_force[106].fz,,xhand.py copies SDK order; xhand_control_ros2.cpp copies raw_force[k].fx/fy/fz,True
781,observation.state,hand_tactile_sensor_1.raw_force_107.fx,tactile sensor 1 raw distributed force raw_idx 107 fx,xhand SDK sensor_data[1].raw_force[107].fx,,"measured sensor value, unless fallback",,,,state[781]=sensor_data[1].raw_force[107].fx,,xhand.py copies SDK order; xhand_control_ros2.cpp copies raw_force[k].fx/fy/fz,True
782,observation.state,hand_tactile_sensor_1.raw_force_107.fy,tactile sensor 1 raw distributed force raw_idx 107 fy,xhand SDK sensor_data[1].raw_force[107].fy,,"measured sensor value, unless fallback",,,,state[782]=sensor_data[1].raw_force[107].fy,,xhand.py copies SDK order; xhand_control_ros2.cpp copies raw_force[k].fx/fy/fz,True
783,observation.state,hand_tactile_sensor_1.raw_force_107.fz,tactile sensor 1 raw distributed force raw_idx 107 fz,xhand SDK sensor_data[1].raw_force[107].fz,,"measured sensor value, unless fallback",,,,state[783]=sensor_data[1].raw_force[107].fz,,xhand.py copies SDK order; xhand_control_ros2.cpp copies raw_force[k].fx/fy/fz,True
784,observation.state,hand_tactile_sensor_1.raw_force_108.fx,tactile sensor 1 raw distributed force raw_idx 108 fx,xhand SDK sensor_data[1].raw_force[108].fx,,"measured sensor value, unless fallback",,,,state[784]=sensor_data[1].raw_force[108].fx,,xhand.py copies SDK order; xhand_control_ros2.cpp copies raw_force[k].fx/fy/fz,True
785,observation.state,hand_tactile_sensor_1.raw_force_108.fy,tactile sensor 1 raw distributed force raw_idx 108 fy,xhand SDK sensor_data[1].raw_force[108].fy,,"measured sensor value, unless fallback",,,,state[785]=sensor_data[1].raw_force[108].fy,,xhand.py copies SDK order; xhand_control_ros2.cpp copies raw_force[k].fx/fy/fz,True
786,observation.state,hand_tactile_sensor_1.raw_force_108.fz,tactile sensor 1 raw distributed force raw_idx 108 fz,xhand SDK sensor_data[1].raw_force[108].fz,,"measured sensor value, unless fallback",,,,state[786]=sensor_data[1].raw_force[108].fz,,xhand.py copies SDK order; xhand_control_ros2.cpp copies raw_force[k].fx/fy/fz,True
787,observation.state,hand_tactile_sensor_1.raw_force_109.fx,tactile sensor 1 raw distributed force raw_idx 109 fx,xhand SDK sensor_data[1].raw_force[109].fx,,"measured sensor value, unless fallback",,,,state[787]=sensor_data[1].raw_force[109].fx,,xhand.py copies SDK order; xhand_control_ros2.cpp copies raw_force[k].fx/fy/fz,True
788,observation.state,hand_tactile_sensor_1.raw_force_109.fy,tactile sensor 1 raw distributed force raw_idx 109 fy,xhand SDK sensor_data[1].raw_force[109].fy,,"measured sensor value, unless fallback",,,,state[788]=sensor_data[1].raw_force[109].fy,,xhand.py copies SDK order; xhand_control_ros2.cpp copies raw_force[k].fx/fy/fz,True
789,observation.state,hand_tactile_sensor_1.raw_force_109.fz,tactile sensor 1 raw distributed force raw_idx 109 fz,xhand SDK sensor_data[1].raw_force[109].fz,,"measured sensor value, unless fallback",,,,state[789]=sensor_data[1].raw_force[109].fz,,xhand.py copies SDK order; xhand_control_ros2.cpp copies raw_force[k].fx/fy/fz,True
790,observation.state,hand_tactile_sensor_1.raw_force_110.fx,tactile sensor 1 raw distributed force raw_idx 110 fx,xhand SDK sensor_data[1].raw_force[110].fx,,"measured sensor value, unless fallback",,,,state[790]=sensor_data[1].raw_force[110].fx,,xhand.py copies SDK order; xhand_control_ros2.cpp copies raw_force[k].fx/fy/fz,True
791,observation.state,hand_tactile_sensor_1.raw_force_110.fy,tactile sensor 1 raw distributed force raw_idx 110 fy,xhand SDK sensor_data[1].raw_force[110].fy,,"measured sensor value, unless fallback",,,,state[791]=sensor_data[1].raw_force[110].fy,,xhand.py copies SDK order; xhand_control_ros2.cpp copies raw_force[k].fx/fy/fz,True
792,observation.state,hand_tactile_sensor_1.raw_force_110.fz,tactile sensor 1 raw distributed force raw_idx 110 fz,xhand SDK sensor_data[1].raw_force[110].fz,,"measured sensor value, unless fallback",,,,state[792]=sensor_data[1].raw_force[110].fz,,xhand.py copies SDK order; xhand_control_ros2.cpp copies raw_force[k].fx/fy/fz,True
793,observation.state,hand_tactile_sensor_1.raw_force_111.fx,tactile sensor 1 raw distributed force raw_idx 111 fx,xhand SDK sensor_data[1].raw_force[111].fx,,"measured sensor value, unless fallback",,,,state[793]=sensor_data[1].raw_force[111].fx,,xhand.py copies SDK order; xhand_control_ros2.cpp copies raw_force[k].fx/fy/fz,True
794,observation.state,hand_tactile_sensor_1.raw_force_111.fy,tactile sensor 1 raw distributed force raw_idx 111 fy,xhand SDK sensor_data[1].raw_force[111].fy,,"measured sensor value, unless fallback",,,,state[794]=sensor_data[1].raw_force[111].fy,,xhand.py copies SDK order; xhand_control_ros2.cpp copies raw_force[k].fx/fy/fz,True
795,observation.state,hand_tactile_sensor_1.raw_force_111.fz,tactile sensor 1 raw distributed force raw_idx 111 fz,xhand SDK sensor_data[1].raw_force[111].fz,,"measured sensor value, unless fallback",,,,state[795]=sensor_data[1].raw_force[111].fz,,xhand.py copies SDK order; xhand_control_ros2.cpp copies raw_force[k].fx/fy/fz,True
796,observation.state,hand_tactile_sensor_1.raw_force_112.fx,tactile sensor 1 raw distributed force raw_idx 112 fx,xhand SDK sensor_data[1].raw_force[112].fx,,"measured sensor value, unless fallback",,,,state[796]=sensor_data[1].raw_force[112].fx,,xhand.py copies SDK order; xhand_control_ros2.cpp copies raw_force[k].fx/fy/fz,True
797,observation.state,hand_tactile_sensor_1.raw_force_112.fy,tactile sensor 1 raw distributed force raw_idx 112 fy,xhand SDK sensor_data[1].raw_force[112].fy,,"measured sensor value, unless fallback",,,,state[797]=sensor_data[1].raw_force[112].fy,,xhand.py copies SDK order; xhand_control_ros2.cpp copies raw_force[k].fx/fy/fz,True
798,observation.state,hand_tactile_sensor_1.raw_force_112.fz,tactile sensor 1 raw distributed force raw_idx 112 fz,xhand SDK sensor_data[1].raw_force[112].fz,,"measured sensor value, unless fallback",,,,state[798]=sensor_data[1].raw_force[112].fz,,xhand.py copies SDK order; xhand_control_ros2.cpp copies raw_force[k].fx/fy/fz,True
799,observation.state,hand_tactile_sensor_1.raw_force_113.fx,tactile sensor 1 raw distributed force raw_idx 113 fx,xhand SDK sensor_data[1].raw_force[113].fx,,"measured sensor value, unless fallback",,,,state[799]=sensor_data[1].raw_force[113].fx,,xhand.py copies SDK order; xhand_control_ros2.cpp copies raw_force[k].fx/fy/fz,True
800,observation.state,hand_tactile_sensor_1.raw_force_113.fy,tactile sensor 1 raw distributed force raw_idx 113 fy,xhand SDK sensor_data[1].raw_force[113].fy,,"measured sensor value, unless fallback",,,,state[800]=sensor_data[1].raw_force[113].fy,,xhand.py copies SDK order; xhand_control_ros2.cpp copies raw_force[k].fx/fy/fz,True
801,observation.state,hand_tactile_sensor_1.raw_force_113.fz,tactile sensor 1 raw distributed force raw_idx 113 fz,xhand SDK sensor_data[1].raw_force[113].fz,,"measured sensor value, unless fallback",,,,state[801]=sensor_data[1].raw_force[113].fz,,xhand.py copies SDK order; xhand_control_ros2.cpp copies raw_force[k].fx/fy/fz,True
802,observation.state,hand_tactile_sensor_1.raw_force_114.fx,tactile sensor 1 raw distributed force raw_idx 114 fx,xhand SDK sensor_data[1].raw_force[114].fx,,"measured sensor value, unless fallback",,,,state[802]=sensor_data[1].raw_force[114].fx,,xhand.py copies SDK order; xhand_control_ros2.cpp copies raw_force[k].fx/fy/fz,True
803,observation.state,hand_tactile_sensor_1.raw_force_114.fy,tactile sensor 1 raw distributed force raw_idx 114 fy,xhand SDK sensor_data[1].raw_force[114].fy,,"measured sensor value, unless fallback",,,,state[803]=sensor_data[1].raw_force[114].fy,,xhand.py copies SDK order; xhand_control_ros2.cpp copies raw_force[k].fx/fy/fz,True
804,observation.state,hand_tactile_sensor_1.raw_force_114.fz,tactile sensor 1 raw distributed force raw_idx 114 fz,xhand SDK sensor_data[1].raw_force[114].fz,,"measured sensor value, unless fallback",,,,state[804]=sensor_data[1].raw_force[114].fz,,xhand.py copies SDK order; xhand_control_ros2.cpp copies raw_force[k].fx/fy/fz,True
805,observation.state,hand_tactile_sensor_1.raw_force_115.fx,tactile sensor 1 raw distributed force raw_idx 115 fx,xhand SDK sensor_data[1].raw_force[115].fx,,"measured sensor value, unless fallback",,,,state[805]=sensor_data[1].raw_force[115].fx,,xhand.py copies SDK order; xhand_control_ros2.cpp copies raw_force[k].fx/fy/fz,True
806,observation.state,hand_tactile_sensor_1.raw_force_115.fy,tactile sensor 1 raw distributed force raw_idx 115 fy,xhand SDK sensor_data[1].raw_force[115].fy,,"measured sensor value, unless fallback",,,,state[806]=sensor_data[1].raw_force[115].fy,,xhand.py copies SDK order; xhand_control_ros2.cpp copies raw_force[k].fx/fy/fz,True
807,observation.state,hand_tactile_sensor_1.raw_force_115.fz,tactile sensor 1 raw distributed force raw_idx 115 fz,xhand SDK sensor_data[1].raw_force[115].fz,,"measured sensor value, unless fallback",,,,state[807]=sensor_data[1].raw_force[115].fz,,xhand.py copies SDK order; xhand_control_ros2.cpp copies raw_force[k].fx/fy/fz,True
808,observation.state,hand_tactile_sensor_1.raw_force_116.fx,tactile sensor 1 raw distributed force raw_idx 116 fx,xhand SDK sensor_data[1].raw_force[116].fx,,"measured sensor value, unless fallback",,,,state[808]=sensor_data[1].raw_force[116].fx,,xhand.py copies SDK order; xhand_control_ros2.cpp copies raw_force[k].fx/fy/fz,True
809,observation.state,hand_tactile_sensor_1.raw_force_116.fy,tactile sensor 1 raw distributed force raw_idx 116 fy,xhand SDK sensor_data[1].raw_force[116].fy,,"measured sensor value, unless fallback",,,,state[809]=sensor_data[1].raw_force[116].fy,,xhand.py copies SDK order; xhand_control_ros2.cpp copies raw_force[k].fx/fy/fz,True
810,observation.state,hand_tactile_sensor_1.raw_force_116.fz,tactile sensor 1 raw distributed force raw_idx 116 fz,xhand SDK sensor_data[1].raw_force[116].fz,,"measured sensor value, unless fallback",,,,state[810]=sensor_data[1].raw_force[116].fz,,xhand.py copies SDK order; xhand_control_ros2.cpp copies raw_force[k].fx/fy/fz,True
811,observation.state,hand_tactile_sensor_1.raw_force_117.fx,tactile sensor 1 raw distributed force raw_idx 117 fx,xhand SDK sensor_data[1].raw_force[117].fx,,"measured sensor value, unless fallback",,,,state[811]=sensor_data[1].raw_force[117].fx,,xhand.py copies SDK order; xhand_control_ros2.cpp copies raw_force[k].fx/fy/fz,True
812,observation.state,hand_tactile_sensor_1.raw_force_117.fy,tactile sensor 1 raw distributed force raw_idx 117 fy,xhand SDK sensor_data[1].raw_force[117].fy,,"measured sensor value, unless fallback",,,,state[812]=sensor_data[1].raw_force[117].fy,,xhand.py copies SDK order; xhand_control_ros2.cpp copies raw_force[k].fx/fy/fz,True
813,observation.state,hand_tactile_sensor_1.raw_force_117.fz,tactile sensor 1 raw distributed force raw_idx 117 fz,xhand SDK sensor_data[1].raw_force[117].fz,,"measured sensor value, unless fallback",,,,state[813]=sensor_data[1].raw_force[117].fz,,xhand.py copies SDK order; xhand_control_ros2.cpp copies raw_force[k].fx/fy/fz,True
814,observation.state,hand_tactile_sensor_1.raw_force_118.fx,tactile sensor 1 raw distributed force raw_idx 118 fx,xhand SDK sensor_data[1].raw_force[118].fx,,"measured sensor value, unless fallback",,,,state[814]=sensor_data[1].raw_force[118].fx,,xhand.py copies SDK order; xhand_control_ros2.cpp copies raw_force[k].fx/fy/fz,True
815,observation.state,hand_tactile_sensor_1.raw_force_118.fy,tactile sensor 1 raw distributed force raw_idx 118 fy,xhand SDK sensor_data[1].raw_force[118].fy,,"measured sensor value, unless fallback",,,,state[815]=sensor_data[1].raw_force[118].fy,,xhand.py copies SDK order; xhand_control_ros2.cpp copies raw_force[k].fx/fy/fz,True
816,observation.state,hand_tactile_sensor_1.raw_force_118.fz,tactile sensor 1 raw distributed force raw_idx 118 fz,xhand SDK sensor_data[1].raw_force[118].fz,,"measured sensor value, unless fallback",,,,state[816]=sensor_data[1].raw_force[118].fz,,xhand.py copies SDK order; xhand_control_ros2.cpp copies raw_force[k].fx/fy/fz,True
817,observation.state,hand_tactile_sensor_1.raw_force_119.fx,tactile sensor 1 raw distributed force raw_idx 119 fx,xhand SDK sensor_data[1].raw_force[119].fx,,"measured sensor value, unless fallback",,,,state[817]=sensor_data[1].raw_force[119].fx,,xhand.py copies SDK order; xhand_control_ros2.cpp copies raw_force[k].fx/fy/fz,True
818,observation.state,hand_tactile_sensor_1.raw_force_119.fy,tactile sensor 1 raw distributed force raw_idx 119 fy,xhand SDK sensor_data[1].raw_force[119].fy,,"measured sensor value, unless fallback",,,,state[818]=sensor_data[1].raw_force[119].fy,,xhand.py copies SDK order; xhand_control_ros2.cpp copies raw_force[k].fx/fy/fz,True
819,observation.state,hand_tactile_sensor_1.raw_force_119.fz,tactile sensor 1 raw distributed force raw_idx 119 fz,xhand SDK sensor_data[1].raw_force[119].fz,,"measured sensor value, unless fallback",,,,state[819]=sensor_data[1].raw_force[119].fz,,xhand.py copies SDK order; xhand_control_ros2.cpp copies raw_force[k].fx/fy/fz,True
820,observation.state,hand_tactile_sensor_2.calc_force.fx,tactile sensor 2 calc_force fx,xhand SDK sensor_data[2].calc_force.fx,,"measured sensor value, unless fallback",,,,state[820]=sensor_data[2].calc_force.fx,,xhand.py:_force_data_to_array,True
821,observation.state,hand_tactile_sensor_2.calc_force.fy,tactile sensor 2 calc_force fy,xhand SDK sensor_data[2].calc_force.fy,,"measured sensor value, unless fallback",,,,state[821]=sensor_data[2].calc_force.fy,,xhand.py:_force_data_to_array,True
822,observation.state,hand_tactile_sensor_2.calc_force.fz,tactile sensor 2 calc_force fz,xhand SDK sensor_data[2].calc_force.fz,,"measured sensor value, unless fallback",,,,state[822]=sensor_data[2].calc_force.fz,,xhand.py:_force_data_to_array,True
823,observation.state,hand_tactile_sensor_2.calc_temperature,tactile sensor 2 calc_temperature,xhand SDK sensor_data[2].calc_temperature,,"measured sensor value, unless fallback",,,,state[823]=sensor_data[2].calc_temperature,,xhand.py:_read_hand_state,True
824,observation.state,hand_tactile_sensor_2.temperature_0,tactile sensor 2 temperature_0,xhand SDK sensor_data[2].temperature[0],,"measured sensor value, unless fallback",,,,state[824]=sensor_data[2].temperature[0],,xhand.py:_read_hand_state,True
825,observation.state,hand_tactile_sensor_2.temperature_1,tactile sensor 2 temperature_1,xhand SDK sensor_data[2].temperature[1],,"measured sensor value, unless fallback",,,,state[825]=sensor_data[2].temperature[1],,xhand.py:_read_hand_state,True
826,observation.state,hand_tactile_sensor_2.temperature_2,tactile sensor 2 temperature_2,xhand SDK sensor_data[2].temperature[2],,"measured sensor value, unless fallback",,,,state[826]=sensor_data[2].temperature[2],,xhand.py:_read_hand_state,True
827,observation.state,hand_tactile_sensor_2.temperature_3,tactile sensor 2 temperature_3,xhand SDK sensor_data[2].temperature[3],,"measured sensor value, unless fallback",,,,state[827]=sensor_data[2].temperature[3],,xhand.py:_read_hand_state,True
828,observation.state,hand_tactile_sensor_2.temperature_4,tactile sensor 2 temperature_4,xhand SDK sensor_data[2].temperature[4],,"measured sensor value, unless fallback",,,,state[828]=sensor_data[2].temperature[4],,xhand.py:_read_hand_state,True
829,observation.state,hand_tactile_sensor_2.temperature_5,tactile sensor 2 temperature_5,xhand SDK sensor_data[2].temperature[5],,"measured sensor value, unless fallback",,,,state[829]=sensor_data[2].temperature[5],,xhand.py:_read_hand_state,True
830,observation.state,hand_tactile_sensor_2.temperature_6,tactile sensor 2 temperature_6,xhand SDK sensor_data[2].temperature[6],,"measured sensor value, unless fallback",,,,state[830]=sensor_data[2].temperature[6],,xhand.py:_read_hand_state,True
831,observation.state,hand_tactile_sensor_2.temperature_7,tactile sensor 2 temperature_7,xhand SDK sensor_data[2].temperature[7],,"measured sensor value, unless fallback",,,,state[831]=sensor_data[2].temperature[7],,xhand.py:_read_hand_state,True
832,observation.state,hand_tactile_sensor_2.temperature_8,tactile sensor 2 temperature_8,xhand SDK sensor_data[2].temperature[8],,"measured sensor value, unless fallback",,,,state[832]=sensor_data[2].temperature[8],,xhand.py:_read_hand_state,True
833,observation.state,hand_tactile_sensor_2.temperature_9,tactile sensor 2 temperature_9,xhand SDK sensor_data[2].temperature[9],,"measured sensor value, unless fallback",,,,state[833]=sensor_data[2].temperature[9],,xhand.py:_read_hand_state,True
834,observation.state,hand_tactile_sensor_2.temperature_10,tactile sensor 2 temperature_10,xhand SDK sensor_data[2].temperature[10],,"measured sensor value, unless fallback",,,,state[834]=sensor_data[2].temperature[10],,xhand.py:_read_hand_state,True
835,observation.state,hand_tactile_sensor_2.temperature_11,tactile sensor 2 temperature_11,xhand SDK sensor_data[2].temperature[11],,"measured sensor value, unless fallback",,,,state[835]=sensor_data[2].temperature[11],,xhand.py:_read_hand_state,True
836,observation.state,hand_tactile_sensor_2.temperature_12,tactile sensor 2 temperature_12,xhand SDK sensor_data[2].temperature[12],,"measured sensor value, unless fallback",,,,state[836]=sensor_data[2].temperature[12],,xhand.py:_read_hand_state,True
837,observation.state,hand_tactile_sensor_2.temperature_13,tactile sensor 2 temperature_13,xhand SDK sensor_data[2].temperature[13],,"measured sensor value, unless fallback",,,,state[837]=sensor_data[2].temperature[13],,xhand.py:_read_hand_state,True
838,observation.state,hand_tactile_sensor_2.temperature_14,tactile sensor 2 temperature_14,xhand SDK sensor_data[2].temperature[14],,"measured sensor value, unless fallback",,,,state[838]=sensor_data[2].temperature[14],,xhand.py:_read_hand_state,True
839,observation.state,hand_tactile_sensor_2.temperature_15,tactile sensor 2 temperature_15,xhand SDK sensor_data[2].temperature[15],,"measured sensor value, unless fallback",,,,state[839]=sensor_data[2].temperature[15],,xhand.py:_read_hand_state,True
840,observation.state,hand_tactile_sensor_2.temperature_16,tactile sensor 2 temperature_16,xhand SDK sensor_data[2].temperature[16],,"measured sensor value, unless fallback",,,,state[840]=sensor_data[2].temperature[16],,xhand.py:_read_hand_state,True
841,observation.state,hand_tactile_sensor_2.temperature_17,tactile sensor 2 temperature_17,xhand SDK sensor_data[2].temperature[17],,"measured sensor value, unless fallback",,,,state[841]=sensor_data[2].temperature[17],,xhand.py:_read_hand_state,True
842,observation.state,hand_tactile_sensor_2.temperature_18,tactile sensor 2 temperature_18,xhand SDK sensor_data[2].temperature[18],,"measured sensor value, unless fallback",,,,state[842]=sensor_data[2].temperature[18],,xhand.py:_read_hand_state,True
843,observation.state,hand_tactile_sensor_2.temperature_19,tactile sensor 2 temperature_19,xhand SDK sensor_data[2].temperature[19],,"measured sensor value, unless fallback",,,,state[843]=sensor_data[2].temperature[19],,xhand.py:_read_hand_state,True
844,observation.state,hand_tactile_sensor_2.raw_force_0.fx,tactile sensor 2 raw distributed force raw_idx 0 fx,xhand SDK sensor_data[2].raw_force[0].fx,,"measured sensor value, unless fallback",,,,state[844]=sensor_data[2].raw_force[0].fx,,xhand.py copies SDK order; xhand_control_ros2.cpp copies raw_force[k].fx/fy/fz,True
845,observation.state,hand_tactile_sensor_2.raw_force_0.fy,tactile sensor 2 raw distributed force raw_idx 0 fy,xhand SDK sensor_data[2].raw_force[0].fy,,"measured sensor value, unless fallback",,,,state[845]=sensor_data[2].raw_force[0].fy,,xhand.py copies SDK order; xhand_control_ros2.cpp copies raw_force[k].fx/fy/fz,True
846,observation.state,hand_tactile_sensor_2.raw_force_0.fz,tactile sensor 2 raw distributed force raw_idx 0 fz,xhand SDK sensor_data[2].raw_force[0].fz,,"measured sensor value, unless fallback",,,,state[846]=sensor_data[2].raw_force[0].fz,,xhand.py copies SDK order; xhand_control_ros2.cpp copies raw_force[k].fx/fy/fz,True
847,observation.state,hand_tactile_sensor_2.raw_force_1.fx,tactile sensor 2 raw distributed force raw_idx 1 fx,xhand SDK sensor_data[2].raw_force[1].fx,,"measured sensor value, unless fallback",,,,state[847]=sensor_data[2].raw_force[1].fx,,xhand.py copies SDK order; xhand_control_ros2.cpp copies raw_force[k].fx/fy/fz,True
848,observation.state,hand_tactile_sensor_2.raw_force_1.fy,tactile sensor 2 raw distributed force raw_idx 1 fy,xhand SDK sensor_data[2].raw_force[1].fy,,"measured sensor value, unless fallback",,,,state[848]=sensor_data[2].raw_force[1].fy,,xhand.py copies SDK order; xhand_control_ros2.cpp copies raw_force[k].fx/fy/fz,True
849,observation.state,hand_tactile_sensor_2.raw_force_1.fz,tactile sensor 2 raw distributed force raw_idx 1 fz,xhand SDK sensor_data[2].raw_force[1].fz,,"measured sensor value, unless fallback",,,,state[849]=sensor_data[2].raw_force[1].fz,,xhand.py copies SDK order; xhand_control_ros2.cpp copies raw_force[k].fx/fy/fz,True
850,observation.state,hand_tactile_sensor_2.raw_force_2.fx,tactile sensor 2 raw distributed force raw_idx 2 fx,xhand SDK sensor_data[2].raw_force[2].fx,,"measured sensor value, unless fallback",,,,state[850]=sensor_data[2].raw_force[2].fx,,xhand.py copies SDK order; xhand_control_ros2.cpp copies raw_force[k].fx/fy/fz,True
851,observation.state,hand_tactile_sensor_2.raw_force_2.fy,tactile sensor 2 raw distributed force raw_idx 2 fy,xhand SDK sensor_data[2].raw_force[2].fy,,"measured sensor value, unless fallback",,,,state[851]=sensor_data[2].raw_force[2].fy,,xhand.py copies SDK order; xhand_control_ros2.cpp copies raw_force[k].fx/fy/fz,True
852,observation.state,hand_tactile_sensor_2.raw_force_2.fz,tactile sensor 2 raw distributed force raw_idx 2 fz,xhand SDK sensor_data[2].raw_force[2].fz,,"measured sensor value, unless fallback",,,,state[852]=sensor_data[2].raw_force[2].fz,,xhand.py copies SDK order; xhand_control_ros2.cpp copies raw_force[k].fx/fy/fz,True
853,observation.state,hand_tactile_sensor_2.raw_force_3.fx,tactile sensor 2 raw distributed force raw_idx 3 fx,xhand SDK sensor_data[2].raw_force[3].fx,,"measured sensor value, unless fallback",,,,state[853]=sensor_data[2].raw_force[3].fx,,xhand.py copies SDK order; xhand_control_ros2.cpp copies raw_force[k].fx/fy/fz,True
854,observation.state,hand_tactile_sensor_2.raw_force_3.fy,tactile sensor 2 raw distributed force raw_idx 3 fy,xhand SDK sensor_data[2].raw_force[3].fy,,"measured sensor value, unless fallback",,,,state[854]=sensor_data[2].raw_force[3].fy,,xhand.py copies SDK order; xhand_control_ros2.cpp copies raw_force[k].fx/fy/fz,True
855,observation.state,hand_tactile_sensor_2.raw_force_3.fz,tactile sensor 2 raw distributed force raw_idx 3 fz,xhand SDK sensor_data[2].raw_force[3].fz,,"measured sensor value, unless fallback",,,,state[855]=sensor_data[2].raw_force[3].fz,,xhand.py copies SDK order; xhand_control_ros2.cpp copies raw_force[k].fx/fy/fz,True
856,observation.state,hand_tactile_sensor_2.raw_force_4.fx,tactile sensor 2 raw distributed force raw_idx 4 fx,xhand SDK sensor_data[2].raw_force[4].fx,,"measured sensor value, unless fallback",,,,state[856]=sensor_data[2].raw_force[4].fx,,xhand.py copies SDK order; xhand_control_ros2.cpp copies raw_force[k].fx/fy/fz,True
857,observation.state,hand_tactile_sensor_2.raw_force_4.fy,tactile sensor 2 raw distributed force raw_idx 4 fy,xhand SDK sensor_data[2].raw_force[4].fy,,"measured sensor value, unless fallback",,,,state[857]=sensor_data[2].raw_force[4].fy,,xhand.py copies SDK order; xhand_control_ros2.cpp copies raw_force[k].fx/fy/fz,True
858,observation.state,hand_tactile_sensor_2.raw_force_4.fz,tactile sensor 2 raw distributed force raw_idx 4 fz,xhand SDK sensor_data[2].raw_force[4].fz,,"measured sensor value, unless fallback",,,,state[858]=sensor_data[2].raw_force[4].fz,,xhand.py copies SDK order; xhand_control_ros2.cpp copies raw_force[k].fx/fy/fz,True
859,observation.state,hand_tactile_sensor_2.raw_force_5.fx,tactile sensor 2 raw distributed force raw_idx 5 fx,xhand SDK sensor_data[2].raw_force[5].fx,,"measured sensor value, unless fallback",,,,state[859]=sensor_data[2].raw_force[5].fx,,xhand.py copies SDK order; xhand_control_ros2.cpp copies raw_force[k].fx/fy/fz,True
860,observation.state,hand_tactile_sensor_2.raw_force_5.fy,tactile sensor 2 raw distributed force raw_idx 5 fy,xhand SDK sensor_data[2].raw_force[5].fy,,"measured sensor value, unless fallback",,,,state[860]=sensor_data[2].raw_force[5].fy,,xhand.py copies SDK order; xhand_control_ros2.cpp copies raw_force[k].fx/fy/fz,True
861,observation.state,hand_tactile_sensor_2.raw_force_5.fz,tactile sensor 2 raw distributed force raw_idx 5 fz,xhand SDK sensor_data[2].raw_force[5].fz,,"measured sensor value, unless fallback",,,,state[861]=sensor_data[2].raw_force[5].fz,,xhand.py copies SDK order; xhand_control_ros2.cpp copies raw_force[k].fx/fy/fz,True
862,observation.state,hand_tactile_sensor_2.raw_force_6.fx,tactile sensor 2 raw distributed force raw_idx 6 fx,xhand SDK sensor_data[2].raw_force[6].fx,,"measured sensor value, unless fallback",,,,state[862]=sensor_data[2].raw_force[6].fx,,xhand.py copies SDK order; xhand_control_ros2.cpp copies raw_force[k].fx/fy/fz,True
863,observation.state,hand_tactile_sensor_2.raw_force_6.fy,tactile sensor 2 raw distributed force raw_idx 6 fy,xhand SDK sensor_data[2].raw_force[6].fy,,"measured sensor value, unless fallback",,,,state[863]=sensor_data[2].raw_force[6].fy,,xhand.py copies SDK order; xhand_control_ros2.cpp copies raw_force[k].fx/fy/fz,True
864,observation.state,hand_tactile_sensor_2.raw_force_6.fz,tactile sensor 2 raw distributed force raw_idx 6 fz,xhand SDK sensor_data[2].raw_force[6].fz,,"measured sensor value, unless fallback",,,,state[864]=sensor_data[2].raw_force[6].fz,,xhand.py copies SDK order; xhand_control_ros2.cpp copies raw_force[k].fx/fy/fz,True
865,observation.state,hand_tactile_sensor_2.raw_force_7.fx,tactile sensor 2 raw distributed force raw_idx 7 fx,xhand SDK sensor_data[2].raw_force[7].fx,,"measured sensor value, unless fallback",,,,state[865]=sensor_data[2].raw_force[7].fx,,xhand.py copies SDK order; xhand_control_ros2.cpp copies raw_force[k].fx/fy/fz,True
866,observation.state,hand_tactile_sensor_2.raw_force_7.fy,tactile sensor 2 raw distributed force raw_idx 7 fy,xhand SDK sensor_data[2].raw_force[7].fy,,"measured sensor value, unless fallback",,,,state[866]=sensor_data[2].raw_force[7].fy,,xhand.py copies SDK order; xhand_control_ros2.cpp copies raw_force[k].fx/fy/fz,True
867,observation.state,hand_tactile_sensor_2.raw_force_7.fz,tactile sensor 2 raw distributed force raw_idx 7 fz,xhand SDK sensor_data[2].raw_force[7].fz,,"measured sensor value, unless fallback",,,,state[867]=sensor_data[2].raw_force[7].fz,,xhand.py copies SDK order; xhand_control_ros2.cpp copies raw_force[k].fx/fy/fz,True
868,observation.state,hand_tactile_sensor_2.raw_force_8.fx,tactile sensor 2 raw distributed force raw_idx 8 fx,xhand SDK sensor_data[2].raw_force[8].fx,,"measured sensor value, unless fallback",,,,state[868]=sensor_data[2].raw_force[8].fx,,xhand.py copies SDK order; xhand_control_ros2.cpp copies raw_force[k].fx/fy/fz,True
869,observation.state,hand_tactile_sensor_2.raw_force_8.fy,tactile sensor 2 raw distributed force raw_idx 8 fy,xhand SDK sensor_data[2].raw_force[8].fy,,"measured sensor value, unless fallback",,,,state[869]=sensor_data[2].raw_force[8].fy,,xhand.py copies SDK order; xhand_control_ros2.cpp copies raw_force[k].fx/fy/fz,True
870,observation.state,hand_tactile_sensor_2.raw_force_8.fz,tactile sensor 2 raw distributed force raw_idx 8 fz,xhand SDK sensor_data[2].raw_force[8].fz,,"measured sensor value, unless fallback",,,,state[870]=sensor_data[2].raw_force[8].fz,,xhand.py copies SDK order; xhand_control_ros2.cpp copies raw_force[k].fx/fy/fz,True
871,observation.state,hand_tactile_sensor_2.raw_force_9.fx,tactile sensor 2 raw distributed force raw_idx 9 fx,xhand SDK sensor_data[2].raw_force[9].fx,,"measured sensor value, unless fallback",,,,state[871]=sensor_data[2].raw_force[9].fx,,xhand.py copies SDK order; xhand_control_ros2.cpp copies raw_force[k].fx/fy/fz,True
872,observation.state,hand_tactile_sensor_2.raw_force_9.fy,tactile sensor 2 raw distributed force raw_idx 9 fy,xhand SDK sensor_data[2].raw_force[9].fy,,"measured sensor value, unless fallback",,,,state[872]=sensor_data[2].raw_force[9].fy,,xhand.py copies SDK order; xhand_control_ros2.cpp copies raw_force[k].fx/fy/fz,True
873,observation.state,hand_tactile_sensor_2.raw_force_9.fz,tactile sensor 2 raw distributed force raw_idx 9 fz,xhand SDK sensor_data[2].raw_force[9].fz,,"measured sensor value, unless fallback",,,,state[873]=sensor_data[2].raw_force[9].fz,,xhand.py copies SDK order; xhand_control_ros2.cpp copies raw_force[k].fx/fy/fz,True
874,observation.state,hand_tactile_sensor_2.raw_force_10.fx,tactile sensor 2 raw distributed force raw_idx 10 fx,xhand SDK sensor_data[2].raw_force[10].fx,,"measured sensor value, unless fallback",,,,state[874]=sensor_data[2].raw_force[10].fx,,xhand.py copies SDK order; xhand_control_ros2.cpp copies raw_force[k].fx/fy/fz,True
875,observation.state,hand_tactile_sensor_2.raw_force_10.fy,tactile sensor 2 raw distributed force raw_idx 10 fy,xhand SDK sensor_data[2].raw_force[10].fy,,"measured sensor value, unless fallback",,,,state[875]=sensor_data[2].raw_force[10].fy,,xhand.py copies SDK order; xhand_control_ros2.cpp copies raw_force[k].fx/fy/fz,True
876,observation.state,hand_tactile_sensor_2.raw_force_10.fz,tactile sensor 2 raw distributed force raw_idx 10 fz,xhand SDK sensor_data[2].raw_force[10].fz,,"measured sensor value, unless fallback",,,,state[876]=sensor_data[2].raw_force[10].fz,,xhand.py copies SDK order; xhand_control_ros2.cpp copies raw_force[k].fx/fy/fz,True
877,observation.state,hand_tactile_sensor_2.raw_force_11.fx,tactile sensor 2 raw distributed force raw_idx 11 fx,xhand SDK sensor_data[2].raw_force[11].fx,,"measured sensor value, unless fallback",,,,state[877]=sensor_data[2].raw_force[11].fx,,xhand.py copies SDK order; xhand_control_ros2.cpp copies raw_force[k].fx/fy/fz,True
878,observation.state,hand_tactile_sensor_2.raw_force_11.fy,tactile sensor 2 raw distributed force raw_idx 11 fy,xhand SDK sensor_data[2].raw_force[11].fy,,"measured sensor value, unless fallback",,,,state[878]=sensor_data[2].raw_force[11].fy,,xhand.py copies SDK order; xhand_control_ros2.cpp copies raw_force[k].fx/fy/fz,True
879,observation.state,hand_tactile_sensor_2.raw_force_11.fz,tactile sensor 2 raw distributed force raw_idx 11 fz,xhand SDK sensor_data[2].raw_force[11].fz,,"measured sensor value, unless fallback",,,,state[879]=sensor_data[2].raw_force[11].fz,,xhand.py copies SDK order; xhand_control_ros2.cpp copies raw_force[k].fx/fy/fz,True
880,observation.state,hand_tactile_sensor_2.raw_force_12.fx,tactile sensor 2 raw distributed force raw_idx 12 fx,xhand SDK sensor_data[2].raw_force[12].fx,,"measured sensor value, unless fallback",,,,state[880]=sensor_data[2].raw_force[12].fx,,xhand.py copies SDK order; xhand_control_ros2.cpp copies raw_force[k].fx/fy/fz,True
881,observation.state,hand_tactile_sensor_2.raw_force_12.fy,tactile sensor 2 raw distributed force raw_idx 12 fy,xhand SDK sensor_data[2].raw_force[12].fy,,"measured sensor value, unless fallback",,,,state[881]=sensor_data[2].raw_force[12].fy,,xhand.py copies SDK order; xhand_control_ros2.cpp copies raw_force[k].fx/fy/fz,True
882,observation.state,hand_tactile_sensor_2.raw_force_12.fz,tactile sensor 2 raw distributed force raw_idx 12 fz,xhand SDK sensor_data[2].raw_force[12].fz,,"measured sensor value, unless fallback",,,,state[882]=sensor_data[2].raw_force[12].fz,,xhand.py copies SDK order; xhand_control_ros2.cpp copies raw_force[k].fx/fy/fz,True
883,observation.state,hand_tactile_sensor_2.raw_force_13.fx,tactile sensor 2 raw distributed force raw_idx 13 fx,xhand SDK sensor_data[2].raw_force[13].fx,,"measured sensor value, unless fallback",,,,state[883]=sensor_data[2].raw_force[13].fx,,xhand.py copies SDK order; xhand_control_ros2.cpp copies raw_force[k].fx/fy/fz,True
884,observation.state,hand_tactile_sensor_2.raw_force_13.fy,tactile sensor 2 raw distributed force raw_idx 13 fy,xhand SDK sensor_data[2].raw_force[13].fy,,"measured sensor value, unless fallback",,,,state[884]=sensor_data[2].raw_force[13].fy,,xhand.py copies SDK order; xhand_control_ros2.cpp copies raw_force[k].fx/fy/fz,True
885,observation.state,hand_tactile_sensor_2.raw_force_13.fz,tactile sensor 2 raw distributed force raw_idx 13 fz,xhand SDK sensor_data[2].raw_force[13].fz,,"measured sensor value, unless fallback",,,,state[885]=sensor_data[2].raw_force[13].fz,,xhand.py copies SDK order; xhand_control_ros2.cpp copies raw_force[k].fx/fy/fz,True
886,observation.state,hand_tactile_sensor_2.raw_force_14.fx,tactile sensor 2 raw distributed force raw_idx 14 fx,xhand SDK sensor_data[2].raw_force[14].fx,,"measured sensor value, unless fallback",,,,state[886]=sensor_data[2].raw_force[14].fx,,xhand.py copies SDK order; xhand_control_ros2.cpp copies raw_force[k].fx/fy/fz,True
887,observation.state,hand_tactile_sensor_2.raw_force_14.fy,tactile sensor 2 raw distributed force raw_idx 14 fy,xhand SDK sensor_data[2].raw_force[14].fy,,"measured sensor value, unless fallback",,,,state[887]=sensor_data[2].raw_force[14].fy,,xhand.py copies SDK order; xhand_control_ros2.cpp copies raw_force[k].fx/fy/fz,True
888,observation.state,hand_tactile_sensor_2.raw_force_14.fz,tactile sensor 2 raw distributed force raw_idx 14 fz,xhand SDK sensor_data[2].raw_force[14].fz,,"measured sensor value, unless fallback",,,,state[888]=sensor_data[2].raw_force[14].fz,,xhand.py copies SDK order; xhand_control_ros2.cpp copies raw_force[k].fx/fy/fz,True
889,observation.state,hand_tactile_sensor_2.raw_force_15.fx,tactile sensor 2 raw distributed force raw_idx 15 fx,xhand SDK sensor_data[2].raw_force[15].fx,,"measured sensor value, unless fallback",,,,state[889]=sensor_data[2].raw_force[15].fx,,xhand.py copies SDK order; xhand_control_ros2.cpp copies raw_force[k].fx/fy/fz,True
890,observation.state,hand_tactile_sensor_2.raw_force_15.fy,tactile sensor 2 raw distributed force raw_idx 15 fy,xhand SDK sensor_data[2].raw_force[15].fy,,"measured sensor value, unless fallback",,,,state[890]=sensor_data[2].raw_force[15].fy,,xhand.py copies SDK order; xhand_control_ros2.cpp copies raw_force[k].fx/fy/fz,True
891,observation.state,hand_tactile_sensor_2.raw_force_15.fz,tactile sensor 2 raw distributed force raw_idx 15 fz,xhand SDK sensor_data[2].raw_force[15].fz,,"measured sensor value, unless fallback",,,,state[891]=sensor_data[2].raw_force[15].fz,,xhand.py copies SDK order; xhand_control_ros2.cpp copies raw_force[k].fx/fy/fz,True
892,observation.state,hand_tactile_sensor_2.raw_force_16.fx,tactile sensor 2 raw distributed force raw_idx 16 fx,xhand SDK sensor_data[2].raw_force[16].fx,,"measured sensor value, unless fallback",,,,state[892]=sensor_data[2].raw_force[16].fx,,xhand.py copies SDK order; xhand_control_ros2.cpp copies raw_force[k].fx/fy/fz,True
893,observation.state,hand_tactile_sensor_2.raw_force_16.fy,tactile sensor 2 raw distributed force raw_idx 16 fy,xhand SDK sensor_data[2].raw_force[16].fy,,"measured sensor value, unless fallback",,,,state[893]=sensor_data[2].raw_force[16].fy,,xhand.py copies SDK order; xhand_control_ros2.cpp copies raw_force[k].fx/fy/fz,True
894,observation.state,hand_tactile_sensor_2.raw_force_16.fz,tactile sensor 2 raw distributed force raw_idx 16 fz,xhand SDK sensor_data[2].raw_force[16].fz,,"measured sensor value, unless fallback",,,,state[894]=sensor_data[2].raw_force[16].fz,,xhand.py copies SDK order; xhand_control_ros2.cpp copies raw_force[k].fx/fy/fz,True
895,observation.state,hand_tactile_sensor_2.raw_force_17.fx,tactile sensor 2 raw distributed force raw_idx 17 fx,xhand SDK sensor_data[2].raw_force[17].fx,,"measured sensor value, unless fallback",,,,state[895]=sensor_data[2].raw_force[17].fx,,xhand.py copies SDK order; xhand_control_ros2.cpp copies raw_force[k].fx/fy/fz,True
896,observation.state,hand_tactile_sensor_2.raw_force_17.fy,tactile sensor 2 raw distributed force raw_idx 17 fy,xhand SDK sensor_data[2].raw_force[17].fy,,"measured sensor value, unless fallback",,,,state[896]=sensor_data[2].raw_force[17].fy,,xhand.py copies SDK order; xhand_control_ros2.cpp copies raw_force[k].fx/fy/fz,True
897,observation.state,hand_tactile_sensor_2.raw_force_17.fz,tactile sensor 2 raw distributed force raw_idx 17 fz,xhand SDK sensor_data[2].raw_force[17].fz,,"measured sensor value, unless fallback",,,,state[897]=sensor_data[2].raw_force[17].fz,,xhand.py copies SDK order; xhand_control_ros2.cpp copies raw_force[k].fx/fy/fz,True
898,observation.state,hand_tactile_sensor_2.raw_force_18.fx,tactile sensor 2 raw distributed force raw_idx 18 fx,xhand SDK sensor_data[2].raw_force[18].fx,,"measured sensor value, unless fallback",,,,state[898]=sensor_data[2].raw_force[18].fx,,xhand.py copies SDK order; xhand_control_ros2.cpp copies raw_force[k].fx/fy/fz,True
899,observation.state,hand_tactile_sensor_2.raw_force_18.fy,tactile sensor 2 raw distributed force raw_idx 18 fy,xhand SDK sensor_data[2].raw_force[18].fy,,"measured sensor value, unless fallback",,,,state[899]=sensor_data[2].raw_force[18].fy,,xhand.py copies SDK order; xhand_control_ros2.cpp copies raw_force[k].fx/fy/fz,True
900,observation.state,hand_tactile_sensor_2.raw_force_18.fz,tactile sensor 2 raw distributed force raw_idx 18 fz,xhand SDK sensor_data[2].raw_force[18].fz,,"measured sensor value, unless fallback",,,,state[900]=sensor_data[2].raw_force[18].fz,,xhand.py copies SDK order; xhand_control_ros2.cpp copies raw_force[k].fx/fy/fz,True
901,observation.state,hand_tactile_sensor_2.raw_force_19.fx,tactile sensor 2 raw distributed force raw_idx 19 fx,xhand SDK sensor_data[2].raw_force[19].fx,,"measured sensor value, unless fallback",,,,state[901]=sensor_data[2].raw_force[19].fx,,xhand.py copies SDK order; xhand_control_ros2.cpp copies raw_force[k].fx/fy/fz,True
902,observation.state,hand_tactile_sensor_2.raw_force_19.fy,tactile sensor 2 raw distributed force raw_idx 19 fy,xhand SDK sensor_data[2].raw_force[19].fy,,"measured sensor value, unless fallback",,,,state[902]=sensor_data[2].raw_force[19].fy,,xhand.py copies SDK order; xhand_control_ros2.cpp copies raw_force[k].fx/fy/fz,True
903,observation.state,hand_tactile_sensor_2.raw_force_19.fz,tactile sensor 2 raw distributed force raw_idx 19 fz,xhand SDK sensor_data[2].raw_force[19].fz,,"measured sensor value, unless fallback",,,,state[903]=sensor_data[2].raw_force[19].fz,,xhand.py copies SDK order; xhand_control_ros2.cpp copies raw_force[k].fx/fy/fz,True
904,observation.state,hand_tactile_sensor_2.raw_force_20.fx,tactile sensor 2 raw distributed force raw_idx 20 fx,xhand SDK sensor_data[2].raw_force[20].fx,,"measured sensor value, unless fallback",,,,state[904]=sensor_data[2].raw_force[20].fx,,xhand.py copies SDK order; xhand_control_ros2.cpp copies raw_force[k].fx/fy/fz,True
905,observation.state,hand_tactile_sensor_2.raw_force_20.fy,tactile sensor 2 raw distributed force raw_idx 20 fy,xhand SDK sensor_data[2].raw_force[20].fy,,"measured sensor value, unless fallback",,,,state[905]=sensor_data[2].raw_force[20].fy,,xhand.py copies SDK order; xhand_control_ros2.cpp copies raw_force[k].fx/fy/fz,True
906,observation.state,hand_tactile_sensor_2.raw_force_20.fz,tactile sensor 2 raw distributed force raw_idx 20 fz,xhand SDK sensor_data[2].raw_force[20].fz,,"measured sensor value, unless fallback",,,,state[906]=sensor_data[2].raw_force[20].fz,,xhand.py copies SDK order; xhand_control_ros2.cpp copies raw_force[k].fx/fy/fz,True
907,observation.state,hand_tactile_sensor_2.raw_force_21.fx,tactile sensor 2 raw distributed force raw_idx 21 fx,xhand SDK sensor_data[2].raw_force[21].fx,,"measured sensor value, unless fallback",,,,state[907]=sensor_data[2].raw_force[21].fx,,xhand.py copies SDK order; xhand_control_ros2.cpp copies raw_force[k].fx/fy/fz,True
908,observation.state,hand_tactile_sensor_2.raw_force_21.fy,tactile sensor 2 raw distributed force raw_idx 21 fy,xhand SDK sensor_data[2].raw_force[21].fy,,"measured sensor value, unless fallback",,,,state[908]=sensor_data[2].raw_force[21].fy,,xhand.py copies SDK order; xhand_control_ros2.cpp copies raw_force[k].fx/fy/fz,True
909,observation.state,hand_tactile_sensor_2.raw_force_21.fz,tactile sensor 2 raw distributed force raw_idx 21 fz,xhand SDK sensor_data[2].raw_force[21].fz,,"measured sensor value, unless fallback",,,,state[909]=sensor_data[2].raw_force[21].fz,,xhand.py copies SDK order; xhand_control_ros2.cpp copies raw_force[k].fx/fy/fz,True
910,observation.state,hand_tactile_sensor_2.raw_force_22.fx,tactile sensor 2 raw distributed force raw_idx 22 fx,xhand SDK sensor_data[2].raw_force[22].fx,,"measured sensor value, unless fallback",,,,state[910]=sensor_data[2].raw_force[22].fx,,xhand.py copies SDK order; xhand_control_ros2.cpp copies raw_force[k].fx/fy/fz,True
911,observation.state,hand_tactile_sensor_2.raw_force_22.fy,tactile sensor 2 raw distributed force raw_idx 22 fy,xhand SDK sensor_data[2].raw_force[22].fy,,"measured sensor value, unless fallback",,,,state[911]=sensor_data[2].raw_force[22].fy,,xhand.py copies SDK order; xhand_control_ros2.cpp copies raw_force[k].fx/fy/fz,True
912,observation.state,hand_tactile_sensor_2.raw_force_22.fz,tactile sensor 2 raw distributed force raw_idx 22 fz,xhand SDK sensor_data[2].raw_force[22].fz,,"measured sensor value, unless fallback",,,,state[912]=sensor_data[2].raw_force[22].fz,,xhand.py copies SDK order; xhand_control_ros2.cpp copies raw_force[k].fx/fy/fz,True
913,observation.state,hand_tactile_sensor_2.raw_force_23.fx,tactile sensor 2 raw distributed force raw_idx 23 fx,xhand SDK sensor_data[2].raw_force[23].fx,,"measured sensor value, unless fallback",,,,state[913]=sensor_data[2].raw_force[23].fx,,xhand.py copies SDK order; xhand_control_ros2.cpp copies raw_force[k].fx/fy/fz,True
914,observation.state,hand_tactile_sensor_2.raw_force_23.fy,tactile sensor 2 raw distributed force raw_idx 23 fy,xhand SDK sensor_data[2].raw_force[23].fy,,"measured sensor value, unless fallback",,,,state[914]=sensor_data[2].raw_force[23].fy,,xhand.py copies SDK order; xhand_control_ros2.cpp copies raw_force[k].fx/fy/fz,True
915,observation.state,hand_tactile_sensor_2.raw_force_23.fz,tactile sensor 2 raw distributed force raw_idx 23 fz,xhand SDK sensor_data[2].raw_force[23].fz,,"measured sensor value, unless fallback",,,,state[915]=sensor_data[2].raw_force[23].fz,,xhand.py copies SDK order; xhand_control_ros2.cpp copies raw_force[k].fx/fy/fz,True
916,observation.state,hand_tactile_sensor_2.raw_force_24.fx,tactile sensor 2 raw distributed force raw_idx 24 fx,xhand SDK sensor_data[2].raw_force[24].fx,,"measured sensor value, unless fallback",,,,state[916]=sensor_data[2].raw_force[24].fx,,xhand.py copies SDK order; xhand_control_ros2.cpp copies raw_force[k].fx/fy/fz,True
917,observation.state,hand_tactile_sensor_2.raw_force_24.fy,tactile sensor 2 raw distributed force raw_idx 24 fy,xhand SDK sensor_data[2].raw_force[24].fy,,"measured sensor value, unless fallback",,,,state[917]=sensor_data[2].raw_force[24].fy,,xhand.py copies SDK order; xhand_control_ros2.cpp copies raw_force[k].fx/fy/fz,True
918,observation.state,hand_tactile_sensor_2.raw_force_24.fz,tactile sensor 2 raw distributed force raw_idx 24 fz,xhand SDK sensor_data[2].raw_force[24].fz,,"measured sensor value, unless fallback",,,,state[918]=sensor_data[2].raw_force[24].fz,,xhand.py copies SDK order; xhand_control_ros2.cpp copies raw_force[k].fx/fy/fz,True
919,observation.state,hand_tactile_sensor_2.raw_force_25.fx,tactile sensor 2 raw distributed force raw_idx 25 fx,xhand SDK sensor_data[2].raw_force[25].fx,,"measured sensor value, unless fallback",,,,state[919]=sensor_data[2].raw_force[25].fx,,xhand.py copies SDK order; xhand_control_ros2.cpp copies raw_force[k].fx/fy/fz,True
920,observation.state,hand_tactile_sensor_2.raw_force_25.fy,tactile sensor 2 raw distributed force raw_idx 25 fy,xhand SDK sensor_data[2].raw_force[25].fy,,"measured sensor value, unless fallback",,,,state[920]=sensor_data[2].raw_force[25].fy,,xhand.py copies SDK order; xhand_control_ros2.cpp copies raw_force[k].fx/fy/fz,True
921,observation.state,hand_tactile_sensor_2.raw_force_25.fz,tactile sensor 2 raw distributed force raw_idx 25 fz,xhand SDK sensor_data[2].raw_force[25].fz,,"measured sensor value, unless fallback",,,,state[921]=sensor_data[2].raw_force[25].fz,,xhand.py copies SDK order; xhand_control_ros2.cpp copies raw_force[k].fx/fy/fz,True
922,observation.state,hand_tactile_sensor_2.raw_force_26.fx,tactile sensor 2 raw distributed force raw_idx 26 fx,xhand SDK sensor_data[2].raw_force[26].fx,,"measured sensor value, unless fallback",,,,state[922]=sensor_data[2].raw_force[26].fx,,xhand.py copies SDK order; xhand_control_ros2.cpp copies raw_force[k].fx/fy/fz,True
923,observation.state,hand_tactile_sensor_2.raw_force_26.fy,tactile sensor 2 raw distributed force raw_idx 26 fy,xhand SDK sensor_data[2].raw_force[26].fy,,"measured sensor value, unless fallback",,,,state[923]=sensor_data[2].raw_force[26].fy,,xhand.py copies SDK order; xhand_control_ros2.cpp copies raw_force[k].fx/fy/fz,True
924,observation.state,hand_tactile_sensor_2.raw_force_26.fz,tactile sensor 2 raw distributed force raw_idx 26 fz,xhand SDK sensor_data[2].raw_force[26].fz,,"measured sensor value, unless fallback",,,,state[924]=sensor_data[2].raw_force[26].fz,,xhand.py copies SDK order; xhand_control_ros2.cpp copies raw_force[k].fx/fy/fz,True
925,observation.state,hand_tactile_sensor_2.raw_force_27.fx,tactile sensor 2 raw distributed force raw_idx 27 fx,xhand SDK sensor_data[2].raw_force[27].fx,,"measured sensor value, unless fallback",,,,state[925]=sensor_data[2].raw_force[27].fx,,xhand.py copies SDK order; xhand_control_ros2.cpp copies raw_force[k].fx/fy/fz,True
926,observation.state,hand_tactile_sensor_2.raw_force_27.fy,tactile sensor 2 raw distributed force raw_idx 27 fy,xhand SDK sensor_data[2].raw_force[27].fy,,"measured sensor value, unless fallback",,,,state[926]=sensor_data[2].raw_force[27].fy,,xhand.py copies SDK order; xhand_control_ros2.cpp copies raw_force[k].fx/fy/fz,True
927,observation.state,hand_tactile_sensor_2.raw_force_27.fz,tactile sensor 2 raw distributed force raw_idx 27 fz,xhand SDK sensor_data[2].raw_force[27].fz,,"measured sensor value, unless fallback",,,,state[927]=sensor_data[2].raw_force[27].fz,,xhand.py copies SDK order; xhand_control_ros2.cpp copies raw_force[k].fx/fy/fz,True
928,observation.state,hand_tactile_sensor_2.raw_force_28.fx,tactile sensor 2 raw distributed force raw_idx 28 fx,xhand SDK sensor_data[2].raw_force[28].fx,,"measured sensor value, unless fallback",,,,state[928]=sensor_data[2].raw_force[28].fx,,xhand.py copies SDK order; xhand_control_ros2.cpp copies raw_force[k].fx/fy/fz,True
929,observation.state,hand_tactile_sensor_2.raw_force_28.fy,tactile sensor 2 raw distributed force raw_idx 28 fy,xhand SDK sensor_data[2].raw_force[28].fy,,"measured sensor value, unless fallback",,,,state[929]=sensor_data[2].raw_force[28].fy,,xhand.py copies SDK order; xhand_control_ros2.cpp copies raw_force[k].fx/fy/fz,True
930,observation.state,hand_tactile_sensor_2.raw_force_28.fz,tactile sensor 2 raw distributed force raw_idx 28 fz,xhand SDK sensor_data[2].raw_force[28].fz,,"measured sensor value, unless fallback",,,,state[930]=sensor_data[2].raw_force[28].fz,,xhand.py copies SDK order; xhand_control_ros2.cpp copies raw_force[k].fx/fy/fz,True
931,observation.state,hand_tactile_sensor_2.raw_force_29.fx,tactile sensor 2 raw distributed force raw_idx 29 fx,xhand SDK sensor_data[2].raw_force[29].fx,,"measured sensor value, unless fallback",,,,state[931]=sensor_data[2].raw_force[29].fx,,xhand.py copies SDK order; xhand_control_ros2.cpp copies raw_force[k].fx/fy/fz,True
932,observation.state,hand_tactile_sensor_2.raw_force_29.fy,tactile sensor 2 raw distributed force raw_idx 29 fy,xhand SDK sensor_data[2].raw_force[29].fy,,"measured sensor value, unless fallback",,,,state[932]=sensor_data[2].raw_force[29].fy,,xhand.py copies SDK order; xhand_control_ros2.cpp copies raw_force[k].fx/fy/fz,True
933,observation.state,hand_tactile_sensor_2.raw_force_29.fz,tactile sensor 2 raw distributed force raw_idx 29 fz,xhand SDK sensor_data[2].raw_force[29].fz,,"measured sensor value, unless fallback",,,,state[933]=sensor_data[2].raw_force[29].fz,,xhand.py copies SDK order; xhand_control_ros2.cpp copies raw_force[k].fx/fy/fz,True
934,observation.state,hand_tactile_sensor_2.raw_force_30.fx,tactile sensor 2 raw distributed force raw_idx 30 fx,xhand SDK sensor_data[2].raw_force[30].fx,,"measured sensor value, unless fallback",,,,state[934]=sensor_data[2].raw_force[30].fx,,xhand.py copies SDK order; xhand_control_ros2.cpp copies raw_force[k].fx/fy/fz,True
935,observation.state,hand_tactile_sensor_2.raw_force_30.fy,tactile sensor 2 raw distributed force raw_idx 30 fy,xhand SDK sensor_data[2].raw_force[30].fy,,"measured sensor value, unless fallback",,,,state[935]=sensor_data[2].raw_force[30].fy,,xhand.py copies SDK order; xhand_control_ros2.cpp copies raw_force[k].fx/fy/fz,True
936,observation.state,hand_tactile_sensor_2.raw_force_30.fz,tactile sensor 2 raw distributed force raw_idx 30 fz,xhand SDK sensor_data[2].raw_force[30].fz,,"measured sensor value, unless fallback",,,,state[936]=sensor_data[2].raw_force[30].fz,,xhand.py copies SDK order; xhand_control_ros2.cpp copies raw_force[k].fx/fy/fz,True
937,observation.state,hand_tactile_sensor_2.raw_force_31.fx,tactile sensor 2 raw distributed force raw_idx 31 fx,xhand SDK sensor_data[2].raw_force[31].fx,,"measured sensor value, unless fallback",,,,state[937]=sensor_data[2].raw_force[31].fx,,xhand.py copies SDK order; xhand_control_ros2.cpp copies raw_force[k].fx/fy/fz,True
938,observation.state,hand_tactile_sensor_2.raw_force_31.fy,tactile sensor 2 raw distributed force raw_idx 31 fy,xhand SDK sensor_data[2].raw_force[31].fy,,"measured sensor value, unless fallback",,,,state[938]=sensor_data[2].raw_force[31].fy,,xhand.py copies SDK order; xhand_control_ros2.cpp copies raw_force[k].fx/fy/fz,True
939,observation.state,hand_tactile_sensor_2.raw_force_31.fz,tactile sensor 2 raw distributed force raw_idx 31 fz,xhand SDK sensor_data[2].raw_force[31].fz,,"measured sensor value, unless fallback",,,,state[939]=sensor_data[2].raw_force[31].fz,,xhand.py copies SDK order; xhand_control_ros2.cpp copies raw_force[k].fx/fy/fz,True
940,observation.state,hand_tactile_sensor_2.raw_force_32.fx,tactile sensor 2 raw distributed force raw_idx 32 fx,xhand SDK sensor_data[2].raw_force[32].fx,,"measured sensor value, unless fallback",,,,state[940]=sensor_data[2].raw_force[32].fx,,xhand.py copies SDK order; xhand_control_ros2.cpp copies raw_force[k].fx/fy/fz,True
941,observation.state,hand_tactile_sensor_2.raw_force_32.fy,tactile sensor 2 raw distributed force raw_idx 32 fy,xhand SDK sensor_data[2].raw_force[32].fy,,"measured sensor value, unless fallback",,,,state[941]=sensor_data[2].raw_force[32].fy,,xhand.py copies SDK order; xhand_control_ros2.cpp copies raw_force[k].fx/fy/fz,True
942,observation.state,hand_tactile_sensor_2.raw_force_32.fz,tactile sensor 2 raw distributed force raw_idx 32 fz,xhand SDK sensor_data[2].raw_force[32].fz,,"measured sensor value, unless fallback",,,,state[942]=sensor_data[2].raw_force[32].fz,,xhand.py copies SDK order; xhand_control_ros2.cpp copies raw_force[k].fx/fy/fz,True
943,observation.state,hand_tactile_sensor_2.raw_force_33.fx,tactile sensor 2 raw distributed force raw_idx 33 fx,xhand SDK sensor_data[2].raw_force[33].fx,,"measured sensor value, unless fallback",,,,state[943]=sensor_data[2].raw_force[33].fx,,xhand.py copies SDK order; xhand_control_ros2.cpp copies raw_force[k].fx/fy/fz,True
944,observation.state,hand_tactile_sensor_2.raw_force_33.fy,tactile sensor 2 raw distributed force raw_idx 33 fy,xhand SDK sensor_data[2].raw_force[33].fy,,"measured sensor value, unless fallback",,,,state[944]=sensor_data[2].raw_force[33].fy,,xhand.py copies SDK order; xhand_control_ros2.cpp copies raw_force[k].fx/fy/fz,True
945,observation.state,hand_tactile_sensor_2.raw_force_33.fz,tactile sensor 2 raw distributed force raw_idx 33 fz,xhand SDK sensor_data[2].raw_force[33].fz,,"measured sensor value, unless fallback",,,,state[945]=sensor_data[2].raw_force[33].fz,,xhand.py copies SDK order; xhand_control_ros2.cpp copies raw_force[k].fx/fy/fz,True
946,observation.state,hand_tactile_sensor_2.raw_force_34.fx,tactile sensor 2 raw distributed force raw_idx 34 fx,xhand SDK sensor_data[2].raw_force[34].fx,,"measured sensor value, unless fallback",,,,state[946]=sensor_data[2].raw_force[34].fx,,xhand.py copies SDK order; xhand_control_ros2.cpp copies raw_force[k].fx/fy/fz,True
947,observation.state,hand_tactile_sensor_2.raw_force_34.fy,tactile sensor 2 raw distributed force raw_idx 34 fy,xhand SDK sensor_data[2].raw_force[34].fy,,"measured sensor value, unless fallback",,,,state[947]=sensor_data[2].raw_force[34].fy,,xhand.py copies SDK order; xhand_control_ros2.cpp copies raw_force[k].fx/fy/fz,True
948,observation.state,hand_tactile_sensor_2.raw_force_34.fz,tactile sensor 2 raw distributed force raw_idx 34 fz,xhand SDK sensor_data[2].raw_force[34].fz,,"measured sensor value, unless fallback",,,,state[948]=sensor_data[2].raw_force[34].fz,,xhand.py copies SDK order; xhand_control_ros2.cpp copies raw_force[k].fx/fy/fz,True
949,observation.state,hand_tactile_sensor_2.raw_force_35.fx,tactile sensor 2 raw distributed force raw_idx 35 fx,xhand SDK sensor_data[2].raw_force[35].fx,,"measured sensor value, unless fallback",,,,state[949]=sensor_data[2].raw_force[35].fx,,xhand.py copies SDK order; xhand_control_ros2.cpp copies raw_force[k].fx/fy/fz,True
950,observation.state,hand_tactile_sensor_2.raw_force_35.fy,tactile sensor 2 raw distributed force raw_idx 35 fy,xhand SDK sensor_data[2].raw_force[35].fy,,"measured sensor value, unless fallback",,,,state[950]=sensor_data[2].raw_force[35].fy,,xhand.py copies SDK order; xhand_control_ros2.cpp copies raw_force[k].fx/fy/fz,True
951,observation.state,hand_tactile_sensor_2.raw_force_35.fz,tactile sensor 2 raw distributed force raw_idx 35 fz,xhand SDK sensor_data[2].raw_force[35].fz,,"measured sensor value, unless fallback",,,,state[951]=sensor_data[2].raw_force[35].fz,,xhand.py copies SDK order; xhand_control_ros2.cpp copies raw_force[k].fx/fy/fz,True
952,observation.state,hand_tactile_sensor_2.raw_force_36.fx,tactile sensor 2 raw distributed force raw_idx 36 fx,xhand SDK sensor_data[2].raw_force[36].fx,,"measured sensor value, unless fallback",,,,state[952]=sensor_data[2].raw_force[36].fx,,xhand.py copies SDK order; xhand_control_ros2.cpp copies raw_force[k].fx/fy/fz,True
953,observation.state,hand_tactile_sensor_2.raw_force_36.fy,tactile sensor 2 raw distributed force raw_idx 36 fy,xhand SDK sensor_data[2].raw_force[36].fy,,"measured sensor value, unless fallback",,,,state[953]=sensor_data[2].raw_force[36].fy,,xhand.py copies SDK order; xhand_control_ros2.cpp copies raw_force[k].fx/fy/fz,True
954,observation.state,hand_tactile_sensor_2.raw_force_36.fz,tactile sensor 2 raw distributed force raw_idx 36 fz,xhand SDK sensor_data[2].raw_force[36].fz,,"measured sensor value, unless fallback",,,,state[954]=sensor_data[2].raw_force[36].fz,,xhand.py copies SDK order; xhand_control_ros2.cpp copies raw_force[k].fx/fy/fz,True
955,observation.state,hand_tactile_sensor_2.raw_force_37.fx,tactile sensor 2 raw distributed force raw_idx 37 fx,xhand SDK sensor_data[2].raw_force[37].fx,,"measured sensor value, unless fallback",,,,state[955]=sensor_data[2].raw_force[37].fx,,xhand.py copies SDK order; xhand_control_ros2.cpp copies raw_force[k].fx/fy/fz,True
956,observation.state,hand_tactile_sensor_2.raw_force_37.fy,tactile sensor 2 raw distributed force raw_idx 37 fy,xhand SDK sensor_data[2].raw_force[37].fy,,"measured sensor value, unless fallback",,,,state[956]=sensor_data[2].raw_force[37].fy,,xhand.py copies SDK order; xhand_control_ros2.cpp copies raw_force[k].fx/fy/fz,True
957,observation.state,hand_tactile_sensor_2.raw_force_37.fz,tactile sensor 2 raw distributed force raw_idx 37 fz,xhand SDK sensor_data[2].raw_force[37].fz,,"measured sensor value, unless fallback",,,,state[957]=sensor_data[2].raw_force[37].fz,,xhand.py copies SDK order; xhand_control_ros2.cpp copies raw_force[k].fx/fy/fz,True
958,observation.state,hand_tactile_sensor_2.raw_force_38.fx,tactile sensor 2 raw distributed force raw_idx 38 fx,xhand SDK sensor_data[2].raw_force[38].fx,,"measured sensor value, unless fallback",,,,state[958]=sensor_data[2].raw_force[38].fx,,xhand.py copies SDK order; xhand_control_ros2.cpp copies raw_force[k].fx/fy/fz,True
959,observation.state,hand_tactile_sensor_2.raw_force_38.fy,tactile sensor 2 raw distributed force raw_idx 38 fy,xhand SDK sensor_data[2].raw_force[38].fy,,"measured sensor value, unless fallback",,,,state[959]=sensor_data[2].raw_force[38].fy,,xhand.py copies SDK order; xhand_control_ros2.cpp copies raw_force[k].fx/fy/fz,True
960,observation.state,hand_tactile_sensor_2.raw_force_38.fz,tactile sensor 2 raw distributed force raw_idx 38 fz,xhand SDK sensor_data[2].raw_force[38].fz,,"measured sensor value, unless fallback",,,,state[960]=sensor_data[2].raw_force[38].fz,,xhand.py copies SDK order; xhand_control_ros2.cpp copies raw_force[k].fx/fy/fz,True
961,observation.state,hand_tactile_sensor_2.raw_force_39.fx,tactile sensor 2 raw distributed force raw_idx 39 fx,xhand SDK sensor_data[2].raw_force[39].fx,,"measured sensor value, unless fallback",,,,state[961]=sensor_data[2].raw_force[39].fx,,xhand.py copies SDK order; xhand_control_ros2.cpp copies raw_force[k].fx/fy/fz,True
962,observation.state,hand_tactile_sensor_2.raw_force_39.fy,tactile sensor 2 raw distributed force raw_idx 39 fy,xhand SDK sensor_data[2].raw_force[39].fy,,"measured sensor value, unless fallback",,,,state[962]=sensor_data[2].raw_force[39].fy,,xhand.py copies SDK order; xhand_control_ros2.cpp copies raw_force[k].fx/fy/fz,True
963,observation.state,hand_tactile_sensor_2.raw_force_39.fz,tactile sensor 2 raw distributed force raw_idx 39 fz,xhand SDK sensor_data[2].raw_force[39].fz,,"measured sensor value, unless fallback",,,,state[963]=sensor_data[2].raw_force[39].fz,,xhand.py copies SDK order; xhand_control_ros2.cpp copies raw_force[k].fx/fy/fz,True
964,observation.state,hand_tactile_sensor_2.raw_force_40.fx,tactile sensor 2 raw distributed force raw_idx 40 fx,xhand SDK sensor_data[2].raw_force[40].fx,,"measured sensor value, unless fallback",,,,state[964]=sensor_data[2].raw_force[40].fx,,xhand.py copies SDK order; xhand_control_ros2.cpp copies raw_force[k].fx/fy/fz,True
965,observation.state,hand_tactile_sensor_2.raw_force_40.fy,tactile sensor 2 raw distributed force raw_idx 40 fy,xhand SDK sensor_data[2].raw_force[40].fy,,"measured sensor value, unless fallback",,,,state[965]=sensor_data[2].raw_force[40].fy,,xhand.py copies SDK order; xhand_control_ros2.cpp copies raw_force[k].fx/fy/fz,True
966,observation.state,hand_tactile_sensor_2.raw_force_40.fz,tactile sensor 2 raw distributed force raw_idx 40 fz,xhand SDK sensor_data[2].raw_force[40].fz,,"measured sensor value, unless fallback",,,,state[966]=sensor_data[2].raw_force[40].fz,,xhand.py copies SDK order; xhand_control_ros2.cpp copies raw_force[k].fx/fy/fz,True
967,observation.state,hand_tactile_sensor_2.raw_force_41.fx,tactile sensor 2 raw distributed force raw_idx 41 fx,xhand SDK sensor_data[2].raw_force[41].fx,,"measured sensor value, unless fallback",,,,state[967]=sensor_data[2].raw_force[41].fx,,xhand.py copies SDK order; xhand_control_ros2.cpp copies raw_force[k].fx/fy/fz,True
968,observation.state,hand_tactile_sensor_2.raw_force_41.fy,tactile sensor 2 raw distributed force raw_idx 41 fy,xhand SDK sensor_data[2].raw_force[41].fy,,"measured sensor value, unless fallback",,,,state[968]=sensor_data[2].raw_force[41].fy,,xhand.py copies SDK order; xhand_control_ros2.cpp copies raw_force[k].fx/fy/fz,True
969,observation.state,hand_tactile_sensor_2.raw_force_41.fz,tactile sensor 2 raw distributed force raw_idx 41 fz,xhand SDK sensor_data[2].raw_force[41].fz,,"measured sensor value, unless fallback",,,,state[969]=sensor_data[2].raw_force[41].fz,,xhand.py copies SDK order; xhand_control_ros2.cpp copies raw_force[k].fx/fy/fz,True
970,observation.state,hand_tactile_sensor_2.raw_force_42.fx,tactile sensor 2 raw distributed force raw_idx 42 fx,xhand SDK sensor_data[2].raw_force[42].fx,,"measured sensor value, unless fallback",,,,state[970]=sensor_data[2].raw_force[42].fx,,xhand.py copies SDK order; xhand_control_ros2.cpp copies raw_force[k].fx/fy/fz,True
971,observation.state,hand_tactile_sensor_2.raw_force_42.fy,tactile sensor 2 raw distributed force raw_idx 42 fy,xhand SDK sensor_data[2].raw_force[42].fy,,"measured sensor value, unless fallback",,,,state[971]=sensor_data[2].raw_force[42].fy,,xhand.py copies SDK order; xhand_control_ros2.cpp copies raw_force[k].fx/fy/fz,True
972,observation.state,hand_tactile_sensor_2.raw_force_42.fz,tactile sensor 2 raw distributed force raw_idx 42 fz,xhand SDK sensor_data[2].raw_force[42].fz,,"measured sensor value, unless fallback",,,,state[972]=sensor_data[2].raw_force[42].fz,,xhand.py copies SDK order; xhand_control_ros2.cpp copies raw_force[k].fx/fy/fz,True
973,observation.state,hand_tactile_sensor_2.raw_force_43.fx,tactile sensor 2 raw distributed force raw_idx 43 fx,xhand SDK sensor_data[2].raw_force[43].fx,,"measured sensor value, unless fallback",,,,state[973]=sensor_data[2].raw_force[43].fx,,xhand.py copies SDK order; xhand_control_ros2.cpp copies raw_force[k].fx/fy/fz,True
974,observation.state,hand_tactile_sensor_2.raw_force_43.fy,tactile sensor 2 raw distributed force raw_idx 43 fy,xhand SDK sensor_data[2].raw_force[43].fy,,"measured sensor value, unless fallback",,,,state[974]=sensor_data[2].raw_force[43].fy,,xhand.py copies SDK order; xhand_control_ros2.cpp copies raw_force[k].fx/fy/fz,True
975,observation.state,hand_tactile_sensor_2.raw_force_43.fz,tactile sensor 2 raw distributed force raw_idx 43 fz,xhand SDK sensor_data[2].raw_force[43].fz,,"measured sensor value, unless fallback",,,,state[975]=sensor_data[2].raw_force[43].fz,,xhand.py copies SDK order; xhand_control_ros2.cpp copies raw_force[k].fx/fy/fz,True
976,observation.state,hand_tactile_sensor_2.raw_force_44.fx,tactile sensor 2 raw distributed force raw_idx 44 fx,xhand SDK sensor_data[2].raw_force[44].fx,,"measured sensor value, unless fallback",,,,state[976]=sensor_data[2].raw_force[44].fx,,xhand.py copies SDK order; xhand_control_ros2.cpp copies raw_force[k].fx/fy/fz,True
977,observation.state,hand_tactile_sensor_2.raw_force_44.fy,tactile sensor 2 raw distributed force raw_idx 44 fy,xhand SDK sensor_data[2].raw_force[44].fy,,"measured sensor value, unless fallback",,,,state[977]=sensor_data[2].raw_force[44].fy,,xhand.py copies SDK order; xhand_control_ros2.cpp copies raw_force[k].fx/fy/fz,True
978,observation.state,hand_tactile_sensor_2.raw_force_44.fz,tactile sensor 2 raw distributed force raw_idx 44 fz,xhand SDK sensor_data[2].raw_force[44].fz,,"measured sensor value, unless fallback",,,,state[978]=sensor_data[2].raw_force[44].fz,,xhand.py copies SDK order; xhand_control_ros2.cpp copies raw_force[k].fx/fy/fz,True
979,observation.state,hand_tactile_sensor_2.raw_force_45.fx,tactile sensor 2 raw distributed force raw_idx 45 fx,xhand SDK sensor_data[2].raw_force[45].fx,,"measured sensor value, unless fallback",,,,state[979]=sensor_data[2].raw_force[45].fx,,xhand.py copies SDK order; xhand_control_ros2.cpp copies raw_force[k].fx/fy/fz,True
980,observation.state,hand_tactile_sensor_2.raw_force_45.fy,tactile sensor 2 raw distributed force raw_idx 45 fy,xhand SDK sensor_data[2].raw_force[45].fy,,"measured sensor value, unless fallback",,,,state[980]=sensor_data[2].raw_force[45].fy,,xhand.py copies SDK order; xhand_control_ros2.cpp copies raw_force[k].fx/fy/fz,True
981,observation.state,hand_tactile_sensor_2.raw_force_45.fz,tactile sensor 2 raw distributed force raw_idx 45 fz,xhand SDK sensor_data[2].raw_force[45].fz,,"measured sensor value, unless fallback",,,,state[981]=sensor_data[2].raw_force[45].fz,,xhand.py copies SDK order; xhand_control_ros2.cpp copies raw_force[k].fx/fy/fz,True
982,observation.state,hand_tactile_sensor_2.raw_force_46.fx,tactile sensor 2 raw distributed force raw_idx 46 fx,xhand SDK sensor_data[2].raw_force[46].fx,,"measured sensor value, unless fallback",,,,state[982]=sensor_data[2].raw_force[46].fx,,xhand.py copies SDK order; xhand_control_ros2.cpp copies raw_force[k].fx/fy/fz,True
983,observation.state,hand_tactile_sensor_2.raw_force_46.fy,tactile sensor 2 raw distributed force raw_idx 46 fy,xhand SDK sensor_data[2].raw_force[46].fy,,"measured sensor value, unless fallback",,,,state[983]=sensor_data[2].raw_force[46].fy,,xhand.py copies SDK order; xhand_control_ros2.cpp copies raw_force[k].fx/fy/fz,True
984,observation.state,hand_tactile_sensor_2.raw_force_46.fz,tactile sensor 2 raw distributed force raw_idx 46 fz,xhand SDK sensor_data[2].raw_force[46].fz,,"measured sensor value, unless fallback",,,,state[984]=sensor_data[2].raw_force[46].fz,,xhand.py copies SDK order; xhand_control_ros2.cpp copies raw_force[k].fx/fy/fz,True
985,observation.state,hand_tactile_sensor_2.raw_force_47.fx,tactile sensor 2 raw distributed force raw_idx 47 fx,xhand SDK sensor_data[2].raw_force[47].fx,,"measured sensor value, unless fallback",,,,state[985]=sensor_data[2].raw_force[47].fx,,xhand.py copies SDK order; xhand_control_ros2.cpp copies raw_force[k].fx/fy/fz,True
986,observation.state,hand_tactile_sensor_2.raw_force_47.fy,tactile sensor 2 raw distributed force raw_idx 47 fy,xhand SDK sensor_data[2].raw_force[47].fy,,"measured sensor value, unless fallback",,,,state[986]=sensor_data[2].raw_force[47].fy,,xhand.py copies SDK order; xhand_control_ros2.cpp copies raw_force[k].fx/fy/fz,True
987,observation.state,hand_tactile_sensor_2.raw_force_47.fz,tactile sensor 2 raw distributed force raw_idx 47 fz,xhand SDK sensor_data[2].raw_force[47].fz,,"measured sensor value, unless fallback",,,,state[987]=sensor_data[2].raw_force[47].fz,,xhand.py copies SDK order; xhand_control_ros2.cpp copies raw_force[k].fx/fy/fz,True
988,observation.state,hand_tactile_sensor_2.raw_force_48.fx,tactile sensor 2 raw distributed force raw_idx 48 fx,xhand SDK sensor_data[2].raw_force[48].fx,,"measured sensor value, unless fallback",,,,state[988]=sensor_data[2].raw_force[48].fx,,xhand.py copies SDK order; xhand_control_ros2.cpp copies raw_force[k].fx/fy/fz,True
989,observation.state,hand_tactile_sensor_2.raw_force_48.fy,tactile sensor 2 raw distributed force raw_idx 48 fy,xhand SDK sensor_data[2].raw_force[48].fy,,"measured sensor value, unless fallback",,,,state[989]=sensor_data[2].raw_force[48].fy,,xhand.py copies SDK order; xhand_control_ros2.cpp copies raw_force[k].fx/fy/fz,True
990,observation.state,hand_tactile_sensor_2.raw_force_48.fz,tactile sensor 2 raw distributed force raw_idx 48 fz,xhand SDK sensor_data[2].raw_force[48].fz,,"measured sensor value, unless fallback",,,,state[990]=sensor_data[2].raw_force[48].fz,,xhand.py copies SDK order; xhand_control_ros2.cpp copies raw_force[k].fx/fy/fz,True
991,observation.state,hand_tactile_sensor_2.raw_force_49.fx,tactile sensor 2 raw distributed force raw_idx 49 fx,xhand SDK sensor_data[2].raw_force[49].fx,,"measured sensor value, unless fallback",,,,state[991]=sensor_data[2].raw_force[49].fx,,xhand.py copies SDK order; xhand_control_ros2.cpp copies raw_force[k].fx/fy/fz,True
992,observation.state,hand_tactile_sensor_2.raw_force_49.fy,tactile sensor 2 raw distributed force raw_idx 49 fy,xhand SDK sensor_data[2].raw_force[49].fy,,"measured sensor value, unless fallback",,,,state[992]=sensor_data[2].raw_force[49].fy,,xhand.py copies SDK order; xhand_control_ros2.cpp copies raw_force[k].fx/fy/fz,True
993,observation.state,hand_tactile_sensor_2.raw_force_49.fz,tactile sensor 2 raw distributed force raw_idx 49 fz,xhand SDK sensor_data[2].raw_force[49].fz,,"measured sensor value, unless fallback",,,,state[993]=sensor_data[2].raw_force[49].fz,,xhand.py copies SDK order; xhand_control_ros2.cpp copies raw_force[k].fx/fy/fz,True
994,observation.state,hand_tactile_sensor_2.raw_force_50.fx,tactile sensor 2 raw distributed force raw_idx 50 fx,xhand SDK sensor_data[2].raw_force[50].fx,,"measured sensor value, unless fallback",,,,state[994]=sensor_data[2].raw_force[50].fx,,xhand.py copies SDK order; xhand_control_ros2.cpp copies raw_force[k].fx/fy/fz,True
995,observation.state,hand_tactile_sensor_2.raw_force_50.fy,tactile sensor 2 raw distributed force raw_idx 50 fy,xhand SDK sensor_data[2].raw_force[50].fy,,"measured sensor value, unless fallback",,,,state[995]=sensor_data[2].raw_force[50].fy,,xhand.py copies SDK order; xhand_control_ros2.cpp copies raw_force[k].fx/fy/fz,True
996,observation.state,hand_tactile_sensor_2.raw_force_50.fz,tactile sensor 2 raw distributed force raw_idx 50 fz,xhand SDK sensor_data[2].raw_force[50].fz,,"measured sensor value, unless fallback",,,,state[996]=sensor_data[2].raw_force[50].fz,,xhand.py copies SDK order; xhand_control_ros2.cpp copies raw_force[k].fx/fy/fz,True
997,observation.state,hand_tactile_sensor_2.raw_force_51.fx,tactile sensor 2 raw distributed force raw_idx 51 fx,xhand SDK sensor_data[2].raw_force[51].fx,,"measured sensor value, unless fallback",,,,state[997]=sensor_data[2].raw_force[51].fx,,xhand.py copies SDK order; xhand_control_ros2.cpp copies raw_force[k].fx/fy/fz,True
998,observation.state,hand_tactile_sensor_2.raw_force_51.fy,tactile sensor 2 raw distributed force raw_idx 51 fy,xhand SDK sensor_data[2].raw_force[51].fy,,"measured sensor value, unless fallback",,,,state[998]=sensor_data[2].raw_force[51].fy,,xhand.py copies SDK order; xhand_control_ros2.cpp copies raw_force[k].fx/fy/fz,True
999,observation.state,hand_tactile_sensor_2.raw_force_51.fz,tactile sensor 2 raw distributed force raw_idx 51 fz,xhand SDK sensor_data[2].raw_force[51].fz,,"measured sensor value, unless fallback",,,,state[999]=sensor_data[2].raw_force[51].fz,,xhand.py copies SDK order; xhand_control_ros2.cpp copies raw_force[k].fx/fy/fz,True
1000,observation.state,hand_tactile_sensor_2.raw_force_52.fx,tactile sensor 2 raw distributed force raw_idx 52 fx,xhand SDK sensor_data[2].raw_force[52].fx,,"measured sensor value, unless fallback",,,,state[1000]=sensor_data[2].raw_force[52].fx,,xhand.py copies SDK order; xhand_control_ros2.cpp copies raw_force[k].fx/fy/fz,True
1001,observation.state,hand_tactile_sensor_2.raw_force_52.fy,tactile sensor 2 raw distributed force raw_idx 52 fy,xhand SDK sensor_data[2].raw_force[52].fy,,"measured sensor value, unless fallback",,,,state[1001]=sensor_data[2].raw_force[52].fy,,xhand.py copies SDK order; xhand_control_ros2.cpp copies raw_force[k].fx/fy/fz,True
1002,observation.state,hand_tactile_sensor_2.raw_force_52.fz,tactile sensor 2 raw distributed force raw_idx 52 fz,xhand SDK sensor_data[2].raw_force[52].fz,,"measured sensor value, unless fallback",,,,state[1002]=sensor_data[2].raw_force[52].fz,,xhand.py copies SDK order; xhand_control_ros2.cpp copies raw_force[k].fx/fy/fz,True
1003,observation.state,hand_tactile_sensor_2.raw_force_53.fx,tactile sensor 2 raw distributed force raw_idx 53 fx,xhand SDK sensor_data[2].raw_force[53].fx,,"measured sensor value, unless fallback",,,,state[1003]=sensor_data[2].raw_force[53].fx,,xhand.py copies SDK order; xhand_control_ros2.cpp copies raw_force[k].fx/fy/fz,True
1004,observation.state,hand_tactile_sensor_2.raw_force_53.fy,tactile sensor 2 raw distributed force raw_idx 53 fy,xhand SDK sensor_data[2].raw_force[53].fy,,"measured sensor value, unless fallback",,,,state[1004]=sensor_data[2].raw_force[53].fy,,xhand.py copies SDK order; xhand_control_ros2.cpp copies raw_force[k].fx/fy/fz,True
1005,observation.state,hand_tactile_sensor_2.raw_force_53.fz,tactile sensor 2 raw distributed force raw_idx 53 fz,xhand SDK sensor_data[2].raw_force[53].fz,,"measured sensor value, unless fallback",,,,state[1005]=sensor_data[2].raw_force[53].fz,,xhand.py copies SDK order; xhand_control_ros2.cpp copies raw_force[k].fx/fy/fz,True
1006,observation.state,hand_tactile_sensor_2.raw_force_54.fx,tactile sensor 2 raw distributed force raw_idx 54 fx,xhand SDK sensor_data[2].raw_force[54].fx,,"measured sensor value, unless fallback",,,,state[1006]=sensor_data[2].raw_force[54].fx,,xhand.py copies SDK order; xhand_control_ros2.cpp copies raw_force[k].fx/fy/fz,True
1007,observation.state,hand_tactile_sensor_2.raw_force_54.fy,tactile sensor 2 raw distributed force raw_idx 54 fy,xhand SDK sensor_data[2].raw_force[54].fy,,"measured sensor value, unless fallback",,,,state[1007]=sensor_data[2].raw_force[54].fy,,xhand.py copies SDK order; xhand_control_ros2.cpp copies raw_force[k].fx/fy/fz,True
1008,observation.state,hand_tactile_sensor_2.raw_force_54.fz,tactile sensor 2 raw distributed force raw_idx 54 fz,xhand SDK sensor_data[2].raw_force[54].fz,,"measured sensor value, unless fallback",,,,state[1008]=sensor_data[2].raw_force[54].fz,,xhand.py copies SDK order; xhand_control_ros2.cpp copies raw_force[k].fx/fy/fz,True
1009,observation.state,hand_tactile_sensor_2.raw_force_55.fx,tactile sensor 2 raw distributed force raw_idx 55 fx,xhand SDK sensor_data[2].raw_force[55].fx,,"measured sensor value, unless fallback",,,,state[1009]=sensor_data[2].raw_force[55].fx,,xhand.py copies SDK order; xhand_control_ros2.cpp copies raw_force[k].fx/fy/fz,True
1010,observation.state,hand_tactile_sensor_2.raw_force_55.fy,tactile sensor 2 raw distributed force raw_idx 55 fy,xhand SDK sensor_data[2].raw_force[55].fy,,"measured sensor value, unless fallback",,,,state[1010]=sensor_data[2].raw_force[55].fy,,xhand.py copies SDK order; xhand_control_ros2.cpp copies raw_force[k].fx/fy/fz,True
1011,observation.state,hand_tactile_sensor_2.raw_force_55.fz,tactile sensor 2 raw distributed force raw_idx 55 fz,xhand SDK sensor_data[2].raw_force[55].fz,,"measured sensor value, unless fallback",,,,state[1011]=sensor_data[2].raw_force[55].fz,,xhand.py copies SDK order; xhand_control_ros2.cpp copies raw_force[k].fx/fy/fz,True
1012,observation.state,hand_tactile_sensor_2.raw_force_56.fx,tactile sensor 2 raw distributed force raw_idx 56 fx,xhand SDK sensor_data[2].raw_force[56].fx,,"measured sensor value, unless fallback",,,,state[1012]=sensor_data[2].raw_force[56].fx,,xhand.py copies SDK order; xhand_control_ros2.cpp copies raw_force[k].fx/fy/fz,True
1013,observation.state,hand_tactile_sensor_2.raw_force_56.fy,tactile sensor 2 raw distributed force raw_idx 56 fy,xhand SDK sensor_data[2].raw_force[56].fy,,"measured sensor value, unless fallback",,,,state[1013]=sensor_data[2].raw_force[56].fy,,xhand.py copies SDK order; xhand_control_ros2.cpp copies raw_force[k].fx/fy/fz,True
1014,observation.state,hand_tactile_sensor_2.raw_force_56.fz,tactile sensor 2 raw distributed force raw_idx 56 fz,xhand SDK sensor_data[2].raw_force[56].fz,,"measured sensor value, unless fallback",,,,state[1014]=sensor_data[2].raw_force[56].fz,,xhand.py copies SDK order; xhand_control_ros2.cpp copies raw_force[k].fx/fy/fz,True
1015,observation.state,hand_tactile_sensor_2.raw_force_57.fx,tactile sensor 2 raw distributed force raw_idx 57 fx,xhand SDK sensor_data[2].raw_force[57].fx,,"measured sensor value, unless fallback",,,,state[1015]=sensor_data[2].raw_force[57].fx,,xhand.py copies SDK order; xhand_control_ros2.cpp copies raw_force[k].fx/fy/fz,True
1016,observation.state,hand_tactile_sensor_2.raw_force_57.fy,tactile sensor 2 raw distributed force raw_idx 57 fy,xhand SDK sensor_data[2].raw_force[57].fy,,"measured sensor value, unless fallback",,,,state[1016]=sensor_data[2].raw_force[57].fy,,xhand.py copies SDK order; xhand_control_ros2.cpp copies raw_force[k].fx/fy/fz,True
1017,observation.state,hand_tactile_sensor_2.raw_force_57.fz,tactile sensor 2 raw distributed force raw_idx 57 fz,xhand SDK sensor_data[2].raw_force[57].fz,,"measured sensor value, unless fallback",,,,state[1017]=sensor_data[2].raw_force[57].fz,,xhand.py copies SDK order; xhand_control_ros2.cpp copies raw_force[k].fx/fy/fz,True
1018,observation.state,hand_tactile_sensor_2.raw_force_58.fx,tactile sensor 2 raw distributed force raw_idx 58 fx,xhand SDK sensor_data[2].raw_force[58].fx,,"measured sensor value, unless fallback",,,,state[1018]=sensor_data[2].raw_force[58].fx,,xhand.py copies SDK order; xhand_control_ros2.cpp copies raw_force[k].fx/fy/fz,True
1019,observation.state,hand_tactile_sensor_2.raw_force_58.fy,tactile sensor 2 raw distributed force raw_idx 58 fy,xhand SDK sensor_data[2].raw_force[58].fy,,"measured sensor value, unless fallback",,,,state[1019]=sensor_data[2].raw_force[58].fy,,xhand.py copies SDK order; xhand_control_ros2.cpp copies raw_force[k].fx/fy/fz,True
1020,observation.state,hand_tactile_sensor_2.raw_force_58.fz,tactile sensor 2 raw distributed force raw_idx 58 fz,xhand SDK sensor_data[2].raw_force[58].fz,,"measured sensor value, unless fallback",,,,state[1020]=sensor_data[2].raw_force[58].fz,,xhand.py copies SDK order; xhand_control_ros2.cpp copies raw_force[k].fx/fy/fz,True
1021,observation.state,hand_tactile_sensor_2.raw_force_59.fx,tactile sensor 2 raw distributed force raw_idx 59 fx,xhand SDK sensor_data[2].raw_force[59].fx,,"measured sensor value, unless fallback",,,,state[1021]=sensor_data[2].raw_force[59].fx,,xhand.py copies SDK order; xhand_control_ros2.cpp copies raw_force[k].fx/fy/fz,True
1022,observation.state,hand_tactile_sensor_2.raw_force_59.fy,tactile sensor 2 raw distributed force raw_idx 59 fy,xhand SDK sensor_data[2].raw_force[59].fy,,"measured sensor value, unless fallback",,,,state[1022]=sensor_data[2].raw_force[59].fy,,xhand.py copies SDK order; xhand_control_ros2.cpp copies raw_force[k].fx/fy/fz,True
1023,observation.state,hand_tactile_sensor_2.raw_force_59.fz,tactile sensor 2 raw distributed force raw_idx 59 fz,xhand SDK sensor_data[2].raw_force[59].fz,,"measured sensor value, unless fallback",,,,state[1023]=sensor_data[2].raw_force[59].fz,,xhand.py copies SDK order; xhand_control_ros2.cpp copies raw_force[k].fx/fy/fz,True
1024,observation.state,hand_tactile_sensor_2.raw_force_60.fx,tactile sensor 2 raw distributed force raw_idx 60 fx,xhand SDK sensor_data[2].raw_force[60].fx,,"measured sensor value, unless fallback",,,,state[1024]=sensor_data[2].raw_force[60].fx,,xhand.py copies SDK order; xhand_control_ros2.cpp copies raw_force[k].fx/fy/fz,True
1025,observation.state,hand_tactile_sensor_2.raw_force_60.fy,tactile sensor 2 raw distributed force raw_idx 60 fy,xhand SDK sensor_data[2].raw_force[60].fy,,"measured sensor value, unless fallback",,,,state[1025]=sensor_data[2].raw_force[60].fy,,xhand.py copies SDK order; xhand_control_ros2.cpp copies raw_force[k].fx/fy/fz,True
1026,observation.state,hand_tactile_sensor_2.raw_force_60.fz,tactile sensor 2 raw distributed force raw_idx 60 fz,xhand SDK sensor_data[2].raw_force[60].fz,,"measured sensor value, unless fallback",,,,state[1026]=sensor_data[2].raw_force[60].fz,,xhand.py copies SDK order; xhand_control_ros2.cpp copies raw_force[k].fx/fy/fz,True
1027,observation.state,hand_tactile_sensor_2.raw_force_61.fx,tactile sensor 2 raw distributed force raw_idx 61 fx,xhand SDK sensor_data[2].raw_force[61].fx,,"measured sensor value, unless fallback",,,,state[1027]=sensor_data[2].raw_force[61].fx,,xhand.py copies SDK order; xhand_control_ros2.cpp copies raw_force[k].fx/fy/fz,True
1028,observation.state,hand_tactile_sensor_2.raw_force_61.fy,tactile sensor 2 raw distributed force raw_idx 61 fy,xhand SDK sensor_data[2].raw_force[61].fy,,"measured sensor value, unless fallback",,,,state[1028]=sensor_data[2].raw_force[61].fy,,xhand.py copies SDK order; xhand_control_ros2.cpp copies raw_force[k].fx/fy/fz,True
1029,observation.state,hand_tactile_sensor_2.raw_force_61.fz,tactile sensor 2 raw distributed force raw_idx 61 fz,xhand SDK sensor_data[2].raw_force[61].fz,,"measured sensor value, unless fallback",,,,state[1029]=sensor_data[2].raw_force[61].fz,,xhand.py copies SDK order; xhand_control_ros2.cpp copies raw_force[k].fx/fy/fz,True
1030,observation.state,hand_tactile_sensor_2.raw_force_62.fx,tactile sensor 2 raw distributed force raw_idx 62 fx,xhand SDK sensor_data[2].raw_force[62].fx,,"measured sensor value, unless fallback",,,,state[1030]=sensor_data[2].raw_force[62].fx,,xhand.py copies SDK order; xhand_control_ros2.cpp copies raw_force[k].fx/fy/fz,True
1031,observation.state,hand_tactile_sensor_2.raw_force_62.fy,tactile sensor 2 raw distributed force raw_idx 62 fy,xhand SDK sensor_data[2].raw_force[62].fy,,"measured sensor value, unless fallback",,,,state[1031]=sensor_data[2].raw_force[62].fy,,xhand.py copies SDK order; xhand_control_ros2.cpp copies raw_force[k].fx/fy/fz,True
1032,observation.state,hand_tactile_sensor_2.raw_force_62.fz,tactile sensor 2 raw distributed force raw_idx 62 fz,xhand SDK sensor_data[2].raw_force[62].fz,,"measured sensor value, unless fallback",,,,state[1032]=sensor_data[2].raw_force[62].fz,,xhand.py copies SDK order; xhand_control_ros2.cpp copies raw_force[k].fx/fy/fz,True
1033,observation.state,hand_tactile_sensor_2.raw_force_63.fx,tactile sensor 2 raw distributed force raw_idx 63 fx,xhand SDK sensor_data[2].raw_force[63].fx,,"measured sensor value, unless fallback",,,,state[1033]=sensor_data[2].raw_force[63].fx,,xhand.py copies SDK order; xhand_control_ros2.cpp copies raw_force[k].fx/fy/fz,True
1034,observation.state,hand_tactile_sensor_2.raw_force_63.fy,tactile sensor 2 raw distributed force raw_idx 63 fy,xhand SDK sensor_data[2].raw_force[63].fy,,"measured sensor value, unless fallback",,,,state[1034]=sensor_data[2].raw_force[63].fy,,xhand.py copies SDK order; xhand_control_ros2.cpp copies raw_force[k].fx/fy/fz,True
1035,observation.state,hand_tactile_sensor_2.raw_force_63.fz,tactile sensor 2 raw distributed force raw_idx 63 fz,xhand SDK sensor_data[2].raw_force[63].fz,,"measured sensor value, unless fallback",,,,state[1035]=sensor_data[2].raw_force[63].fz,,xhand.py copies SDK order; xhand_control_ros2.cpp copies raw_force[k].fx/fy/fz,True
1036,observation.state,hand_tactile_sensor_2.raw_force_64.fx,tactile sensor 2 raw distributed force raw_idx 64 fx,xhand SDK sensor_data[2].raw_force[64].fx,,"measured sensor value, unless fallback",,,,state[1036]=sensor_data[2].raw_force[64].fx,,xhand.py copies SDK order; xhand_control_ros2.cpp copies raw_force[k].fx/fy/fz,True
1037,observation.state,hand_tactile_sensor_2.raw_force_64.fy,tactile sensor 2 raw distributed force raw_idx 64 fy,xhand SDK sensor_data[2].raw_force[64].fy,,"measured sensor value, unless fallback",,,,state[1037]=sensor_data[2].raw_force[64].fy,,xhand.py copies SDK order; xhand_control_ros2.cpp copies raw_force[k].fx/fy/fz,True
1038,observation.state,hand_tactile_sensor_2.raw_force_64.fz,tactile sensor 2 raw distributed force raw_idx 64 fz,xhand SDK sensor_data[2].raw_force[64].fz,,"measured sensor value, unless fallback",,,,state[1038]=sensor_data[2].raw_force[64].fz,,xhand.py copies SDK order; xhand_control_ros2.cpp copies raw_force[k].fx/fy/fz,True
1039,observation.state,hand_tactile_sensor_2.raw_force_65.fx,tactile sensor 2 raw distributed force raw_idx 65 fx,xhand SDK sensor_data[2].raw_force[65].fx,,"measured sensor value, unless fallback",,,,state[1039]=sensor_data[2].raw_force[65].fx,,xhand.py copies SDK order; xhand_control_ros2.cpp copies raw_force[k].fx/fy/fz,True
1040,observation.state,hand_tactile_sensor_2.raw_force_65.fy,tactile sensor 2 raw distributed force raw_idx 65 fy,xhand SDK sensor_data[2].raw_force[65].fy,,"measured sensor value, unless fallback",,,,state[1040]=sensor_data[2].raw_force[65].fy,,xhand.py copies SDK order; xhand_control_ros2.cpp copies raw_force[k].fx/fy/fz,True
1041,observation.state,hand_tactile_sensor_2.raw_force_65.fz,tactile sensor 2 raw distributed force raw_idx 65 fz,xhand SDK sensor_data[2].raw_force[65].fz,,"measured sensor value, unless fallback",,,,state[1041]=sensor_data[2].raw_force[65].fz,,xhand.py copies SDK order; xhand_control_ros2.cpp copies raw_force[k].fx/fy/fz,True
1042,observation.state,hand_tactile_sensor_2.raw_force_66.fx,tactile sensor 2 raw distributed force raw_idx 66 fx,xhand SDK sensor_data[2].raw_force[66].fx,,"measured sensor value, unless fallback",,,,state[1042]=sensor_data[2].raw_force[66].fx,,xhand.py copies SDK order; xhand_control_ros2.cpp copies raw_force[k].fx/fy/fz,True
1043,observation.state,hand_tactile_sensor_2.raw_force_66.fy,tactile sensor 2 raw distributed force raw_idx 66 fy,xhand SDK sensor_data[2].raw_force[66].fy,,"measured sensor value, unless fallback",,,,state[1043]=sensor_data[2].raw_force[66].fy,,xhand.py copies SDK order; xhand_control_ros2.cpp copies raw_force[k].fx/fy/fz,True
1044,observation.state,hand_tactile_sensor_2.raw_force_66.fz,tactile sensor 2 raw distributed force raw_idx 66 fz,xhand SDK sensor_data[2].raw_force[66].fz,,"measured sensor value, unless fallback",,,,state[1044]=sensor_data[2].raw_force[66].fz,,xhand.py copies SDK order; xhand_control_ros2.cpp copies raw_force[k].fx/fy/fz,True
1045,observation.state,hand_tactile_sensor_2.raw_force_67.fx,tactile sensor 2 raw distributed force raw_idx 67 fx,xhand SDK sensor_data[2].raw_force[67].fx,,"measured sensor value, unless fallback",,,,state[1045]=sensor_data[2].raw_force[67].fx,,xhand.py copies SDK order; xhand_control_ros2.cpp copies raw_force[k].fx/fy/fz,True
1046,observation.state,hand_tactile_sensor_2.raw_force_67.fy,tactile sensor 2 raw distributed force raw_idx 67 fy,xhand SDK sensor_data[2].raw_force[67].fy,,"measured sensor value, unless fallback",,,,state[1046]=sensor_data[2].raw_force[67].fy,,xhand.py copies SDK order; xhand_control_ros2.cpp copies raw_force[k].fx/fy/fz,True
1047,observation.state,hand_tactile_sensor_2.raw_force_67.fz,tactile sensor 2 raw distributed force raw_idx 67 fz,xhand SDK sensor_data[2].raw_force[67].fz,,"measured sensor value, unless fallback",,,,state[1047]=sensor_data[2].raw_force[67].fz,,xhand.py copies SDK order; xhand_control_ros2.cpp copies raw_force[k].fx/fy/fz,True
1048,observation.state,hand_tactile_sensor_2.raw_force_68.fx,tactile sensor 2 raw distributed force raw_idx 68 fx,xhand SDK sensor_data[2].raw_force[68].fx,,"measured sensor value, unless fallback",,,,state[1048]=sensor_data[2].raw_force[68].fx,,xhand.py copies SDK order; xhand_control_ros2.cpp copies raw_force[k].fx/fy/fz,True
1049,observation.state,hand_tactile_sensor_2.raw_force_68.fy,tactile sensor 2 raw distributed force raw_idx 68 fy,xhand SDK sensor_data[2].raw_force[68].fy,,"measured sensor value, unless fallback",,,,state[1049]=sensor_data[2].raw_force[68].fy,,xhand.py copies SDK order; xhand_control_ros2.cpp copies raw_force[k].fx/fy/fz,True
1050,observation.state,hand_tactile_sensor_2.raw_force_68.fz,tactile sensor 2 raw distributed force raw_idx 68 fz,xhand SDK sensor_data[2].raw_force[68].fz,,"measured sensor value, unless fallback",,,,state[1050]=sensor_data[2].raw_force[68].fz,,xhand.py copies SDK order; xhand_control_ros2.cpp copies raw_force[k].fx/fy/fz,True
1051,observation.state,hand_tactile_sensor_2.raw_force_69.fx,tactile sensor 2 raw distributed force raw_idx 69 fx,xhand SDK sensor_data[2].raw_force[69].fx,,"measured sensor value, unless fallback",,,,state[1051]=sensor_data[2].raw_force[69].fx,,xhand.py copies SDK order; xhand_control_ros2.cpp copies raw_force[k].fx/fy/fz,True
1052,observation.state,hand_tactile_sensor_2.raw_force_69.fy,tactile sensor 2 raw distributed force raw_idx 69 fy,xhand SDK sensor_data[2].raw_force[69].fy,,"measured sensor value, unless fallback",,,,state[1052]=sensor_data[2].raw_force[69].fy,,xhand.py copies SDK order; xhand_control_ros2.cpp copies raw_force[k].fx/fy/fz,True
1053,observation.state,hand_tactile_sensor_2.raw_force_69.fz,tactile sensor 2 raw distributed force raw_idx 69 fz,xhand SDK sensor_data[2].raw_force[69].fz,,"measured sensor value, unless fallback",,,,state[1053]=sensor_data[2].raw_force[69].fz,,xhand.py copies SDK order; xhand_control_ros2.cpp copies raw_force[k].fx/fy/fz,True
1054,observation.state,hand_tactile_sensor_2.raw_force_70.fx,tactile sensor 2 raw distributed force raw_idx 70 fx,xhand SDK sensor_data[2].raw_force[70].fx,,"measured sensor value, unless fallback",,,,state[1054]=sensor_data[2].raw_force[70].fx,,xhand.py copies SDK order; xhand_control_ros2.cpp copies raw_force[k].fx/fy/fz,True
1055,observation.state,hand_tactile_sensor_2.raw_force_70.fy,tactile sensor 2 raw distributed force raw_idx 70 fy,xhand SDK sensor_data[2].raw_force[70].fy,,"measured sensor value, unless fallback",,,,state[1055]=sensor_data[2].raw_force[70].fy,,xhand.py copies SDK order; xhand_control_ros2.cpp copies raw_force[k].fx/fy/fz,True
1056,observation.state,hand_tactile_sensor_2.raw_force_70.fz,tactile sensor 2 raw distributed force raw_idx 70 fz,xhand SDK sensor_data[2].raw_force[70].fz,,"measured sensor value, unless fallback",,,,state[1056]=sensor_data[2].raw_force[70].fz,,xhand.py copies SDK order; xhand_control_ros2.cpp copies raw_force[k].fx/fy/fz,True
1057,observation.state,hand_tactile_sensor_2.raw_force_71.fx,tactile sensor 2 raw distributed force raw_idx 71 fx,xhand SDK sensor_data[2].raw_force[71].fx,,"measured sensor value, unless fallback",,,,state[1057]=sensor_data[2].raw_force[71].fx,,xhand.py copies SDK order; xhand_control_ros2.cpp copies raw_force[k].fx/fy/fz,True
1058,observation.state,hand_tactile_sensor_2.raw_force_71.fy,tactile sensor 2 raw distributed force raw_idx 71 fy,xhand SDK sensor_data[2].raw_force[71].fy,,"measured sensor value, unless fallback",,,,state[1058]=sensor_data[2].raw_force[71].fy,,xhand.py copies SDK order; xhand_control_ros2.cpp copies raw_force[k].fx/fy/fz,True
1059,observation.state,hand_tactile_sensor_2.raw_force_71.fz,tactile sensor 2 raw distributed force raw_idx 71 fz,xhand SDK sensor_data[2].raw_force[71].fz,,"measured sensor value, unless fallback",,,,state[1059]=sensor_data[2].raw_force[71].fz,,xhand.py copies SDK order; xhand_control_ros2.cpp copies raw_force[k].fx/fy/fz,True
1060,observation.state,hand_tactile_sensor_2.raw_force_72.fx,tactile sensor 2 raw distributed force raw_idx 72 fx,xhand SDK sensor_data[2].raw_force[72].fx,,"measured sensor value, unless fallback",,,,state[1060]=sensor_data[2].raw_force[72].fx,,xhand.py copies SDK order; xhand_control_ros2.cpp copies raw_force[k].fx/fy/fz,True
1061,observation.state,hand_tactile_sensor_2.raw_force_72.fy,tactile sensor 2 raw distributed force raw_idx 72 fy,xhand SDK sensor_data[2].raw_force[72].fy,,"measured sensor value, unless fallback",,,,state[1061]=sensor_data[2].raw_force[72].fy,,xhand.py copies SDK order; xhand_control_ros2.cpp copies raw_force[k].fx/fy/fz,True
1062,observation.state,hand_tactile_sensor_2.raw_force_72.fz,tactile sensor 2 raw distributed force raw_idx 72 fz,xhand SDK sensor_data[2].raw_force[72].fz,,"measured sensor value, unless fallback",,,,state[1062]=sensor_data[2].raw_force[72].fz,,xhand.py copies SDK order; xhand_control_ros2.cpp copies raw_force[k].fx/fy/fz,True
1063,observation.state,hand_tactile_sensor_2.raw_force_73.fx,tactile sensor 2 raw distributed force raw_idx 73 fx,xhand SDK sensor_data[2].raw_force[73].fx,,"measured sensor value, unless fallback",,,,state[1063]=sensor_data[2].raw_force[73].fx,,xhand.py copies SDK order; xhand_control_ros2.cpp copies raw_force[k].fx/fy/fz,True
1064,observation.state,hand_tactile_sensor_2.raw_force_73.fy,tactile sensor 2 raw distributed force raw_idx 73 fy,xhand SDK sensor_data[2].raw_force[73].fy,,"measured sensor value, unless fallback",,,,state[1064]=sensor_data[2].raw_force[73].fy,,xhand.py copies SDK order; xhand_control_ros2.cpp copies raw_force[k].fx/fy/fz,True
1065,observation.state,hand_tactile_sensor_2.raw_force_73.fz,tactile sensor 2 raw distributed force raw_idx 73 fz,xhand SDK sensor_data[2].raw_force[73].fz,,"measured sensor value, unless fallback",,,,state[1065]=sensor_data[2].raw_force[73].fz,,xhand.py copies SDK order; xhand_control_ros2.cpp copies raw_force[k].fx/fy/fz,True
1066,observation.state,hand_tactile_sensor_2.raw_force_74.fx,tactile sensor 2 raw distributed force raw_idx 74 fx,xhand SDK sensor_data[2].raw_force[74].fx,,"measured sensor value, unless fallback",,,,state[1066]=sensor_data[2].raw_force[74].fx,,xhand.py copies SDK order; xhand_control_ros2.cpp copies raw_force[k].fx/fy/fz,True
1067,observation.state,hand_tactile_sensor_2.raw_force_74.fy,tactile sensor 2 raw distributed force raw_idx 74 fy,xhand SDK sensor_data[2].raw_force[74].fy,,"measured sensor value, unless fallback",,,,state[1067]=sensor_data[2].raw_force[74].fy,,xhand.py copies SDK order; xhand_control_ros2.cpp copies raw_force[k].fx/fy/fz,True
1068,observation.state,hand_tactile_sensor_2.raw_force_74.fz,tactile sensor 2 raw distributed force raw_idx 74 fz,xhand SDK sensor_data[2].raw_force[74].fz,,"measured sensor value, unless fallback",,,,state[1068]=sensor_data[2].raw_force[74].fz,,xhand.py copies SDK order; xhand_control_ros2.cpp copies raw_force[k].fx/fy/fz,True
1069,observation.state,hand_tactile_sensor_2.raw_force_75.fx,tactile sensor 2 raw distributed force raw_idx 75 fx,xhand SDK sensor_data[2].raw_force[75].fx,,"measured sensor value, unless fallback",,,,state[1069]=sensor_data[2].raw_force[75].fx,,xhand.py copies SDK order; xhand_control_ros2.cpp copies raw_force[k].fx/fy/fz,True
1070,observation.state,hand_tactile_sensor_2.raw_force_75.fy,tactile sensor 2 raw distributed force raw_idx 75 fy,xhand SDK sensor_data[2].raw_force[75].fy,,"measured sensor value, unless fallback",,,,state[1070]=sensor_data[2].raw_force[75].fy,,xhand.py copies SDK order; xhand_control_ros2.cpp copies raw_force[k].fx/fy/fz,True
1071,observation.state,hand_tactile_sensor_2.raw_force_75.fz,tactile sensor 2 raw distributed force raw_idx 75 fz,xhand SDK sensor_data[2].raw_force[75].fz,,"measured sensor value, unless fallback",,,,state[1071]=sensor_data[2].raw_force[75].fz,,xhand.py copies SDK order; xhand_control_ros2.cpp copies raw_force[k].fx/fy/fz,True
1072,observation.state,hand_tactile_sensor_2.raw_force_76.fx,tactile sensor 2 raw distributed force raw_idx 76 fx,xhand SDK sensor_data[2].raw_force[76].fx,,"measured sensor value, unless fallback",,,,state[1072]=sensor_data[2].raw_force[76].fx,,xhand.py copies SDK order; xhand_control_ros2.cpp copies raw_force[k].fx/fy/fz,True
1073,observation.state,hand_tactile_sensor_2.raw_force_76.fy,tactile sensor 2 raw distributed force raw_idx 76 fy,xhand SDK sensor_data[2].raw_force[76].fy,,"measured sensor value, unless fallback",,,,state[1073]=sensor_data[2].raw_force[76].fy,,xhand.py copies SDK order; xhand_control_ros2.cpp copies raw_force[k].fx/fy/fz,True
1074,observation.state,hand_tactile_sensor_2.raw_force_76.fz,tactile sensor 2 raw distributed force raw_idx 76 fz,xhand SDK sensor_data[2].raw_force[76].fz,,"measured sensor value, unless fallback",,,,state[1074]=sensor_data[2].raw_force[76].fz,,xhand.py copies SDK order; xhand_control_ros2.cpp copies raw_force[k].fx/fy/fz,True
1075,observation.state,hand_tactile_sensor_2.raw_force_77.fx,tactile sensor 2 raw distributed force raw_idx 77 fx,xhand SDK sensor_data[2].raw_force[77].fx,,"measured sensor value, unless fallback",,,,state[1075]=sensor_data[2].raw_force[77].fx,,xhand.py copies SDK order; xhand_control_ros2.cpp copies raw_force[k].fx/fy/fz,True
1076,observation.state,hand_tactile_sensor_2.raw_force_77.fy,tactile sensor 2 raw distributed force raw_idx 77 fy,xhand SDK sensor_data[2].raw_force[77].fy,,"measured sensor value, unless fallback",,,,state[1076]=sensor_data[2].raw_force[77].fy,,xhand.py copies SDK order; xhand_control_ros2.cpp copies raw_force[k].fx/fy/fz,True
1077,observation.state,hand_tactile_sensor_2.raw_force_77.fz,tactile sensor 2 raw distributed force raw_idx 77 fz,xhand SDK sensor_data[2].raw_force[77].fz,,"measured sensor value, unless fallback",,,,state[1077]=sensor_data[2].raw_force[77].fz,,xhand.py copies SDK order; xhand_control_ros2.cpp copies raw_force[k].fx/fy/fz,True
1078,observation.state,hand_tactile_sensor_2.raw_force_78.fx,tactile sensor 2 raw distributed force raw_idx 78 fx,xhand SDK sensor_data[2].raw_force[78].fx,,"measured sensor value, unless fallback",,,,state[1078]=sensor_data[2].raw_force[78].fx,,xhand.py copies SDK order; xhand_control_ros2.cpp copies raw_force[k].fx/fy/fz,True
1079,observation.state,hand_tactile_sensor_2.raw_force_78.fy,tactile sensor 2 raw distributed force raw_idx 78 fy,xhand SDK sensor_data[2].raw_force[78].fy,,"measured sensor value, unless fallback",,,,state[1079]=sensor_data[2].raw_force[78].fy,,xhand.py copies SDK order; xhand_control_ros2.cpp copies raw_force[k].fx/fy/fz,True
1080,observation.state,hand_tactile_sensor_2.raw_force_78.fz,tactile sensor 2 raw distributed force raw_idx 78 fz,xhand SDK sensor_data[2].raw_force[78].fz,,"measured sensor value, unless fallback",,,,state[1080]=sensor_data[2].raw_force[78].fz,,xhand.py copies SDK order; xhand_control_ros2.cpp copies raw_force[k].fx/fy/fz,True
1081,observation.state,hand_tactile_sensor_2.raw_force_79.fx,tactile sensor 2 raw distributed force raw_idx 79 fx,xhand SDK sensor_data[2].raw_force[79].fx,,"measured sensor value, unless fallback",,,,state[1081]=sensor_data[2].raw_force[79].fx,,xhand.py copies SDK order; xhand_control_ros2.cpp copies raw_force[k].fx/fy/fz,True
1082,observation.state,hand_tactile_sensor_2.raw_force_79.fy,tactile sensor 2 raw distributed force raw_idx 79 fy,xhand SDK sensor_data[2].raw_force[79].fy,,"measured sensor value, unless fallback",,,,state[1082]=sensor_data[2].raw_force[79].fy,,xhand.py copies SDK order; xhand_control_ros2.cpp copies raw_force[k].fx/fy/fz,True
1083,observation.state,hand_tactile_sensor_2.raw_force_79.fz,tactile sensor 2 raw distributed force raw_idx 79 fz,xhand SDK sensor_data[2].raw_force[79].fz,,"measured sensor value, unless fallback",,,,state[1083]=sensor_data[2].raw_force[79].fz,,xhand.py copies SDK order; xhand_control_ros2.cpp copies raw_force[k].fx/fy/fz,True
1084,observation.state,hand_tactile_sensor_2.raw_force_80.fx,tactile sensor 2 raw distributed force raw_idx 80 fx,xhand SDK sensor_data[2].raw_force[80].fx,,"measured sensor value, unless fallback",,,,state[1084]=sensor_data[2].raw_force[80].fx,,xhand.py copies SDK order; xhand_control_ros2.cpp copies raw_force[k].fx/fy/fz,True
1085,observation.state,hand_tactile_sensor_2.raw_force_80.fy,tactile sensor 2 raw distributed force raw_idx 80 fy,xhand SDK sensor_data[2].raw_force[80].fy,,"measured sensor value, unless fallback",,,,state[1085]=sensor_data[2].raw_force[80].fy,,xhand.py copies SDK order; xhand_control_ros2.cpp copies raw_force[k].fx/fy/fz,True
1086,observation.state,hand_tactile_sensor_2.raw_force_80.fz,tactile sensor 2 raw distributed force raw_idx 80 fz,xhand SDK sensor_data[2].raw_force[80].fz,,"measured sensor value, unless fallback",,,,state[1086]=sensor_data[2].raw_force[80].fz,,xhand.py copies SDK order; xhand_control_ros2.cpp copies raw_force[k].fx/fy/fz,True
1087,observation.state,hand_tactile_sensor_2.raw_force_81.fx,tactile sensor 2 raw distributed force raw_idx 81 fx,xhand SDK sensor_data[2].raw_force[81].fx,,"measured sensor value, unless fallback",,,,state[1087]=sensor_data[2].raw_force[81].fx,,xhand.py copies SDK order; xhand_control_ros2.cpp copies raw_force[k].fx/fy/fz,True
1088,observation.state,hand_tactile_sensor_2.raw_force_81.fy,tactile sensor 2 raw distributed force raw_idx 81 fy,xhand SDK sensor_data[2].raw_force[81].fy,,"measured sensor value, unless fallback",,,,state[1088]=sensor_data[2].raw_force[81].fy,,xhand.py copies SDK order; xhand_control_ros2.cpp copies raw_force[k].fx/fy/fz,True
1089,observation.state,hand_tactile_sensor_2.raw_force_81.fz,tactile sensor 2 raw distributed force raw_idx 81 fz,xhand SDK sensor_data[2].raw_force[81].fz,,"measured sensor value, unless fallback",,,,state[1089]=sensor_data[2].raw_force[81].fz,,xhand.py copies SDK order; xhand_control_ros2.cpp copies raw_force[k].fx/fy/fz,True
1090,observation.state,hand_tactile_sensor_2.raw_force_82.fx,tactile sensor 2 raw distributed force raw_idx 82 fx,xhand SDK sensor_data[2].raw_force[82].fx,,"measured sensor value, unless fallback",,,,state[1090]=sensor_data[2].raw_force[82].fx,,xhand.py copies SDK order; xhand_control_ros2.cpp copies raw_force[k].fx/fy/fz,True
1091,observation.state,hand_tactile_sensor_2.raw_force_82.fy,tactile sensor 2 raw distributed force raw_idx 82 fy,xhand SDK sensor_data[2].raw_force[82].fy,,"measured sensor value, unless fallback",,,,state[1091]=sensor_data[2].raw_force[82].fy,,xhand.py copies SDK order; xhand_control_ros2.cpp copies raw_force[k].fx/fy/fz,True
1092,observation.state,hand_tactile_sensor_2.raw_force_82.fz,tactile sensor 2 raw distributed force raw_idx 82 fz,xhand SDK sensor_data[2].raw_force[82].fz,,"measured sensor value, unless fallback",,,,state[1092]=sensor_data[2].raw_force[82].fz,,xhand.py copies SDK order; xhand_control_ros2.cpp copies raw_force[k].fx/fy/fz,True
1093,observation.state,hand_tactile_sensor_2.raw_force_83.fx,tactile sensor 2 raw distributed force raw_idx 83 fx,xhand SDK sensor_data[2].raw_force[83].fx,,"measured sensor value, unless fallback",,,,state[1093]=sensor_data[2].raw_force[83].fx,,xhand.py copies SDK order; xhand_control_ros2.cpp copies raw_force[k].fx/fy/fz,True
1094,observation.state,hand_tactile_sensor_2.raw_force_83.fy,tactile sensor 2 raw distributed force raw_idx 83 fy,xhand SDK sensor_data[2].raw_force[83].fy,,"measured sensor value, unless fallback",,,,state[1094]=sensor_data[2].raw_force[83].fy,,xhand.py copies SDK order; xhand_control_ros2.cpp copies raw_force[k].fx/fy/fz,True
1095,observation.state,hand_tactile_sensor_2.raw_force_83.fz,tactile sensor 2 raw distributed force raw_idx 83 fz,xhand SDK sensor_data[2].raw_force[83].fz,,"measured sensor value, unless fallback",,,,state[1095]=sensor_data[2].raw_force[83].fz,,xhand.py copies SDK order; xhand_control_ros2.cpp copies raw_force[k].fx/fy/fz,True
1096,observation.state,hand_tactile_sensor_2.raw_force_84.fx,tactile sensor 2 raw distributed force raw_idx 84 fx,xhand SDK sensor_data[2].raw_force[84].fx,,"measured sensor value, unless fallback",,,,state[1096]=sensor_data[2].raw_force[84].fx,,xhand.py copies SDK order; xhand_control_ros2.cpp copies raw_force[k].fx/fy/fz,True
1097,observation.state,hand_tactile_sensor_2.raw_force_84.fy,tactile sensor 2 raw distributed force raw_idx 84 fy,xhand SDK sensor_data[2].raw_force[84].fy,,"measured sensor value, unless fallback",,,,state[1097]=sensor_data[2].raw_force[84].fy,,xhand.py copies SDK order; xhand_control_ros2.cpp copies raw_force[k].fx/fy/fz,True
1098,observation.state,hand_tactile_sensor_2.raw_force_84.fz,tactile sensor 2 raw distributed force raw_idx 84 fz,xhand SDK sensor_data[2].raw_force[84].fz,,"measured sensor value, unless fallback",,,,state[1098]=sensor_data[2].raw_force[84].fz,,xhand.py copies SDK order; xhand_control_ros2.cpp copies raw_force[k].fx/fy/fz,True
1099,observation.state,hand_tactile_sensor_2.raw_force_85.fx,tactile sensor 2 raw distributed force raw_idx 85 fx,xhand SDK sensor_data[2].raw_force[85].fx,,"measured sensor value, unless fallback",,,,state[1099]=sensor_data[2].raw_force[85].fx,,xhand.py copies SDK order; xhand_control_ros2.cpp copies raw_force[k].fx/fy/fz,True
1100,observation.state,hand_tactile_sensor_2.raw_force_85.fy,tactile sensor 2 raw distributed force raw_idx 85 fy,xhand SDK sensor_data[2].raw_force[85].fy,,"measured sensor value, unless fallback",,,,state[1100]=sensor_data[2].raw_force[85].fy,,xhand.py copies SDK order; xhand_control_ros2.cpp copies raw_force[k].fx/fy/fz,True
1101,observation.state,hand_tactile_sensor_2.raw_force_85.fz,tactile sensor 2 raw distributed force raw_idx 85 fz,xhand SDK sensor_data[2].raw_force[85].fz,,"measured sensor value, unless fallback",,,,state[1101]=sensor_data[2].raw_force[85].fz,,xhand.py copies SDK order; xhand_control_ros2.cpp copies raw_force[k].fx/fy/fz,True
1102,observation.state,hand_tactile_sensor_2.raw_force_86.fx,tactile sensor 2 raw distributed force raw_idx 86 fx,xhand SDK sensor_data[2].raw_force[86].fx,,"measured sensor value, unless fallback",,,,state[1102]=sensor_data[2].raw_force[86].fx,,xhand.py copies SDK order; xhand_control_ros2.cpp copies raw_force[k].fx/fy/fz,True
1103,observation.state,hand_tactile_sensor_2.raw_force_86.fy,tactile sensor 2 raw distributed force raw_idx 86 fy,xhand SDK sensor_data[2].raw_force[86].fy,,"measured sensor value, unless fallback",,,,state[1103]=sensor_data[2].raw_force[86].fy,,xhand.py copies SDK order; xhand_control_ros2.cpp copies raw_force[k].fx/fy/fz,True
1104,observation.state,hand_tactile_sensor_2.raw_force_86.fz,tactile sensor 2 raw distributed force raw_idx 86 fz,xhand SDK sensor_data[2].raw_force[86].fz,,"measured sensor value, unless fallback",,,,state[1104]=sensor_data[2].raw_force[86].fz,,xhand.py copies SDK order; xhand_control_ros2.cpp copies raw_force[k].fx/fy/fz,True
1105,observation.state,hand_tactile_sensor_2.raw_force_87.fx,tactile sensor 2 raw distributed force raw_idx 87 fx,xhand SDK sensor_data[2].raw_force[87].fx,,"measured sensor value, unless fallback",,,,state[1105]=sensor_data[2].raw_force[87].fx,,xhand.py copies SDK order; xhand_control_ros2.cpp copies raw_force[k].fx/fy/fz,True
1106,observation.state,hand_tactile_sensor_2.raw_force_87.fy,tactile sensor 2 raw distributed force raw_idx 87 fy,xhand SDK sensor_data[2].raw_force[87].fy,,"measured sensor value, unless fallback",,,,state[1106]=sensor_data[2].raw_force[87].fy,,xhand.py copies SDK order; xhand_control_ros2.cpp copies raw_force[k].fx/fy/fz,True
1107,observation.state,hand_tactile_sensor_2.raw_force_87.fz,tactile sensor 2 raw distributed force raw_idx 87 fz,xhand SDK sensor_data[2].raw_force[87].fz,,"measured sensor value, unless fallback",,,,state[1107]=sensor_data[2].raw_force[87].fz,,xhand.py copies SDK order; xhand_control_ros2.cpp copies raw_force[k].fx/fy/fz,True
1108,observation.state,hand_tactile_sensor_2.raw_force_88.fx,tactile sensor 2 raw distributed force raw_idx 88 fx,xhand SDK sensor_data[2].raw_force[88].fx,,"measured sensor value, unless fallback",,,,state[1108]=sensor_data[2].raw_force[88].fx,,xhand.py copies SDK order; xhand_control_ros2.cpp copies raw_force[k].fx/fy/fz,True
1109,observation.state,hand_tactile_sensor_2.raw_force_88.fy,tactile sensor 2 raw distributed force raw_idx 88 fy,xhand SDK sensor_data[2].raw_force[88].fy,,"measured sensor value, unless fallback",,,,state[1109]=sensor_data[2].raw_force[88].fy,,xhand.py copies SDK order; xhand_control_ros2.cpp copies raw_force[k].fx/fy/fz,True
1110,observation.state,hand_tactile_sensor_2.raw_force_88.fz,tactile sensor 2 raw distributed force raw_idx 88 fz,xhand SDK sensor_data[2].raw_force[88].fz,,"measured sensor value, unless fallback",,,,state[1110]=sensor_data[2].raw_force[88].fz,,xhand.py copies SDK order; xhand_control_ros2.cpp copies raw_force[k].fx/fy/fz,True
1111,observation.state,hand_tactile_sensor_2.raw_force_89.fx,tactile sensor 2 raw distributed force raw_idx 89 fx,xhand SDK sensor_data[2].raw_force[89].fx,,"measured sensor value, unless fallback",,,,state[1111]=sensor_data[2].raw_force[89].fx,,xhand.py copies SDK order; xhand_control_ros2.cpp copies raw_force[k].fx/fy/fz,True
1112,observation.state,hand_tactile_sensor_2.raw_force_89.fy,tactile sensor 2 raw distributed force raw_idx 89 fy,xhand SDK sensor_data[2].raw_force[89].fy,,"measured sensor value, unless fallback",,,,state[1112]=sensor_data[2].raw_force[89].fy,,xhand.py copies SDK order; xhand_control_ros2.cpp copies raw_force[k].fx/fy/fz,True
1113,observation.state,hand_tactile_sensor_2.raw_force_89.fz,tactile sensor 2 raw distributed force raw_idx 89 fz,xhand SDK sensor_data[2].raw_force[89].fz,,"measured sensor value, unless fallback",,,,state[1113]=sensor_data[2].raw_force[89].fz,,xhand.py copies SDK order; xhand_control_ros2.cpp copies raw_force[k].fx/fy/fz,True
1114,observation.state,hand_tactile_sensor_2.raw_force_90.fx,tactile sensor 2 raw distributed force raw_idx 90 fx,xhand SDK sensor_data[2].raw_force[90].fx,,"measured sensor value, unless fallback",,,,state[1114]=sensor_data[2].raw_force[90].fx,,xhand.py copies SDK order; xhand_control_ros2.cpp copies raw_force[k].fx/fy/fz,True
1115,observation.state,hand_tactile_sensor_2.raw_force_90.fy,tactile sensor 2 raw distributed force raw_idx 90 fy,xhand SDK sensor_data[2].raw_force[90].fy,,"measured sensor value, unless fallback",,,,state[1115]=sensor_data[2].raw_force[90].fy,,xhand.py copies SDK order; xhand_control_ros2.cpp copies raw_force[k].fx/fy/fz,True
1116,observation.state,hand_tactile_sensor_2.raw_force_90.fz,tactile sensor 2 raw distributed force raw_idx 90 fz,xhand SDK sensor_data[2].raw_force[90].fz,,"measured sensor value, unless fallback",,,,state[1116]=sensor_data[2].raw_force[90].fz,,xhand.py copies SDK order; xhand_control_ros2.cpp copies raw_force[k].fx/fy/fz,True
1117,observation.state,hand_tactile_sensor_2.raw_force_91.fx,tactile sensor 2 raw distributed force raw_idx 91 fx,xhand SDK sensor_data[2].raw_force[91].fx,,"measured sensor value, unless fallback",,,,state[1117]=sensor_data[2].raw_force[91].fx,,xhand.py copies SDK order; xhand_control_ros2.cpp copies raw_force[k].fx/fy/fz,True
1118,observation.state,hand_tactile_sensor_2.raw_force_91.fy,tactile sensor 2 raw distributed force raw_idx 91 fy,xhand SDK sensor_data[2].raw_force[91].fy,,"measured sensor value, unless fallback",,,,state[1118]=sensor_data[2].raw_force[91].fy,,xhand.py copies SDK order; xhand_control_ros2.cpp copies raw_force[k].fx/fy/fz,True
1119,observation.state,hand_tactile_sensor_2.raw_force_91.fz,tactile sensor 2 raw distributed force raw_idx 91 fz,xhand SDK sensor_data[2].raw_force[91].fz,,"measured sensor value, unless fallback",,,,state[1119]=sensor_data[2].raw_force[91].fz,,xhand.py copies SDK order; xhand_control_ros2.cpp copies raw_force[k].fx/fy/fz,True
1120,observation.state,hand_tactile_sensor_2.raw_force_92.fx,tactile sensor 2 raw distributed force raw_idx 92 fx,xhand SDK sensor_data[2].raw_force[92].fx,,"measured sensor value, unless fallback",,,,state[1120]=sensor_data[2].raw_force[92].fx,,xhand.py copies SDK order; xhand_control_ros2.cpp copies raw_force[k].fx/fy/fz,True
1121,observation.state,hand_tactile_sensor_2.raw_force_92.fy,tactile sensor 2 raw distributed force raw_idx 92 fy,xhand SDK sensor_data[2].raw_force[92].fy,,"measured sensor value, unless fallback",,,,state[1121]=sensor_data[2].raw_force[92].fy,,xhand.py copies SDK order; xhand_control_ros2.cpp copies raw_force[k].fx/fy/fz,True
1122,observation.state,hand_tactile_sensor_2.raw_force_92.fz,tactile sensor 2 raw distributed force raw_idx 92 fz,xhand SDK sensor_data[2].raw_force[92].fz,,"measured sensor value, unless fallback",,,,state[1122]=sensor_data[2].raw_force[92].fz,,xhand.py copies SDK order; xhand_control_ros2.cpp copies raw_force[k].fx/fy/fz,True
1123,observation.state,hand_tactile_sensor_2.raw_force_93.fx,tactile sensor 2 raw distributed force raw_idx 93 fx,xhand SDK sensor_data[2].raw_force[93].fx,,"measured sensor value, unless fallback",,,,state[1123]=sensor_data[2].raw_force[93].fx,,xhand.py copies SDK order; xhand_control_ros2.cpp copies raw_force[k].fx/fy/fz,True
1124,observation.state,hand_tactile_sensor_2.raw_force_93.fy,tactile sensor 2 raw distributed force raw_idx 93 fy,xhand SDK sensor_data[2].raw_force[93].fy,,"measured sensor value, unless fallback",,,,state[1124]=sensor_data[2].raw_force[93].fy,,xhand.py copies SDK order; xhand_control_ros2.cpp copies raw_force[k].fx/fy/fz,True
1125,observation.state,hand_tactile_sensor_2.raw_force_93.fz,tactile sensor 2 raw distributed force raw_idx 93 fz,xhand SDK sensor_data[2].raw_force[93].fz,,"measured sensor value, unless fallback",,,,state[1125]=sensor_data[2].raw_force[93].fz,,xhand.py copies SDK order; xhand_control_ros2.cpp copies raw_force[k].fx/fy/fz,True
1126,observation.state,hand_tactile_sensor_2.raw_force_94.fx,tactile sensor 2 raw distributed force raw_idx 94 fx,xhand SDK sensor_data[2].raw_force[94].fx,,"measured sensor value, unless fallback",,,,state[1126]=sensor_data[2].raw_force[94].fx,,xhand.py copies SDK order; xhand_control_ros2.cpp copies raw_force[k].fx/fy/fz,True
1127,observation.state,hand_tactile_sensor_2.raw_force_94.fy,tactile sensor 2 raw distributed force raw_idx 94 fy,xhand SDK sensor_data[2].raw_force[94].fy,,"measured sensor value, unless fallback",,,,state[1127]=sensor_data[2].raw_force[94].fy,,xhand.py copies SDK order; xhand_control_ros2.cpp copies raw_force[k].fx/fy/fz,True
1128,observation.state,hand_tactile_sensor_2.raw_force_94.fz,tactile sensor 2 raw distributed force raw_idx 94 fz,xhand SDK sensor_data[2].raw_force[94].fz,,"measured sensor value, unless fallback",,,,state[1128]=sensor_data[2].raw_force[94].fz,,xhand.py copies SDK order; xhand_control_ros2.cpp copies raw_force[k].fx/fy/fz,True
1129,observation.state,hand_tactile_sensor_2.raw_force_95.fx,tactile sensor 2 raw distributed force raw_idx 95 fx,xhand SDK sensor_data[2].raw_force[95].fx,,"measured sensor value, unless fallback",,,,state[1129]=sensor_data[2].raw_force[95].fx,,xhand.py copies SDK order; xhand_control_ros2.cpp copies raw_force[k].fx/fy/fz,True
1130,observation.state,hand_tactile_sensor_2.raw_force_95.fy,tactile sensor 2 raw distributed force raw_idx 95 fy,xhand SDK sensor_data[2].raw_force[95].fy,,"measured sensor value, unless fallback",,,,state[1130]=sensor_data[2].raw_force[95].fy,,xhand.py copies SDK order; xhand_control_ros2.cpp copies raw_force[k].fx/fy/fz,True
1131,observation.state,hand_tactile_sensor_2.raw_force_95.fz,tactile sensor 2 raw distributed force raw_idx 95 fz,xhand SDK sensor_data[2].raw_force[95].fz,,"measured sensor value, unless fallback",,,,state[1131]=sensor_data[2].raw_force[95].fz,,xhand.py copies SDK order; xhand_control_ros2.cpp copies raw_force[k].fx/fy/fz,True
1132,observation.state,hand_tactile_sensor_2.raw_force_96.fx,tactile sensor 2 raw distributed force raw_idx 96 fx,xhand SDK sensor_data[2].raw_force[96].fx,,"measured sensor value, unless fallback",,,,state[1132]=sensor_data[2].raw_force[96].fx,,xhand.py copies SDK order; xhand_control_ros2.cpp copies raw_force[k].fx/fy/fz,True
1133,observation.state,hand_tactile_sensor_2.raw_force_96.fy,tactile sensor 2 raw distributed force raw_idx 96 fy,xhand SDK sensor_data[2].raw_force[96].fy,,"measured sensor value, unless fallback",,,,state[1133]=sensor_data[2].raw_force[96].fy,,xhand.py copies SDK order; xhand_control_ros2.cpp copies raw_force[k].fx/fy/fz,True
1134,observation.state,hand_tactile_sensor_2.raw_force_96.fz,tactile sensor 2 raw distributed force raw_idx 96 fz,xhand SDK sensor_data[2].raw_force[96].fz,,"measured sensor value, unless fallback",,,,state[1134]=sensor_data[2].raw_force[96].fz,,xhand.py copies SDK order; xhand_control_ros2.cpp copies raw_force[k].fx/fy/fz,True
1135,observation.state,hand_tactile_sensor_2.raw_force_97.fx,tactile sensor 2 raw distributed force raw_idx 97 fx,xhand SDK sensor_data[2].raw_force[97].fx,,"measured sensor value, unless fallback",,,,state[1135]=sensor_data[2].raw_force[97].fx,,xhand.py copies SDK order; xhand_control_ros2.cpp copies raw_force[k].fx/fy/fz,True
1136,observation.state,hand_tactile_sensor_2.raw_force_97.fy,tactile sensor 2 raw distributed force raw_idx 97 fy,xhand SDK sensor_data[2].raw_force[97].fy,,"measured sensor value, unless fallback",,,,state[1136]=sensor_data[2].raw_force[97].fy,,xhand.py copies SDK order; xhand_control_ros2.cpp copies raw_force[k].fx/fy/fz,True
1137,observation.state,hand_tactile_sensor_2.raw_force_97.fz,tactile sensor 2 raw distributed force raw_idx 97 fz,xhand SDK sensor_data[2].raw_force[97].fz,,"measured sensor value, unless fallback",,,,state[1137]=sensor_data[2].raw_force[97].fz,,xhand.py copies SDK order; xhand_control_ros2.cpp copies raw_force[k].fx/fy/fz,True
1138,observation.state,hand_tactile_sensor_2.raw_force_98.fx,tactile sensor 2 raw distributed force raw_idx 98 fx,xhand SDK sensor_data[2].raw_force[98].fx,,"measured sensor value, unless fallback",,,,state[1138]=sensor_data[2].raw_force[98].fx,,xhand.py copies SDK order; xhand_control_ros2.cpp copies raw_force[k].fx/fy/fz,True
1139,observation.state,hand_tactile_sensor_2.raw_force_98.fy,tactile sensor 2 raw distributed force raw_idx 98 fy,xhand SDK sensor_data[2].raw_force[98].fy,,"measured sensor value, unless fallback",,,,state[1139]=sensor_data[2].raw_force[98].fy,,xhand.py copies SDK order; xhand_control_ros2.cpp copies raw_force[k].fx/fy/fz,True
1140,observation.state,hand_tactile_sensor_2.raw_force_98.fz,tactile sensor 2 raw distributed force raw_idx 98 fz,xhand SDK sensor_data[2].raw_force[98].fz,,"measured sensor value, unless fallback",,,,state[1140]=sensor_data[2].raw_force[98].fz,,xhand.py copies SDK order; xhand_control_ros2.cpp copies raw_force[k].fx/fy/fz,True
1141,observation.state,hand_tactile_sensor_2.raw_force_99.fx,tactile sensor 2 raw distributed force raw_idx 99 fx,xhand SDK sensor_data[2].raw_force[99].fx,,"measured sensor value, unless fallback",,,,state[1141]=sensor_data[2].raw_force[99].fx,,xhand.py copies SDK order; xhand_control_ros2.cpp copies raw_force[k].fx/fy/fz,True
1142,observation.state,hand_tactile_sensor_2.raw_force_99.fy,tactile sensor 2 raw distributed force raw_idx 99 fy,xhand SDK sensor_data[2].raw_force[99].fy,,"measured sensor value, unless fallback",,,,state[1142]=sensor_data[2].raw_force[99].fy,,xhand.py copies SDK order; xhand_control_ros2.cpp copies raw_force[k].fx/fy/fz,True
1143,observation.state,hand_tactile_sensor_2.raw_force_99.fz,tactile sensor 2 raw distributed force raw_idx 99 fz,xhand SDK sensor_data[2].raw_force[99].fz,,"measured sensor value, unless fallback",,,,state[1143]=sensor_data[2].raw_force[99].fz,,xhand.py copies SDK order; xhand_control_ros2.cpp copies raw_force[k].fx/fy/fz,True
1144,observation.state,hand_tactile_sensor_2.raw_force_100.fx,tactile sensor 2 raw distributed force raw_idx 100 fx,xhand SDK sensor_data[2].raw_force[100].fx,,"measured sensor value, unless fallback",,,,state[1144]=sensor_data[2].raw_force[100].fx,,xhand.py copies SDK order; xhand_control_ros2.cpp copies raw_force[k].fx/fy/fz,True
1145,observation.state,hand_tactile_sensor_2.raw_force_100.fy,tactile sensor 2 raw distributed force raw_idx 100 fy,xhand SDK sensor_data[2].raw_force[100].fy,,"measured sensor value, unless fallback",,,,state[1145]=sensor_data[2].raw_force[100].fy,,xhand.py copies SDK order; xhand_control_ros2.cpp copies raw_force[k].fx/fy/fz,True
1146,observation.state,hand_tactile_sensor_2.raw_force_100.fz,tactile sensor 2 raw distributed force raw_idx 100 fz,xhand SDK sensor_data[2].raw_force[100].fz,,"measured sensor value, unless fallback",,,,state[1146]=sensor_data[2].raw_force[100].fz,,xhand.py copies SDK order; xhand_control_ros2.cpp copies raw_force[k].fx/fy/fz,True
1147,observation.state,hand_tactile_sensor_2.raw_force_101.fx,tactile sensor 2 raw distributed force raw_idx 101 fx,xhand SDK sensor_data[2].raw_force[101].fx,,"measured sensor value, unless fallback",,,,state[1147]=sensor_data[2].raw_force[101].fx,,xhand.py copies SDK order; xhand_control_ros2.cpp copies raw_force[k].fx/fy/fz,True
1148,observation.state,hand_tactile_sensor_2.raw_force_101.fy,tactile sensor 2 raw distributed force raw_idx 101 fy,xhand SDK sensor_data[2].raw_force[101].fy,,"measured sensor value, unless fallback",,,,state[1148]=sensor_data[2].raw_force[101].fy,,xhand.py copies SDK order; xhand_control_ros2.cpp copies raw_force[k].fx/fy/fz,True
1149,observation.state,hand_tactile_sensor_2.raw_force_101.fz,tactile sensor 2 raw distributed force raw_idx 101 fz,xhand SDK sensor_data[2].raw_force[101].fz,,"measured sensor value, unless fallback",,,,state[1149]=sensor_data[2].raw_force[101].fz,,xhand.py copies SDK order; xhand_control_ros2.cpp copies raw_force[k].fx/fy/fz,True
1150,observation.state,hand_tactile_sensor_2.raw_force_102.fx,tactile sensor 2 raw distributed force raw_idx 102 fx,xhand SDK sensor_data[2].raw_force[102].fx,,"measured sensor value, unless fallback",,,,state[1150]=sensor_data[2].raw_force[102].fx,,xhand.py copies SDK order; xhand_control_ros2.cpp copies raw_force[k].fx/fy/fz,True
1151,observation.state,hand_tactile_sensor_2.raw_force_102.fy,tactile sensor 2 raw distributed force raw_idx 102 fy,xhand SDK sensor_data[2].raw_force[102].fy,,"measured sensor value, unless fallback",,,,state[1151]=sensor_data[2].raw_force[102].fy,,xhand.py copies SDK order; xhand_control_ros2.cpp copies raw_force[k].fx/fy/fz,True
1152,observation.state,hand_tactile_sensor_2.raw_force_102.fz,tactile sensor 2 raw distributed force raw_idx 102 fz,xhand SDK sensor_data[2].raw_force[102].fz,,"measured sensor value, unless fallback",,,,state[1152]=sensor_data[2].raw_force[102].fz,,xhand.py copies SDK order; xhand_control_ros2.cpp copies raw_force[k].fx/fy/fz,True
1153,observation.state,hand_tactile_sensor_2.raw_force_103.fx,tactile sensor 2 raw distributed force raw_idx 103 fx,xhand SDK sensor_data[2].raw_force[103].fx,,"measured sensor value, unless fallback",,,,state[1153]=sensor_data[2].raw_force[103].fx,,xhand.py copies SDK order; xhand_control_ros2.cpp copies raw_force[k].fx/fy/fz,True
1154,observation.state,hand_tactile_sensor_2.raw_force_103.fy,tactile sensor 2 raw distributed force raw_idx 103 fy,xhand SDK sensor_data[2].raw_force[103].fy,,"measured sensor value, unless fallback",,,,state[1154]=sensor_data[2].raw_force[103].fy,,xhand.py copies SDK order; xhand_control_ros2.cpp copies raw_force[k].fx/fy/fz,True
1155,observation.state,hand_tactile_sensor_2.raw_force_103.fz,tactile sensor 2 raw distributed force raw_idx 103 fz,xhand SDK sensor_data[2].raw_force[103].fz,,"measured sensor value, unless fallback",,,,state[1155]=sensor_data[2].raw_force[103].fz,,xhand.py copies SDK order; xhand_control_ros2.cpp copies raw_force[k].fx/fy/fz,True
1156,observation.state,hand_tactile_sensor_2.raw_force_104.fx,tactile sensor 2 raw distributed force raw_idx 104 fx,xhand SDK sensor_data[2].raw_force[104].fx,,"measured sensor value, unless fallback",,,,state[1156]=sensor_data[2].raw_force[104].fx,,xhand.py copies SDK order; xhand_control_ros2.cpp copies raw_force[k].fx/fy/fz,True
1157,observation.state,hand_tactile_sensor_2.raw_force_104.fy,tactile sensor 2 raw distributed force raw_idx 104 fy,xhand SDK sensor_data[2].raw_force[104].fy,,"measured sensor value, unless fallback",,,,state[1157]=sensor_data[2].raw_force[104].fy,,xhand.py copies SDK order; xhand_control_ros2.cpp copies raw_force[k].fx/fy/fz,True
1158,observation.state,hand_tactile_sensor_2.raw_force_104.fz,tactile sensor 2 raw distributed force raw_idx 104 fz,xhand SDK sensor_data[2].raw_force[104].fz,,"measured sensor value, unless fallback",,,,state[1158]=sensor_data[2].raw_force[104].fz,,xhand.py copies SDK order; xhand_control_ros2.cpp copies raw_force[k].fx/fy/fz,True
1159,observation.state,hand_tactile_sensor_2.raw_force_105.fx,tactile sensor 2 raw distributed force raw_idx 105 fx,xhand SDK sensor_data[2].raw_force[105].fx,,"measured sensor value, unless fallback",,,,state[1159]=sensor_data[2].raw_force[105].fx,,xhand.py copies SDK order; xhand_control_ros2.cpp copies raw_force[k].fx/fy/fz,True
1160,observation.state,hand_tactile_sensor_2.raw_force_105.fy,tactile sensor 2 raw distributed force raw_idx 105 fy,xhand SDK sensor_data[2].raw_force[105].fy,,"measured sensor value, unless fallback",,,,state[1160]=sensor_data[2].raw_force[105].fy,,xhand.py copies SDK order; xhand_control_ros2.cpp copies raw_force[k].fx/fy/fz,True
1161,observation.state,hand_tactile_sensor_2.raw_force_105.fz,tactile sensor 2 raw distributed force raw_idx 105 fz,xhand SDK sensor_data[2].raw_force[105].fz,,"measured sensor value, unless fallback",,,,state[1161]=sensor_data[2].raw_force[105].fz,,xhand.py copies SDK order; xhand_control_ros2.cpp copies raw_force[k].fx/fy/fz,True
1162,observation.state,hand_tactile_sensor_2.raw_force_106.fx,tactile sensor 2 raw distributed force raw_idx 106 fx,xhand SDK sensor_data[2].raw_force[106].fx,,"measured sensor value, unless fallback",,,,state[1162]=sensor_data[2].raw_force[106].fx,,xhand.py copies SDK order; xhand_control_ros2.cpp copies raw_force[k].fx/fy/fz,True
1163,observation.state,hand_tactile_sensor_2.raw_force_106.fy,tactile sensor 2 raw distributed force raw_idx 106 fy,xhand SDK sensor_data[2].raw_force[106].fy,,"measured sensor value, unless fallback",,,,state[1163]=sensor_data[2].raw_force[106].fy,,xhand.py copies SDK order; xhand_control_ros2.cpp copies raw_force[k].fx/fy/fz,True
1164,observation.state,hand_tactile_sensor_2.raw_force_106.fz,tactile sensor 2 raw distributed force raw_idx 106 fz,xhand SDK sensor_data[2].raw_force[106].fz,,"measured sensor value, unless fallback",,,,state[1164]=sensor_data[2].raw_force[106].fz,,xhand.py copies SDK order; xhand_control_ros2.cpp copies raw_force[k].fx/fy/fz,True
1165,observation.state,hand_tactile_sensor_2.raw_force_107.fx,tactile sensor 2 raw distributed force raw_idx 107 fx,xhand SDK sensor_data[2].raw_force[107].fx,,"measured sensor value, unless fallback",,,,state[1165]=sensor_data[2].raw_force[107].fx,,xhand.py copies SDK order; xhand_control_ros2.cpp copies raw_force[k].fx/fy/fz,True
1166,observation.state,hand_tactile_sensor_2.raw_force_107.fy,tactile sensor 2 raw distributed force raw_idx 107 fy,xhand SDK sensor_data[2].raw_force[107].fy,,"measured sensor value, unless fallback",,,,state[1166]=sensor_data[2].raw_force[107].fy,,xhand.py copies SDK order; xhand_control_ros2.cpp copies raw_force[k].fx/fy/fz,True
1167,observation.state,hand_tactile_sensor_2.raw_force_107.fz,tactile sensor 2 raw distributed force raw_idx 107 fz,xhand SDK sensor_data[2].raw_force[107].fz,,"measured sensor value, unless fallback",,,,state[1167]=sensor_data[2].raw_force[107].fz,,xhand.py copies SDK order; xhand_control_ros2.cpp copies raw_force[k].fx/fy/fz,True
1168,observation.state,hand_tactile_sensor_2.raw_force_108.fx,tactile sensor 2 raw distributed force raw_idx 108 fx,xhand SDK sensor_data[2].raw_force[108].fx,,"measured sensor value, unless fallback",,,,state[1168]=sensor_data[2].raw_force[108].fx,,xhand.py copies SDK order; xhand_control_ros2.cpp copies raw_force[k].fx/fy/fz,True
1169,observation.state,hand_tactile_sensor_2.raw_force_108.fy,tactile sensor 2 raw distributed force raw_idx 108 fy,xhand SDK sensor_data[2].raw_force[108].fy,,"measured sensor value, unless fallback",,,,state[1169]=sensor_data[2].raw_force[108].fy,,xhand.py copies SDK order; xhand_control_ros2.cpp copies raw_force[k].fx/fy/fz,True
1170,observation.state,hand_tactile_sensor_2.raw_force_108.fz,tactile sensor 2 raw distributed force raw_idx 108 fz,xhand SDK sensor_data[2].raw_force[108].fz,,"measured sensor value, unless fallback",,,,state[1170]=sensor_data[2].raw_force[108].fz,,xhand.py copies SDK order; xhand_control_ros2.cpp copies raw_force[k].fx/fy/fz,True
1171,observation.state,hand_tactile_sensor_2.raw_force_109.fx,tactile sensor 2 raw distributed force raw_idx 109 fx,xhand SDK sensor_data[2].raw_force[109].fx,,"measured sensor value, unless fallback",,,,state[1171]=sensor_data[2].raw_force[109].fx,,xhand.py copies SDK order; xhand_control_ros2.cpp copies raw_force[k].fx/fy/fz,True
1172,observation.state,hand_tactile_sensor_2.raw_force_109.fy,tactile sensor 2 raw distributed force raw_idx 109 fy,xhand SDK sensor_data[2].raw_force[109].fy,,"measured sensor value, unless fallback",,,,state[1172]=sensor_data[2].raw_force[109].fy,,xhand.py copies SDK order; xhand_control_ros2.cpp copies raw_force[k].fx/fy/fz,True
1173,observation.state,hand_tactile_sensor_2.raw_force_109.fz,tactile sensor 2 raw distributed force raw_idx 109 fz,xhand SDK sensor_data[2].raw_force[109].fz,,"measured sensor value, unless fallback",,,,state[1173]=sensor_data[2].raw_force[109].fz,,xhand.py copies SDK order; xhand_control_ros2.cpp copies raw_force[k].fx/fy/fz,True
1174,observation.state,hand_tactile_sensor_2.raw_force_110.fx,tactile sensor 2 raw distributed force raw_idx 110 fx,xhand SDK sensor_data[2].raw_force[110].fx,,"measured sensor value, unless fallback",,,,state[1174]=sensor_data[2].raw_force[110].fx,,xhand.py copies SDK order; xhand_control_ros2.cpp copies raw_force[k].fx/fy/fz,True
1175,observation.state,hand_tactile_sensor_2.raw_force_110.fy,tactile sensor 2 raw distributed force raw_idx 110 fy,xhand SDK sensor_data[2].raw_force[110].fy,,"measured sensor value, unless fallback",,,,state[1175]=sensor_data[2].raw_force[110].fy,,xhand.py copies SDK order; xhand_control_ros2.cpp copies raw_force[k].fx/fy/fz,True
1176,observation.state,hand_tactile_sensor_2.raw_force_110.fz,tactile sensor 2 raw distributed force raw_idx 110 fz,xhand SDK sensor_data[2].raw_force[110].fz,,"measured sensor value, unless fallback",,,,state[1176]=sensor_data[2].raw_force[110].fz,,xhand.py copies SDK order; xhand_control_ros2.cpp copies raw_force[k].fx/fy/fz,True
1177,observation.state,hand_tactile_sensor_2.raw_force_111.fx,tactile sensor 2 raw distributed force raw_idx 111 fx,xhand SDK sensor_data[2].raw_force[111].fx,,"measured sensor value, unless fallback",,,,state[1177]=sensor_data[2].raw_force[111].fx,,xhand.py copies SDK order; xhand_control_ros2.cpp copies raw_force[k].fx/fy/fz,True
1178,observation.state,hand_tactile_sensor_2.raw_force_111.fy,tactile sensor 2 raw distributed force raw_idx 111 fy,xhand SDK sensor_data[2].raw_force[111].fy,,"measured sensor value, unless fallback",,,,state[1178]=sensor_data[2].raw_force[111].fy,,xhand.py copies SDK order; xhand_control_ros2.cpp copies raw_force[k].fx/fy/fz,True
1179,observation.state,hand_tactile_sensor_2.raw_force_111.fz,tactile sensor 2 raw distributed force raw_idx 111 fz,xhand SDK sensor_data[2].raw_force[111].fz,,"measured sensor value, unless fallback",,,,state[1179]=sensor_data[2].raw_force[111].fz,,xhand.py copies SDK order; xhand_control_ros2.cpp copies raw_force[k].fx/fy/fz,True
1180,observation.state,hand_tactile_sensor_2.raw_force_112.fx,tactile sensor 2 raw distributed force raw_idx 112 fx,xhand SDK sensor_data[2].raw_force[112].fx,,"measured sensor value, unless fallback",,,,state[1180]=sensor_data[2].raw_force[112].fx,,xhand.py copies SDK order; xhand_control_ros2.cpp copies raw_force[k].fx/fy/fz,True
1181,observation.state,hand_tactile_sensor_2.raw_force_112.fy,tactile sensor 2 raw distributed force raw_idx 112 fy,xhand SDK sensor_data[2].raw_force[112].fy,,"measured sensor value, unless fallback",,,,state[1181]=sensor_data[2].raw_force[112].fy,,xhand.py copies SDK order; xhand_control_ros2.cpp copies raw_force[k].fx/fy/fz,True
1182,observation.state,hand_tactile_sensor_2.raw_force_112.fz,tactile sensor 2 raw distributed force raw_idx 112 fz,xhand SDK sensor_data[2].raw_force[112].fz,,"measured sensor value, unless fallback",,,,state[1182]=sensor_data[2].raw_force[112].fz,,xhand.py copies SDK order; xhand_control_ros2.cpp copies raw_force[k].fx/fy/fz,True
1183,observation.state,hand_tactile_sensor_2.raw_force_113.fx,tactile sensor 2 raw distributed force raw_idx 113 fx,xhand SDK sensor_data[2].raw_force[113].fx,,"measured sensor value, unless fallback",,,,state[1183]=sensor_data[2].raw_force[113].fx,,xhand.py copies SDK order; xhand_control_ros2.cpp copies raw_force[k].fx/fy/fz,True
1184,observation.state,hand_tactile_sensor_2.raw_force_113.fy,tactile sensor 2 raw distributed force raw_idx 113 fy,xhand SDK sensor_data[2].raw_force[113].fy,,"measured sensor value, unless fallback",,,,state[1184]=sensor_data[2].raw_force[113].fy,,xhand.py copies SDK order; xhand_control_ros2.cpp copies raw_force[k].fx/fy/fz,True
1185,observation.state,hand_tactile_sensor_2.raw_force_113.fz,tactile sensor 2 raw distributed force raw_idx 113 fz,xhand SDK sensor_data[2].raw_force[113].fz,,"measured sensor value, unless fallback",,,,state[1185]=sensor_data[2].raw_force[113].fz,,xhand.py copies SDK order; xhand_control_ros2.cpp copies raw_force[k].fx/fy/fz,True
1186,observation.state,hand_tactile_sensor_2.raw_force_114.fx,tactile sensor 2 raw distributed force raw_idx 114 fx,xhand SDK sensor_data[2].raw_force[114].fx,,"measured sensor value, unless fallback",,,,state[1186]=sensor_data[2].raw_force[114].fx,,xhand.py copies SDK order; xhand_control_ros2.cpp copies raw_force[k].fx/fy/fz,True
1187,observation.state,hand_tactile_sensor_2.raw_force_114.fy,tactile sensor 2 raw distributed force raw_idx 114 fy,xhand SDK sensor_data[2].raw_force[114].fy,,"measured sensor value, unless fallback",,,,state[1187]=sensor_data[2].raw_force[114].fy,,xhand.py copies SDK order; xhand_control_ros2.cpp copies raw_force[k].fx/fy/fz,True
1188,observation.state,hand_tactile_sensor_2.raw_force_114.fz,tactile sensor 2 raw distributed force raw_idx 114 fz,xhand SDK sensor_data[2].raw_force[114].fz,,"measured sensor value, unless fallback",,,,state[1188]=sensor_data[2].raw_force[114].fz,,xhand.py copies SDK order; xhand_control_ros2.cpp copies raw_force[k].fx/fy/fz,True
1189,observation.state,hand_tactile_sensor_2.raw_force_115.fx,tactile sensor 2 raw distributed force raw_idx 115 fx,xhand SDK sensor_data[2].raw_force[115].fx,,"measured sensor value, unless fallback",,,,state[1189]=sensor_data[2].raw_force[115].fx,,xhand.py copies SDK order; xhand_control_ros2.cpp copies raw_force[k].fx/fy/fz,True
1190,observation.state,hand_tactile_sensor_2.raw_force_115.fy,tactile sensor 2 raw distributed force raw_idx 115 fy,xhand SDK sensor_data[2].raw_force[115].fy,,"measured sensor value, unless fallback",,,,state[1190]=sensor_data[2].raw_force[115].fy,,xhand.py copies SDK order; xhand_control_ros2.cpp copies raw_force[k].fx/fy/fz,True
1191,observation.state,hand_tactile_sensor_2.raw_force_115.fz,tactile sensor 2 raw distributed force raw_idx 115 fz,xhand SDK sensor_data[2].raw_force[115].fz,,"measured sensor value, unless fallback",,,,state[1191]=sensor_data[2].raw_force[115].fz,,xhand.py copies SDK order; xhand_control_ros2.cpp copies raw_force[k].fx/fy/fz,True
1192,observation.state,hand_tactile_sensor_2.raw_force_116.fx,tactile sensor 2 raw distributed force raw_idx 116 fx,xhand SDK sensor_data[2].raw_force[116].fx,,"measured sensor value, unless fallback",,,,state[1192]=sensor_data[2].raw_force[116].fx,,xhand.py copies SDK order; xhand_control_ros2.cpp copies raw_force[k].fx/fy/fz,True
1193,observation.state,hand_tactile_sensor_2.raw_force_116.fy,tactile sensor 2 raw distributed force raw_idx 116 fy,xhand SDK sensor_data[2].raw_force[116].fy,,"measured sensor value, unless fallback",,,,state[1193]=sensor_data[2].raw_force[116].fy,,xhand.py copies SDK order; xhand_control_ros2.cpp copies raw_force[k].fx/fy/fz,True
1194,observation.state,hand_tactile_sensor_2.raw_force_116.fz,tactile sensor 2 raw distributed force raw_idx 116 fz,xhand SDK sensor_data[2].raw_force[116].fz,,"measured sensor value, unless fallback",,,,state[1194]=sensor_data[2].raw_force[116].fz,,xhand.py copies SDK order; xhand_control_ros2.cpp copies raw_force[k].fx/fy/fz,True
1195,observation.state,hand_tactile_sensor_2.raw_force_117.fx,tactile sensor 2 raw distributed force raw_idx 117 fx,xhand SDK sensor_data[2].raw_force[117].fx,,"measured sensor value, unless fallback",,,,state[1195]=sensor_data[2].raw_force[117].fx,,xhand.py copies SDK order; xhand_control_ros2.cpp copies raw_force[k].fx/fy/fz,True
1196,observation.state,hand_tactile_sensor_2.raw_force_117.fy,tactile sensor 2 raw distributed force raw_idx 117 fy,xhand SDK sensor_data[2].raw_force[117].fy,,"measured sensor value, unless fallback",,,,state[1196]=sensor_data[2].raw_force[117].fy,,xhand.py copies SDK order; xhand_control_ros2.cpp copies raw_force[k].fx/fy/fz,True
1197,observation.state,hand_tactile_sensor_2.raw_force_117.fz,tactile sensor 2 raw distributed force raw_idx 117 fz,xhand SDK sensor_data[2].raw_force[117].fz,,"measured sensor value, unless fallback",,,,state[1197]=sensor_data[2].raw_force[117].fz,,xhand.py copies SDK order; xhand_control_ros2.cpp copies raw_force[k].fx/fy/fz,True
1198,observation.state,hand_tactile_sensor_2.raw_force_118.fx,tactile sensor 2 raw distributed force raw_idx 118 fx,xhand SDK sensor_data[2].raw_force[118].fx,,"measured sensor value, unless fallback",,,,state[1198]=sensor_data[2].raw_force[118].fx,,xhand.py copies SDK order; xhand_control_ros2.cpp copies raw_force[k].fx/fy/fz,True
1199,observation.state,hand_tactile_sensor_2.raw_force_118.fy,tactile sensor 2 raw distributed force raw_idx 118 fy,xhand SDK sensor_data[2].raw_force[118].fy,,"measured sensor value, unless fallback",,,,state[1199]=sensor_data[2].raw_force[118].fy,,xhand.py copies SDK order; xhand_control_ros2.cpp copies raw_force[k].fx/fy/fz,True
1200,observation.state,hand_tactile_sensor_2.raw_force_118.fz,tactile sensor 2 raw distributed force raw_idx 118 fz,xhand SDK sensor_data[2].raw_force[118].fz,,"measured sensor value, unless fallback",,,,state[1200]=sensor_data[2].raw_force[118].fz,,xhand.py copies SDK order; xhand_control_ros2.cpp copies raw_force[k].fx/fy/fz,True
1201,observation.state,hand_tactile_sensor_2.raw_force_119.fx,tactile sensor 2 raw distributed force raw_idx 119 fx,xhand SDK sensor_data[2].raw_force[119].fx,,"measured sensor value, unless fallback",,,,state[1201]=sensor_data[2].raw_force[119].fx,,xhand.py copies SDK order; xhand_control_ros2.cpp copies raw_force[k].fx/fy/fz,True
1202,observation.state,hand_tactile_sensor_2.raw_force_119.fy,tactile sensor 2 raw distributed force raw_idx 119 fy,xhand SDK sensor_data[2].raw_force[119].fy,,"measured sensor value, unless fallback",,,,state[1202]=sensor_data[2].raw_force[119].fy,,xhand.py copies SDK order; xhand_control_ros2.cpp copies raw_force[k].fx/fy/fz,True
1203,observation.state,hand_tactile_sensor_2.raw_force_119.fz,tactile sensor 2 raw distributed force raw_idx 119 fz,xhand SDK sensor_data[2].raw_force[119].fz,,"measured sensor value, unless fallback",,,,state[1203]=sensor_data[2].raw_force[119].fz,,xhand.py copies SDK order; xhand_control_ros2.cpp copies raw_force[k].fx/fy/fz,True
1204,observation.state,hand_tactile_sensor_3.calc_force.fx,tactile sensor 3 calc_force fx,xhand SDK sensor_data[3].calc_force.fx,,"measured sensor value, unless fallback",,,,state[1204]=sensor_data[3].calc_force.fx,,xhand.py:_force_data_to_array,True
1205,observation.state,hand_tactile_sensor_3.calc_force.fy,tactile sensor 3 calc_force fy,xhand SDK sensor_data[3].calc_force.fy,,"measured sensor value, unless fallback",,,,state[1205]=sensor_data[3].calc_force.fy,,xhand.py:_force_data_to_array,True
1206,observation.state,hand_tactile_sensor_3.calc_force.fz,tactile sensor 3 calc_force fz,xhand SDK sensor_data[3].calc_force.fz,,"measured sensor value, unless fallback",,,,state[1206]=sensor_data[3].calc_force.fz,,xhand.py:_force_data_to_array,True
1207,observation.state,hand_tactile_sensor_3.calc_temperature,tactile sensor 3 calc_temperature,xhand SDK sensor_data[3].calc_temperature,,"measured sensor value, unless fallback",,,,state[1207]=sensor_data[3].calc_temperature,,xhand.py:_read_hand_state,True
1208,observation.state,hand_tactile_sensor_3.temperature_0,tactile sensor 3 temperature_0,xhand SDK sensor_data[3].temperature[0],,"measured sensor value, unless fallback",,,,state[1208]=sensor_data[3].temperature[0],,xhand.py:_read_hand_state,True
1209,observation.state,hand_tactile_sensor_3.temperature_1,tactile sensor 3 temperature_1,xhand SDK sensor_data[3].temperature[1],,"measured sensor value, unless fallback",,,,state[1209]=sensor_data[3].temperature[1],,xhand.py:_read_hand_state,True
1210,observation.state,hand_tactile_sensor_3.temperature_2,tactile sensor 3 temperature_2,xhand SDK sensor_data[3].temperature[2],,"measured sensor value, unless fallback",,,,state[1210]=sensor_data[3].temperature[2],,xhand.py:_read_hand_state,True
1211,observation.state,hand_tactile_sensor_3.temperature_3,tactile sensor 3 temperature_3,xhand SDK sensor_data[3].temperature[3],,"measured sensor value, unless fallback",,,,state[1211]=sensor_data[3].temperature[3],,xhand.py:_read_hand_state,True
1212,observation.state,hand_tactile_sensor_3.temperature_4,tactile sensor 3 temperature_4,xhand SDK sensor_data[3].temperature[4],,"measured sensor value, unless fallback",,,,state[1212]=sensor_data[3].temperature[4],,xhand.py:_read_hand_state,True
1213,observation.state,hand_tactile_sensor_3.temperature_5,tactile sensor 3 temperature_5,xhand SDK sensor_data[3].temperature[5],,"measured sensor value, unless fallback",,,,state[1213]=sensor_data[3].temperature[5],,xhand.py:_read_hand_state,True
1214,observation.state,hand_tactile_sensor_3.temperature_6,tactile sensor 3 temperature_6,xhand SDK sensor_data[3].temperature[6],,"measured sensor value, unless fallback",,,,state[1214]=sensor_data[3].temperature[6],,xhand.py:_read_hand_state,True
1215,observation.state,hand_tactile_sensor_3.temperature_7,tactile sensor 3 temperature_7,xhand SDK sensor_data[3].temperature[7],,"measured sensor value, unless fallback",,,,state[1215]=sensor_data[3].temperature[7],,xhand.py:_read_hand_state,True
1216,observation.state,hand_tactile_sensor_3.temperature_8,tactile sensor 3 temperature_8,xhand SDK sensor_data[3].temperature[8],,"measured sensor value, unless fallback",,,,state[1216]=sensor_data[3].temperature[8],,xhand.py:_read_hand_state,True
1217,observation.state,hand_tactile_sensor_3.temperature_9,tactile sensor 3 temperature_9,xhand SDK sensor_data[3].temperature[9],,"measured sensor value, unless fallback",,,,state[1217]=sensor_data[3].temperature[9],,xhand.py:_read_hand_state,True
1218,observation.state,hand_tactile_sensor_3.temperature_10,tactile sensor 3 temperature_10,xhand SDK sensor_data[3].temperature[10],,"measured sensor value, unless fallback",,,,state[1218]=sensor_data[3].temperature[10],,xhand.py:_read_hand_state,True
1219,observation.state,hand_tactile_sensor_3.temperature_11,tactile sensor 3 temperature_11,xhand SDK sensor_data[3].temperature[11],,"measured sensor value, unless fallback",,,,state[1219]=sensor_data[3].temperature[11],,xhand.py:_read_hand_state,True
1220,observation.state,hand_tactile_sensor_3.temperature_12,tactile sensor 3 temperature_12,xhand SDK sensor_data[3].temperature[12],,"measured sensor value, unless fallback",,,,state[1220]=sensor_data[3].temperature[12],,xhand.py:_read_hand_state,True
1221,observation.state,hand_tactile_sensor_3.temperature_13,tactile sensor 3 temperature_13,xhand SDK sensor_data[3].temperature[13],,"measured sensor value, unless fallback",,,,state[1221]=sensor_data[3].temperature[13],,xhand.py:_read_hand_state,True
1222,observation.state,hand_tactile_sensor_3.temperature_14,tactile sensor 3 temperature_14,xhand SDK sensor_data[3].temperature[14],,"measured sensor value, unless fallback",,,,state[1222]=sensor_data[3].temperature[14],,xhand.py:_read_hand_state,True
1223,observation.state,hand_tactile_sensor_3.temperature_15,tactile sensor 3 temperature_15,xhand SDK sensor_data[3].temperature[15],,"measured sensor value, unless fallback",,,,state[1223]=sensor_data[3].temperature[15],,xhand.py:_read_hand_state,True
1224,observation.state,hand_tactile_sensor_3.temperature_16,tactile sensor 3 temperature_16,xhand SDK sensor_data[3].temperature[16],,"measured sensor value, unless fallback",,,,state[1224]=sensor_data[3].temperature[16],,xhand.py:_read_hand_state,True
1225,observation.state,hand_tactile_sensor_3.temperature_17,tactile sensor 3 temperature_17,xhand SDK sensor_data[3].temperature[17],,"measured sensor value, unless fallback",,,,state[1225]=sensor_data[3].temperature[17],,xhand.py:_read_hand_state,True
1226,observation.state,hand_tactile_sensor_3.temperature_18,tactile sensor 3 temperature_18,xhand SDK sensor_data[3].temperature[18],,"measured sensor value, unless fallback",,,,state[1226]=sensor_data[3].temperature[18],,xhand.py:_read_hand_state,True
1227,observation.state,hand_tactile_sensor_3.temperature_19,tactile sensor 3 temperature_19,xhand SDK sensor_data[3].temperature[19],,"measured sensor value, unless fallback",,,,state[1227]=sensor_data[3].temperature[19],,xhand.py:_read_hand_state,True
1228,observation.state,hand_tactile_sensor_3.raw_force_0.fx,tactile sensor 3 raw distributed force raw_idx 0 fx,xhand SDK sensor_data[3].raw_force[0].fx,,"measured sensor value, unless fallback",,,,state[1228]=sensor_data[3].raw_force[0].fx,,xhand.py copies SDK order; xhand_control_ros2.cpp copies raw_force[k].fx/fy/fz,True
1229,observation.state,hand_tactile_sensor_3.raw_force_0.fy,tactile sensor 3 raw distributed force raw_idx 0 fy,xhand SDK sensor_data[3].raw_force[0].fy,,"measured sensor value, unless fallback",,,,state[1229]=sensor_data[3].raw_force[0].fy,,xhand.py copies SDK order; xhand_control_ros2.cpp copies raw_force[k].fx/fy/fz,True
1230,observation.state,hand_tactile_sensor_3.raw_force_0.fz,tactile sensor 3 raw distributed force raw_idx 0 fz,xhand SDK sensor_data[3].raw_force[0].fz,,"measured sensor value, unless fallback",,,,state[1230]=sensor_data[3].raw_force[0].fz,,xhand.py copies SDK order; xhand_control_ros2.cpp copies raw_force[k].fx/fy/fz,True
1231,observation.state,hand_tactile_sensor_3.raw_force_1.fx,tactile sensor 3 raw distributed force raw_idx 1 fx,xhand SDK sensor_data[3].raw_force[1].fx,,"measured sensor value, unless fallback",,,,state[1231]=sensor_data[3].raw_force[1].fx,,xhand.py copies SDK order; xhand_control_ros2.cpp copies raw_force[k].fx/fy/fz,True
1232,observation.state,hand_tactile_sensor_3.raw_force_1.fy,tactile sensor 3 raw distributed force raw_idx 1 fy,xhand SDK sensor_data[3].raw_force[1].fy,,"measured sensor value, unless fallback",,,,state[1232]=sensor_data[3].raw_force[1].fy,,xhand.py copies SDK order; xhand_control_ros2.cpp copies raw_force[k].fx/fy/fz,True
1233,observation.state,hand_tactile_sensor_3.raw_force_1.fz,tactile sensor 3 raw distributed force raw_idx 1 fz,xhand SDK sensor_data[3].raw_force[1].fz,,"measured sensor value, unless fallback",,,,state[1233]=sensor_data[3].raw_force[1].fz,,xhand.py copies SDK order; xhand_control_ros2.cpp copies raw_force[k].fx/fy/fz,True
1234,observation.state,hand_tactile_sensor_3.raw_force_2.fx,tactile sensor 3 raw distributed force raw_idx 2 fx,xhand SDK sensor_data[3].raw_force[2].fx,,"measured sensor value, unless fallback",,,,state[1234]=sensor_data[3].raw_force[2].fx,,xhand.py copies SDK order; xhand_control_ros2.cpp copies raw_force[k].fx/fy/fz,True
1235,observation.state,hand_tactile_sensor_3.raw_force_2.fy,tactile sensor 3 raw distributed force raw_idx 2 fy,xhand SDK sensor_data[3].raw_force[2].fy,,"measured sensor value, unless fallback",,,,state[1235]=sensor_data[3].raw_force[2].fy,,xhand.py copies SDK order; xhand_control_ros2.cpp copies raw_force[k].fx/fy/fz,True
1236,observation.state,hand_tactile_sensor_3.raw_force_2.fz,tactile sensor 3 raw distributed force raw_idx 2 fz,xhand SDK sensor_data[3].raw_force[2].fz,,"measured sensor value, unless fallback",,,,state[1236]=sensor_data[3].raw_force[2].fz,,xhand.py copies SDK order; xhand_control_ros2.cpp copies raw_force[k].fx/fy/fz,True
1237,observation.state,hand_tactile_sensor_3.raw_force_3.fx,tactile sensor 3 raw distributed force raw_idx 3 fx,xhand SDK sensor_data[3].raw_force[3].fx,,"measured sensor value, unless fallback",,,,state[1237]=sensor_data[3].raw_force[3].fx,,xhand.py copies SDK order; xhand_control_ros2.cpp copies raw_force[k].fx/fy/fz,True
1238,observation.state,hand_tactile_sensor_3.raw_force_3.fy,tactile sensor 3 raw distributed force raw_idx 3 fy,xhand SDK sensor_data[3].raw_force[3].fy,,"measured sensor value, unless fallback",,,,state[1238]=sensor_data[3].raw_force[3].fy,,xhand.py copies SDK order; xhand_control_ros2.cpp copies raw_force[k].fx/fy/fz,True
1239,observation.state,hand_tactile_sensor_3.raw_force_3.fz,tactile sensor 3 raw distributed force raw_idx 3 fz,xhand SDK sensor_data[3].raw_force[3].fz,,"measured sensor value, unless fallback",,,,state[1239]=sensor_data[3].raw_force[3].fz,,xhand.py copies SDK order; xhand_control_ros2.cpp copies raw_force[k].fx/fy/fz,True
1240,observation.state,hand_tactile_sensor_3.raw_force_4.fx,tactile sensor 3 raw distributed force raw_idx 4 fx,xhand SDK sensor_data[3].raw_force[4].fx,,"measured sensor value, unless fallback",,,,state[1240]=sensor_data[3].raw_force[4].fx,,xhand.py copies SDK order; xhand_control_ros2.cpp copies raw_force[k].fx/fy/fz,True
1241,observation.state,hand_tactile_sensor_3.raw_force_4.fy,tactile sensor 3 raw distributed force raw_idx 4 fy,xhand SDK sensor_data[3].raw_force[4].fy,,"measured sensor value, unless fallback",,,,state[1241]=sensor_data[3].raw_force[4].fy,,xhand.py copies SDK order; xhand_control_ros2.cpp copies raw_force[k].fx/fy/fz,True
1242,observation.state,hand_tactile_sensor_3.raw_force_4.fz,tactile sensor 3 raw distributed force raw_idx 4 fz,xhand SDK sensor_data[3].raw_force[4].fz,,"measured sensor value, unless fallback",,,,state[1242]=sensor_data[3].raw_force[4].fz,,xhand.py copies SDK order; xhand_control_ros2.cpp copies raw_force[k].fx/fy/fz,True
1243,observation.state,hand_tactile_sensor_3.raw_force_5.fx,tactile sensor 3 raw distributed force raw_idx 5 fx,xhand SDK sensor_data[3].raw_force[5].fx,,"measured sensor value, unless fallback",,,,state[1243]=sensor_data[3].raw_force[5].fx,,xhand.py copies SDK order; xhand_control_ros2.cpp copies raw_force[k].fx/fy/fz,True
1244,observation.state,hand_tactile_sensor_3.raw_force_5.fy,tactile sensor 3 raw distributed force raw_idx 5 fy,xhand SDK sensor_data[3].raw_force[5].fy,,"measured sensor value, unless fallback",,,,state[1244]=sensor_data[3].raw_force[5].fy,,xhand.py copies SDK order; xhand_control_ros2.cpp copies raw_force[k].fx/fy/fz,True
1245,observation.state,hand_tactile_sensor_3.raw_force_5.fz,tactile sensor 3 raw distributed force raw_idx 5 fz,xhand SDK sensor_data[3].raw_force[5].fz,,"measured sensor value, unless fallback",,,,state[1245]=sensor_data[3].raw_force[5].fz,,xhand.py copies SDK order; xhand_control_ros2.cpp copies raw_force[k].fx/fy/fz,True
1246,observation.state,hand_tactile_sensor_3.raw_force_6.fx,tactile sensor 3 raw distributed force raw_idx 6 fx,xhand SDK sensor_data[3].raw_force[6].fx,,"measured sensor value, unless fallback",,,,state[1246]=sensor_data[3].raw_force[6].fx,,xhand.py copies SDK order; xhand_control_ros2.cpp copies raw_force[k].fx/fy/fz,True
1247,observation.state,hand_tactile_sensor_3.raw_force_6.fy,tactile sensor 3 raw distributed force raw_idx 6 fy,xhand SDK sensor_data[3].raw_force[6].fy,,"measured sensor value, unless fallback",,,,state[1247]=sensor_data[3].raw_force[6].fy,,xhand.py copies SDK order; xhand_control_ros2.cpp copies raw_force[k].fx/fy/fz,True
1248,observation.state,hand_tactile_sensor_3.raw_force_6.fz,tactile sensor 3 raw distributed force raw_idx 6 fz,xhand SDK sensor_data[3].raw_force[6].fz,,"measured sensor value, unless fallback",,,,state[1248]=sensor_data[3].raw_force[6].fz,,xhand.py copies SDK order; xhand_control_ros2.cpp copies raw_force[k].fx/fy/fz,True
1249,observation.state,hand_tactile_sensor_3.raw_force_7.fx,tactile sensor 3 raw distributed force raw_idx 7 fx,xhand SDK sensor_data[3].raw_force[7].fx,,"measured sensor value, unless fallback",,,,state[1249]=sensor_data[3].raw_force[7].fx,,xhand.py copies SDK order; xhand_control_ros2.cpp copies raw_force[k].fx/fy/fz,True
1250,observation.state,hand_tactile_sensor_3.raw_force_7.fy,tactile sensor 3 raw distributed force raw_idx 7 fy,xhand SDK sensor_data[3].raw_force[7].fy,,"measured sensor value, unless fallback",,,,state[1250]=sensor_data[3].raw_force[7].fy,,xhand.py copies SDK order; xhand_control_ros2.cpp copies raw_force[k].fx/fy/fz,True
1251,observation.state,hand_tactile_sensor_3.raw_force_7.fz,tactile sensor 3 raw distributed force raw_idx 7 fz,xhand SDK sensor_data[3].raw_force[7].fz,,"measured sensor value, unless fallback",,,,state[1251]=sensor_data[3].raw_force[7].fz,,xhand.py copies SDK order; xhand_control_ros2.cpp copies raw_force[k].fx/fy/fz,True
1252,observation.state,hand_tactile_sensor_3.raw_force_8.fx,tactile sensor 3 raw distributed force raw_idx 8 fx,xhand SDK sensor_data[3].raw_force[8].fx,,"measured sensor value, unless fallback",,,,state[1252]=sensor_data[3].raw_force[8].fx,,xhand.py copies SDK order; xhand_control_ros2.cpp copies raw_force[k].fx/fy/fz,True
1253,observation.state,hand_tactile_sensor_3.raw_force_8.fy,tactile sensor 3 raw distributed force raw_idx 8 fy,xhand SDK sensor_data[3].raw_force[8].fy,,"measured sensor value, unless fallback",,,,state[1253]=sensor_data[3].raw_force[8].fy,,xhand.py copies SDK order; xhand_control_ros2.cpp copies raw_force[k].fx/fy/fz,True
1254,observation.state,hand_tactile_sensor_3.raw_force_8.fz,tactile sensor 3 raw distributed force raw_idx 8 fz,xhand SDK sensor_data[3].raw_force[8].fz,,"measured sensor value, unless fallback",,,,state[1254]=sensor_data[3].raw_force[8].fz,,xhand.py copies SDK order; xhand_control_ros2.cpp copies raw_force[k].fx/fy/fz,True
1255,observation.state,hand_tactile_sensor_3.raw_force_9.fx,tactile sensor 3 raw distributed force raw_idx 9 fx,xhand SDK sensor_data[3].raw_force[9].fx,,"measured sensor value, unless fallback",,,,state[1255]=sensor_data[3].raw_force[9].fx,,xhand.py copies SDK order; xhand_control_ros2.cpp copies raw_force[k].fx/fy/fz,True
1256,observation.state,hand_tactile_sensor_3.raw_force_9.fy,tactile sensor 3 raw distributed force raw_idx 9 fy,xhand SDK sensor_data[3].raw_force[9].fy,,"measured sensor value, unless fallback",,,,state[1256]=sensor_data[3].raw_force[9].fy,,xhand.py copies SDK order; xhand_control_ros2.cpp copies raw_force[k].fx/fy/fz,True
1257,observation.state,hand_tactile_sensor_3.raw_force_9.fz,tactile sensor 3 raw distributed force raw_idx 9 fz,xhand SDK sensor_data[3].raw_force[9].fz,,"measured sensor value, unless fallback",,,,state[1257]=sensor_data[3].raw_force[9].fz,,xhand.py copies SDK order; xhand_control_ros2.cpp copies raw_force[k].fx/fy/fz,True
1258,observation.state,hand_tactile_sensor_3.raw_force_10.fx,tactile sensor 3 raw distributed force raw_idx 10 fx,xhand SDK sensor_data[3].raw_force[10].fx,,"measured sensor value, unless fallback",,,,state[1258]=sensor_data[3].raw_force[10].fx,,xhand.py copies SDK order; xhand_control_ros2.cpp copies raw_force[k].fx/fy/fz,True
1259,observation.state,hand_tactile_sensor_3.raw_force_10.fy,tactile sensor 3 raw distributed force raw_idx 10 fy,xhand SDK sensor_data[3].raw_force[10].fy,,"measured sensor value, unless fallback",,,,state[1259]=sensor_data[3].raw_force[10].fy,,xhand.py copies SDK order; xhand_control_ros2.cpp copies raw_force[k].fx/fy/fz,True
1260,observation.state,hand_tactile_sensor_3.raw_force_10.fz,tactile sensor 3 raw distributed force raw_idx 10 fz,xhand SDK sensor_data[3].raw_force[10].fz,,"measured sensor value, unless fallback",,,,state[1260]=sensor_data[3].raw_force[10].fz,,xhand.py copies SDK order; xhand_control_ros2.cpp copies raw_force[k].fx/fy/fz,True
1261,observation.state,hand_tactile_sensor_3.raw_force_11.fx,tactile sensor 3 raw distributed force raw_idx 11 fx,xhand SDK sensor_data[3].raw_force[11].fx,,"measured sensor value, unless fallback",,,,state[1261]=sensor_data[3].raw_force[11].fx,,xhand.py copies SDK order; xhand_control_ros2.cpp copies raw_force[k].fx/fy/fz,True
1262,observation.state,hand_tactile_sensor_3.raw_force_11.fy,tactile sensor 3 raw distributed force raw_idx 11 fy,xhand SDK sensor_data[3].raw_force[11].fy,,"measured sensor value, unless fallback",,,,state[1262]=sensor_data[3].raw_force[11].fy,,xhand.py copies SDK order; xhand_control_ros2.cpp copies raw_force[k].fx/fy/fz,True
1263,observation.state,hand_tactile_sensor_3.raw_force_11.fz,tactile sensor 3 raw distributed force raw_idx 11 fz,xhand SDK sensor_data[3].raw_force[11].fz,,"measured sensor value, unless fallback",,,,state[1263]=sensor_data[3].raw_force[11].fz,,xhand.py copies SDK order; xhand_control_ros2.cpp copies raw_force[k].fx/fy/fz,True
1264,observation.state,hand_tactile_sensor_3.raw_force_12.fx,tactile sensor 3 raw distributed force raw_idx 12 fx,xhand SDK sensor_data[3].raw_force[12].fx,,"measured sensor value, unless fallback",,,,state[1264]=sensor_data[3].raw_force[12].fx,,xhand.py copies SDK order; xhand_control_ros2.cpp copies raw_force[k].fx/fy/fz,True
1265,observation.state,hand_tactile_sensor_3.raw_force_12.fy,tactile sensor 3 raw distributed force raw_idx 12 fy,xhand SDK sensor_data[3].raw_force[12].fy,,"measured sensor value, unless fallback",,,,state[1265]=sensor_data[3].raw_force[12].fy,,xhand.py copies SDK order; xhand_control_ros2.cpp copies raw_force[k].fx/fy/fz,True
1266,observation.state,hand_tactile_sensor_3.raw_force_12.fz,tactile sensor 3 raw distributed force raw_idx 12 fz,xhand SDK sensor_data[3].raw_force[12].fz,,"measured sensor value, unless fallback",,,,state[1266]=sensor_data[3].raw_force[12].fz,,xhand.py copies SDK order; xhand_control_ros2.cpp copies raw_force[k].fx/fy/fz,True
1267,observation.state,hand_tactile_sensor_3.raw_force_13.fx,tactile sensor 3 raw distributed force raw_idx 13 fx,xhand SDK sensor_data[3].raw_force[13].fx,,"measured sensor value, unless fallback",,,,state[1267]=sensor_data[3].raw_force[13].fx,,xhand.py copies SDK order; xhand_control_ros2.cpp copies raw_force[k].fx/fy/fz,True
1268,observation.state,hand_tactile_sensor_3.raw_force_13.fy,tactile sensor 3 raw distributed force raw_idx 13 fy,xhand SDK sensor_data[3].raw_force[13].fy,,"measured sensor value, unless fallback",,,,state[1268]=sensor_data[3].raw_force[13].fy,,xhand.py copies SDK order; xhand_control_ros2.cpp copies raw_force[k].fx/fy/fz,True
1269,observation.state,hand_tactile_sensor_3.raw_force_13.fz,tactile sensor 3 raw distributed force raw_idx 13 fz,xhand SDK sensor_data[3].raw_force[13].fz,,"measured sensor value, unless fallback",,,,state[1269]=sensor_data[3].raw_force[13].fz,,xhand.py copies SDK order; xhand_control_ros2.cpp copies raw_force[k].fx/fy/fz,True
1270,observation.state,hand_tactile_sensor_3.raw_force_14.fx,tactile sensor 3 raw distributed force raw_idx 14 fx,xhand SDK sensor_data[3].raw_force[14].fx,,"measured sensor value, unless fallback",,,,state[1270]=sensor_data[3].raw_force[14].fx,,xhand.py copies SDK order; xhand_control_ros2.cpp copies raw_force[k].fx/fy/fz,True
1271,observation.state,hand_tactile_sensor_3.raw_force_14.fy,tactile sensor 3 raw distributed force raw_idx 14 fy,xhand SDK sensor_data[3].raw_force[14].fy,,"measured sensor value, unless fallback",,,,state[1271]=sensor_data[3].raw_force[14].fy,,xhand.py copies SDK order; xhand_control_ros2.cpp copies raw_force[k].fx/fy/fz,True
1272,observation.state,hand_tactile_sensor_3.raw_force_14.fz,tactile sensor 3 raw distributed force raw_idx 14 fz,xhand SDK sensor_data[3].raw_force[14].fz,,"measured sensor value, unless fallback",,,,state[1272]=sensor_data[3].raw_force[14].fz,,xhand.py copies SDK order; xhand_control_ros2.cpp copies raw_force[k].fx/fy/fz,True
1273,observation.state,hand_tactile_sensor_3.raw_force_15.fx,tactile sensor 3 raw distributed force raw_idx 15 fx,xhand SDK sensor_data[3].raw_force[15].fx,,"measured sensor value, unless fallback",,,,state[1273]=sensor_data[3].raw_force[15].fx,,xhand.py copies SDK order; xhand_control_ros2.cpp copies raw_force[k].fx/fy/fz,True
1274,observation.state,hand_tactile_sensor_3.raw_force_15.fy,tactile sensor 3 raw distributed force raw_idx 15 fy,xhand SDK sensor_data[3].raw_force[15].fy,,"measured sensor value, unless fallback",,,,state[1274]=sensor_data[3].raw_force[15].fy,,xhand.py copies SDK order; xhand_control_ros2.cpp copies raw_force[k].fx/fy/fz,True
1275,observation.state,hand_tactile_sensor_3.raw_force_15.fz,tactile sensor 3 raw distributed force raw_idx 15 fz,xhand SDK sensor_data[3].raw_force[15].fz,,"measured sensor value, unless fallback",,,,state[1275]=sensor_data[3].raw_force[15].fz,,xhand.py copies SDK order; xhand_control_ros2.cpp copies raw_force[k].fx/fy/fz,True
1276,observation.state,hand_tactile_sensor_3.raw_force_16.fx,tactile sensor 3 raw distributed force raw_idx 16 fx,xhand SDK sensor_data[3].raw_force[16].fx,,"measured sensor value, unless fallback",,,,state[1276]=sensor_data[3].raw_force[16].fx,,xhand.py copies SDK order; xhand_control_ros2.cpp copies raw_force[k].fx/fy/fz,True
1277,observation.state,hand_tactile_sensor_3.raw_force_16.fy,tactile sensor 3 raw distributed force raw_idx 16 fy,xhand SDK sensor_data[3].raw_force[16].fy,,"measured sensor value, unless fallback",,,,state[1277]=sensor_data[3].raw_force[16].fy,,xhand.py copies SDK order; xhand_control_ros2.cpp copies raw_force[k].fx/fy/fz,True
1278,observation.state,hand_tactile_sensor_3.raw_force_16.fz,tactile sensor 3 raw distributed force raw_idx 16 fz,xhand SDK sensor_data[3].raw_force[16].fz,,"measured sensor value, unless fallback",,,,state[1278]=sensor_data[3].raw_force[16].fz,,xhand.py copies SDK order; xhand_control_ros2.cpp copies raw_force[k].fx/fy/fz,True
1279,observation.state,hand_tactile_sensor_3.raw_force_17.fx,tactile sensor 3 raw distributed force raw_idx 17 fx,xhand SDK sensor_data[3].raw_force[17].fx,,"measured sensor value, unless fallback",,,,state[1279]=sensor_data[3].raw_force[17].fx,,xhand.py copies SDK order; xhand_control_ros2.cpp copies raw_force[k].fx/fy/fz,True
1280,observation.state,hand_tactile_sensor_3.raw_force_17.fy,tactile sensor 3 raw distributed force raw_idx 17 fy,xhand SDK sensor_data[3].raw_force[17].fy,,"measured sensor value, unless fallback",,,,state[1280]=sensor_data[3].raw_force[17].fy,,xhand.py copies SDK order; xhand_control_ros2.cpp copies raw_force[k].fx/fy/fz,True
1281,observation.state,hand_tactile_sensor_3.raw_force_17.fz,tactile sensor 3 raw distributed force raw_idx 17 fz,xhand SDK sensor_data[3].raw_force[17].fz,,"measured sensor value, unless fallback",,,,state[1281]=sensor_data[3].raw_force[17].fz,,xhand.py copies SDK order; xhand_control_ros2.cpp copies raw_force[k].fx/fy/fz,True
1282,observation.state,hand_tactile_sensor_3.raw_force_18.fx,tactile sensor 3 raw distributed force raw_idx 18 fx,xhand SDK sensor_data[3].raw_force[18].fx,,"measured sensor value, unless fallback",,,,state[1282]=sensor_data[3].raw_force[18].fx,,xhand.py copies SDK order; xhand_control_ros2.cpp copies raw_force[k].fx/fy/fz,True
1283,observation.state,hand_tactile_sensor_3.raw_force_18.fy,tactile sensor 3 raw distributed force raw_idx 18 fy,xhand SDK sensor_data[3].raw_force[18].fy,,"measured sensor value, unless fallback",,,,state[1283]=sensor_data[3].raw_force[18].fy,,xhand.py copies SDK order; xhand_control_ros2.cpp copies raw_force[k].fx/fy/fz,True
1284,observation.state,hand_tactile_sensor_3.raw_force_18.fz,tactile sensor 3 raw distributed force raw_idx 18 fz,xhand SDK sensor_data[3].raw_force[18].fz,,"measured sensor value, unless fallback",,,,state[1284]=sensor_data[3].raw_force[18].fz,,xhand.py copies SDK order; xhand_control_ros2.cpp copies raw_force[k].fx/fy/fz,True
1285,observation.state,hand_tactile_sensor_3.raw_force_19.fx,tactile sensor 3 raw distributed force raw_idx 19 fx,xhand SDK sensor_data[3].raw_force[19].fx,,"measured sensor value, unless fallback",,,,state[1285]=sensor_data[3].raw_force[19].fx,,xhand.py copies SDK order; xhand_control_ros2.cpp copies raw_force[k].fx/fy/fz,True
1286,observation.state,hand_tactile_sensor_3.raw_force_19.fy,tactile sensor 3 raw distributed force raw_idx 19 fy,xhand SDK sensor_data[3].raw_force[19].fy,,"measured sensor value, unless fallback",,,,state[1286]=sensor_data[3].raw_force[19].fy,,xhand.py copies SDK order; xhand_control_ros2.cpp copies raw_force[k].fx/fy/fz,True
1287,observation.state,hand_tactile_sensor_3.raw_force_19.fz,tactile sensor 3 raw distributed force raw_idx 19 fz,xhand SDK sensor_data[3].raw_force[19].fz,,"measured sensor value, unless fallback",,,,state[1287]=sensor_data[3].raw_force[19].fz,,xhand.py copies SDK order; xhand_control_ros2.cpp copies raw_force[k].fx/fy/fz,True
1288,observation.state,hand_tactile_sensor_3.raw_force_20.fx,tactile sensor 3 raw distributed force raw_idx 20 fx,xhand SDK sensor_data[3].raw_force[20].fx,,"measured sensor value, unless fallback",,,,state[1288]=sensor_data[3].raw_force[20].fx,,xhand.py copies SDK order; xhand_control_ros2.cpp copies raw_force[k].fx/fy/fz,True
1289,observation.state,hand_tactile_sensor_3.raw_force_20.fy,tactile sensor 3 raw distributed force raw_idx 20 fy,xhand SDK sensor_data[3].raw_force[20].fy,,"measured sensor value, unless fallback",,,,state[1289]=sensor_data[3].raw_force[20].fy,,xhand.py copies SDK order; xhand_control_ros2.cpp copies raw_force[k].fx/fy/fz,True
1290,observation.state,hand_tactile_sensor_3.raw_force_20.fz,tactile sensor 3 raw distributed force raw_idx 20 fz,xhand SDK sensor_data[3].raw_force[20].fz,,"measured sensor value, unless fallback",,,,state[1290]=sensor_data[3].raw_force[20].fz,,xhand.py copies SDK order; xhand_control_ros2.cpp copies raw_force[k].fx/fy/fz,True
1291,observation.state,hand_tactile_sensor_3.raw_force_21.fx,tactile sensor 3 raw distributed force raw_idx 21 fx,xhand SDK sensor_data[3].raw_force[21].fx,,"measured sensor value, unless fallback",,,,state[1291]=sensor_data[3].raw_force[21].fx,,xhand.py copies SDK order; xhand_control_ros2.cpp copies raw_force[k].fx/fy/fz,True
1292,observation.state,hand_tactile_sensor_3.raw_force_21.fy,tactile sensor 3 raw distributed force raw_idx 21 fy,xhand SDK sensor_data[3].raw_force[21].fy,,"measured sensor value, unless fallback",,,,state[1292]=sensor_data[3].raw_force[21].fy,,xhand.py copies SDK order; xhand_control_ros2.cpp copies raw_force[k].fx/fy/fz,True
1293,observation.state,hand_tactile_sensor_3.raw_force_21.fz,tactile sensor 3 raw distributed force raw_idx 21 fz,xhand SDK sensor_data[3].raw_force[21].fz,,"measured sensor value, unless fallback",,,,state[1293]=sensor_data[3].raw_force[21].fz,,xhand.py copies SDK order; xhand_control_ros2.cpp copies raw_force[k].fx/fy/fz,True
1294,observation.state,hand_tactile_sensor_3.raw_force_22.fx,tactile sensor 3 raw distributed force raw_idx 22 fx,xhand SDK sensor_data[3].raw_force[22].fx,,"measured sensor value, unless fallback",,,,state[1294]=sensor_data[3].raw_force[22].fx,,xhand.py copies SDK order; xhand_control_ros2.cpp copies raw_force[k].fx/fy/fz,True
1295,observation.state,hand_tactile_sensor_3.raw_force_22.fy,tactile sensor 3 raw distributed force raw_idx 22 fy,xhand SDK sensor_data[3].raw_force[22].fy,,"measured sensor value, unless fallback",,,,state[1295]=sensor_data[3].raw_force[22].fy,,xhand.py copies SDK order; xhand_control_ros2.cpp copies raw_force[k].fx/fy/fz,True
1296,observation.state,hand_tactile_sensor_3.raw_force_22.fz,tactile sensor 3 raw distributed force raw_idx 22 fz,xhand SDK sensor_data[3].raw_force[22].fz,,"measured sensor value, unless fallback",,,,state[1296]=sensor_data[3].raw_force[22].fz,,xhand.py copies SDK order; xhand_control_ros2.cpp copies raw_force[k].fx/fy/fz,True
1297,observation.state,hand_tactile_sensor_3.raw_force_23.fx,tactile sensor 3 raw distributed force raw_idx 23 fx,xhand SDK sensor_data[3].raw_force[23].fx,,"measured sensor value, unless fallback",,,,state[1297]=sensor_data[3].raw_force[23].fx,,xhand.py copies SDK order; xhand_control_ros2.cpp copies raw_force[k].fx/fy/fz,True
1298,observation.state,hand_tactile_sensor_3.raw_force_23.fy,tactile sensor 3 raw distributed force raw_idx 23 fy,xhand SDK sensor_data[3].raw_force[23].fy,,"measured sensor value, unless fallback",,,,state[1298]=sensor_data[3].raw_force[23].fy,,xhand.py copies SDK order; xhand_control_ros2.cpp copies raw_force[k].fx/fy/fz,True
1299,observation.state,hand_tactile_sensor_3.raw_force_23.fz,tactile sensor 3 raw distributed force raw_idx 23 fz,xhand SDK sensor_data[3].raw_force[23].fz,,"measured sensor value, unless fallback",,,,state[1299]=sensor_data[3].raw_force[23].fz,,xhand.py copies SDK order; xhand_control_ros2.cpp copies raw_force[k].fx/fy/fz,True
1300,observation.state,hand_tactile_sensor_3.raw_force_24.fx,tactile sensor 3 raw distributed force raw_idx 24 fx,xhand SDK sensor_data[3].raw_force[24].fx,,"measured sensor value, unless fallback",,,,state[1300]=sensor_data[3].raw_force[24].fx,,xhand.py copies SDK order; xhand_control_ros2.cpp copies raw_force[k].fx/fy/fz,True
1301,observation.state,hand_tactile_sensor_3.raw_force_24.fy,tactile sensor 3 raw distributed force raw_idx 24 fy,xhand SDK sensor_data[3].raw_force[24].fy,,"measured sensor value, unless fallback",,,,state[1301]=sensor_data[3].raw_force[24].fy,,xhand.py copies SDK order; xhand_control_ros2.cpp copies raw_force[k].fx/fy/fz,True
1302,observation.state,hand_tactile_sensor_3.raw_force_24.fz,tactile sensor 3 raw distributed force raw_idx 24 fz,xhand SDK sensor_data[3].raw_force[24].fz,,"measured sensor value, unless fallback",,,,state[1302]=sensor_data[3].raw_force[24].fz,,xhand.py copies SDK order; xhand_control_ros2.cpp copies raw_force[k].fx/fy/fz,True
1303,observation.state,hand_tactile_sensor_3.raw_force_25.fx,tactile sensor 3 raw distributed force raw_idx 25 fx,xhand SDK sensor_data[3].raw_force[25].fx,,"measured sensor value, unless fallback",,,,state[1303]=sensor_data[3].raw_force[25].fx,,xhand.py copies SDK order; xhand_control_ros2.cpp copies raw_force[k].fx/fy/fz,True
1304,observation.state,hand_tactile_sensor_3.raw_force_25.fy,tactile sensor 3 raw distributed force raw_idx 25 fy,xhand SDK sensor_data[3].raw_force[25].fy,,"measured sensor value, unless fallback",,,,state[1304]=sensor_data[3].raw_force[25].fy,,xhand.py copies SDK order; xhand_control_ros2.cpp copies raw_force[k].fx/fy/fz,True
1305,observation.state,hand_tactile_sensor_3.raw_force_25.fz,tactile sensor 3 raw distributed force raw_idx 25 fz,xhand SDK sensor_data[3].raw_force[25].fz,,"measured sensor value, unless fallback",,,,state[1305]=sensor_data[3].raw_force[25].fz,,xhand.py copies SDK order; xhand_control_ros2.cpp copies raw_force[k].fx/fy/fz,True
1306,observation.state,hand_tactile_sensor_3.raw_force_26.fx,tactile sensor 3 raw distributed force raw_idx 26 fx,xhand SDK sensor_data[3].raw_force[26].fx,,"measured sensor value, unless fallback",,,,state[1306]=sensor_data[3].raw_force[26].fx,,xhand.py copies SDK order; xhand_control_ros2.cpp copies raw_force[k].fx/fy/fz,True
1307,observation.state,hand_tactile_sensor_3.raw_force_26.fy,tactile sensor 3 raw distributed force raw_idx 26 fy,xhand SDK sensor_data[3].raw_force[26].fy,,"measured sensor value, unless fallback",,,,state[1307]=sensor_data[3].raw_force[26].fy,,xhand.py copies SDK order; xhand_control_ros2.cpp copies raw_force[k].fx/fy/fz,True
1308,observation.state,hand_tactile_sensor_3.raw_force_26.fz,tactile sensor 3 raw distributed force raw_idx 26 fz,xhand SDK sensor_data[3].raw_force[26].fz,,"measured sensor value, unless fallback",,,,state[1308]=sensor_data[3].raw_force[26].fz,,xhand.py copies SDK order; xhand_control_ros2.cpp copies raw_force[k].fx/fy/fz,True
1309,observation.state,hand_tactile_sensor_3.raw_force_27.fx,tactile sensor 3 raw distributed force raw_idx 27 fx,xhand SDK sensor_data[3].raw_force[27].fx,,"measured sensor value, unless fallback",,,,state[1309]=sensor_data[3].raw_force[27].fx,,xhand.py copies SDK order; xhand_control_ros2.cpp copies raw_force[k].fx/fy/fz,True
1310,observation.state,hand_tactile_sensor_3.raw_force_27.fy,tactile sensor 3 raw distributed force raw_idx 27 fy,xhand SDK sensor_data[3].raw_force[27].fy,,"measured sensor value, unless fallback",,,,state[1310]=sensor_data[3].raw_force[27].fy,,xhand.py copies SDK order; xhand_control_ros2.cpp copies raw_force[k].fx/fy/fz,True
1311,observation.state,hand_tactile_sensor_3.raw_force_27.fz,tactile sensor 3 raw distributed force raw_idx 27 fz,xhand SDK sensor_data[3].raw_force[27].fz,,"measured sensor value, unless fallback",,,,state[1311]=sensor_data[3].raw_force[27].fz,,xhand.py copies SDK order; xhand_control_ros2.cpp copies raw_force[k].fx/fy/fz,True
1312,observation.state,hand_tactile_sensor_3.raw_force_28.fx,tactile sensor 3 raw distributed force raw_idx 28 fx,xhand SDK sensor_data[3].raw_force[28].fx,,"measured sensor value, unless fallback",,,,state[1312]=sensor_data[3].raw_force[28].fx,,xhand.py copies SDK order; xhand_control_ros2.cpp copies raw_force[k].fx/fy/fz,True
1313,observation.state,hand_tactile_sensor_3.raw_force_28.fy,tactile sensor 3 raw distributed force raw_idx 28 fy,xhand SDK sensor_data[3].raw_force[28].fy,,"measured sensor value, unless fallback",,,,state[1313]=sensor_data[3].raw_force[28].fy,,xhand.py copies SDK order; xhand_control_ros2.cpp copies raw_force[k].fx/fy/fz,True
1314,observation.state,hand_tactile_sensor_3.raw_force_28.fz,tactile sensor 3 raw distributed force raw_idx 28 fz,xhand SDK sensor_data[3].raw_force[28].fz,,"measured sensor value, unless fallback",,,,state[1314]=sensor_data[3].raw_force[28].fz,,xhand.py copies SDK order; xhand_control_ros2.cpp copies raw_force[k].fx/fy/fz,True
1315,observation.state,hand_tactile_sensor_3.raw_force_29.fx,tactile sensor 3 raw distributed force raw_idx 29 fx,xhand SDK sensor_data[3].raw_force[29].fx,,"measured sensor value, unless fallback",,,,state[1315]=sensor_data[3].raw_force[29].fx,,xhand.py copies SDK order; xhand_control_ros2.cpp copies raw_force[k].fx/fy/fz,True
1316,observation.state,hand_tactile_sensor_3.raw_force_29.fy,tactile sensor 3 raw distributed force raw_idx 29 fy,xhand SDK sensor_data[3].raw_force[29].fy,,"measured sensor value, unless fallback",,,,state[1316]=sensor_data[3].raw_force[29].fy,,xhand.py copies SDK order; xhand_control_ros2.cpp copies raw_force[k].fx/fy/fz,True
1317,observation.state,hand_tactile_sensor_3.raw_force_29.fz,tactile sensor 3 raw distributed force raw_idx 29 fz,xhand SDK sensor_data[3].raw_force[29].fz,,"measured sensor value, unless fallback",,,,state[1317]=sensor_data[3].raw_force[29].fz,,xhand.py copies SDK order; xhand_control_ros2.cpp copies raw_force[k].fx/fy/fz,True
1318,observation.state,hand_tactile_sensor_3.raw_force_30.fx,tactile sensor 3 raw distributed force raw_idx 30 fx,xhand SDK sensor_data[3].raw_force[30].fx,,"measured sensor value, unless fallback",,,,state[1318]=sensor_data[3].raw_force[30].fx,,xhand.py copies SDK order; xhand_control_ros2.cpp copies raw_force[k].fx/fy/fz,True
1319,observation.state,hand_tactile_sensor_3.raw_force_30.fy,tactile sensor 3 raw distributed force raw_idx 30 fy,xhand SDK sensor_data[3].raw_force[30].fy,,"measured sensor value, unless fallback",,,,state[1319]=sensor_data[3].raw_force[30].fy,,xhand.py copies SDK order; xhand_control_ros2.cpp copies raw_force[k].fx/fy/fz,True
1320,observation.state,hand_tactile_sensor_3.raw_force_30.fz,tactile sensor 3 raw distributed force raw_idx 30 fz,xhand SDK sensor_data[3].raw_force[30].fz,,"measured sensor value, unless fallback",,,,state[1320]=sensor_data[3].raw_force[30].fz,,xhand.py copies SDK order; xhand_control_ros2.cpp copies raw_force[k].fx/fy/fz,True
1321,observation.state,hand_tactile_sensor_3.raw_force_31.fx,tactile sensor 3 raw distributed force raw_idx 31 fx,xhand SDK sensor_data[3].raw_force[31].fx,,"measured sensor value, unless fallback",,,,state[1321]=sensor_data[3].raw_force[31].fx,,xhand.py copies SDK order; xhand_control_ros2.cpp copies raw_force[k].fx/fy/fz,True
1322,observation.state,hand_tactile_sensor_3.raw_force_31.fy,tactile sensor 3 raw distributed force raw_idx 31 fy,xhand SDK sensor_data[3].raw_force[31].fy,,"measured sensor value, unless fallback",,,,state[1322]=sensor_data[3].raw_force[31].fy,,xhand.py copies SDK order; xhand_control_ros2.cpp copies raw_force[k].fx/fy/fz,True
1323,observation.state,hand_tactile_sensor_3.raw_force_31.fz,tactile sensor 3 raw distributed force raw_idx 31 fz,xhand SDK sensor_data[3].raw_force[31].fz,,"measured sensor value, unless fallback",,,,state[1323]=sensor_data[3].raw_force[31].fz,,xhand.py copies SDK order; xhand_control_ros2.cpp copies raw_force[k].fx/fy/fz,True
1324,observation.state,hand_tactile_sensor_3.raw_force_32.fx,tactile sensor 3 raw distributed force raw_idx 32 fx,xhand SDK sensor_data[3].raw_force[32].fx,,"measured sensor value, unless fallback",,,,state[1324]=sensor_data[3].raw_force[32].fx,,xhand.py copies SDK order; xhand_control_ros2.cpp copies raw_force[k].fx/fy/fz,True
1325,observation.state,hand_tactile_sensor_3.raw_force_32.fy,tactile sensor 3 raw distributed force raw_idx 32 fy,xhand SDK sensor_data[3].raw_force[32].fy,,"measured sensor value, unless fallback",,,,state[1325]=sensor_data[3].raw_force[32].fy,,xhand.py copies SDK order; xhand_control_ros2.cpp copies raw_force[k].fx/fy/fz,True
1326,observation.state,hand_tactile_sensor_3.raw_force_32.fz,tactile sensor 3 raw distributed force raw_idx 32 fz,xhand SDK sensor_data[3].raw_force[32].fz,,"measured sensor value, unless fallback",,,,state[1326]=sensor_data[3].raw_force[32].fz,,xhand.py copies SDK order; xhand_control_ros2.cpp copies raw_force[k].fx/fy/fz,True
1327,observation.state,hand_tactile_sensor_3.raw_force_33.fx,tactile sensor 3 raw distributed force raw_idx 33 fx,xhand SDK sensor_data[3].raw_force[33].fx,,"measured sensor value, unless fallback",,,,state[1327]=sensor_data[3].raw_force[33].fx,,xhand.py copies SDK order; xhand_control_ros2.cpp copies raw_force[k].fx/fy/fz,True
1328,observation.state,hand_tactile_sensor_3.raw_force_33.fy,tactile sensor 3 raw distributed force raw_idx 33 fy,xhand SDK sensor_data[3].raw_force[33].fy,,"measured sensor value, unless fallback",,,,state[1328]=sensor_data[3].raw_force[33].fy,,xhand.py copies SDK order; xhand_control_ros2.cpp copies raw_force[k].fx/fy/fz,True
1329,observation.state,hand_tactile_sensor_3.raw_force_33.fz,tactile sensor 3 raw distributed force raw_idx 33 fz,xhand SDK sensor_data[3].raw_force[33].fz,,"measured sensor value, unless fallback",,,,state[1329]=sensor_data[3].raw_force[33].fz,,xhand.py copies SDK order; xhand_control_ros2.cpp copies raw_force[k].fx/fy/fz,True
1330,observation.state,hand_tactile_sensor_3.raw_force_34.fx,tactile sensor 3 raw distributed force raw_idx 34 fx,xhand SDK sensor_data[3].raw_force[34].fx,,"measured sensor value, unless fallback",,,,state[1330]=sensor_data[3].raw_force[34].fx,,xhand.py copies SDK order; xhand_control_ros2.cpp copies raw_force[k].fx/fy/fz,True
1331,observation.state,hand_tactile_sensor_3.raw_force_34.fy,tactile sensor 3 raw distributed force raw_idx 34 fy,xhand SDK sensor_data[3].raw_force[34].fy,,"measured sensor value, unless fallback",,,,state[1331]=sensor_data[3].raw_force[34].fy,,xhand.py copies SDK order; xhand_control_ros2.cpp copies raw_force[k].fx/fy/fz,True
1332,observation.state,hand_tactile_sensor_3.raw_force_34.fz,tactile sensor 3 raw distributed force raw_idx 34 fz,xhand SDK sensor_data[3].raw_force[34].fz,,"measured sensor value, unless fallback",,,,state[1332]=sensor_data[3].raw_force[34].fz,,xhand.py copies SDK order; xhand_control_ros2.cpp copies raw_force[k].fx/fy/fz,True
1333,observation.state,hand_tactile_sensor_3.raw_force_35.fx,tactile sensor 3 raw distributed force raw_idx 35 fx,xhand SDK sensor_data[3].raw_force[35].fx,,"measured sensor value, unless fallback",,,,state[1333]=sensor_data[3].raw_force[35].fx,,xhand.py copies SDK order; xhand_control_ros2.cpp copies raw_force[k].fx/fy/fz,True
1334,observation.state,hand_tactile_sensor_3.raw_force_35.fy,tactile sensor 3 raw distributed force raw_idx 35 fy,xhand SDK sensor_data[3].raw_force[35].fy,,"measured sensor value, unless fallback",,,,state[1334]=sensor_data[3].raw_force[35].fy,,xhand.py copies SDK order; xhand_control_ros2.cpp copies raw_force[k].fx/fy/fz,True
1335,observation.state,hand_tactile_sensor_3.raw_force_35.fz,tactile sensor 3 raw distributed force raw_idx 35 fz,xhand SDK sensor_data[3].raw_force[35].fz,,"measured sensor value, unless fallback",,,,state[1335]=sensor_data[3].raw_force[35].fz,,xhand.py copies SDK order; xhand_control_ros2.cpp copies raw_force[k].fx/fy/fz,True
1336,observation.state,hand_tactile_sensor_3.raw_force_36.fx,tactile sensor 3 raw distributed force raw_idx 36 fx,xhand SDK sensor_data[3].raw_force[36].fx,,"measured sensor value, unless fallback",,,,state[1336]=sensor_data[3].raw_force[36].fx,,xhand.py copies SDK order; xhand_control_ros2.cpp copies raw_force[k].fx/fy/fz,True
1337,observation.state,hand_tactile_sensor_3.raw_force_36.fy,tactile sensor 3 raw distributed force raw_idx 36 fy,xhand SDK sensor_data[3].raw_force[36].fy,,"measured sensor value, unless fallback",,,,state[1337]=sensor_data[3].raw_force[36].fy,,xhand.py copies SDK order; xhand_control_ros2.cpp copies raw_force[k].fx/fy/fz,True
1338,observation.state,hand_tactile_sensor_3.raw_force_36.fz,tactile sensor 3 raw distributed force raw_idx 36 fz,xhand SDK sensor_data[3].raw_force[36].fz,,"measured sensor value, unless fallback",,,,state[1338]=sensor_data[3].raw_force[36].fz,,xhand.py copies SDK order; xhand_control_ros2.cpp copies raw_force[k].fx/fy/fz,True
1339,observation.state,hand_tactile_sensor_3.raw_force_37.fx,tactile sensor 3 raw distributed force raw_idx 37 fx,xhand SDK sensor_data[3].raw_force[37].fx,,"measured sensor value, unless fallback",,,,state[1339]=sensor_data[3].raw_force[37].fx,,xhand.py copies SDK order; xhand_control_ros2.cpp copies raw_force[k].fx/fy/fz,True
1340,observation.state,hand_tactile_sensor_3.raw_force_37.fy,tactile sensor 3 raw distributed force raw_idx 37 fy,xhand SDK sensor_data[3].raw_force[37].fy,,"measured sensor value, unless fallback",,,,state[1340]=sensor_data[3].raw_force[37].fy,,xhand.py copies SDK order; xhand_control_ros2.cpp copies raw_force[k].fx/fy/fz,True
1341,observation.state,hand_tactile_sensor_3.raw_force_37.fz,tactile sensor 3 raw distributed force raw_idx 37 fz,xhand SDK sensor_data[3].raw_force[37].fz,,"measured sensor value, unless fallback",,,,state[1341]=sensor_data[3].raw_force[37].fz,,xhand.py copies SDK order; xhand_control_ros2.cpp copies raw_force[k].fx/fy/fz,True
1342,observation.state,hand_tactile_sensor_3.raw_force_38.fx,tactile sensor 3 raw distributed force raw_idx 38 fx,xhand SDK sensor_data[3].raw_force[38].fx,,"measured sensor value, unless fallback",,,,state[1342]=sensor_data[3].raw_force[38].fx,,xhand.py copies SDK order; xhand_control_ros2.cpp copies raw_force[k].fx/fy/fz,True
1343,observation.state,hand_tactile_sensor_3.raw_force_38.fy,tactile sensor 3 raw distributed force raw_idx 38 fy,xhand SDK sensor_data[3].raw_force[38].fy,,"measured sensor value, unless fallback",,,,state[1343]=sensor_data[3].raw_force[38].fy,,xhand.py copies SDK order; xhand_control_ros2.cpp copies raw_force[k].fx/fy/fz,True
1344,observation.state,hand_tactile_sensor_3.raw_force_38.fz,tactile sensor 3 raw distributed force raw_idx 38 fz,xhand SDK sensor_data[3].raw_force[38].fz,,"measured sensor value, unless fallback",,,,state[1344]=sensor_data[3].raw_force[38].fz,,xhand.py copies SDK order; xhand_control_ros2.cpp copies raw_force[k].fx/fy/fz,True
1345,observation.state,hand_tactile_sensor_3.raw_force_39.fx,tactile sensor 3 raw distributed force raw_idx 39 fx,xhand SDK sensor_data[3].raw_force[39].fx,,"measured sensor value, unless fallback",,,,state[1345]=sensor_data[3].raw_force[39].fx,,xhand.py copies SDK order; xhand_control_ros2.cpp copies raw_force[k].fx/fy/fz,True
1346,observation.state,hand_tactile_sensor_3.raw_force_39.fy,tactile sensor 3 raw distributed force raw_idx 39 fy,xhand SDK sensor_data[3].raw_force[39].fy,,"measured sensor value, unless fallback",,,,state[1346]=sensor_data[3].raw_force[39].fy,,xhand.py copies SDK order; xhand_control_ros2.cpp copies raw_force[k].fx/fy/fz,True
1347,observation.state,hand_tactile_sensor_3.raw_force_39.fz,tactile sensor 3 raw distributed force raw_idx 39 fz,xhand SDK sensor_data[3].raw_force[39].fz,,"measured sensor value, unless fallback",,,,state[1347]=sensor_data[3].raw_force[39].fz,,xhand.py copies SDK order; xhand_control_ros2.cpp copies raw_force[k].fx/fy/fz,True
1348,observation.state,hand_tactile_sensor_3.raw_force_40.fx,tactile sensor 3 raw distributed force raw_idx 40 fx,xhand SDK sensor_data[3].raw_force[40].fx,,"measured sensor value, unless fallback",,,,state[1348]=sensor_data[3].raw_force[40].fx,,xhand.py copies SDK order; xhand_control_ros2.cpp copies raw_force[k].fx/fy/fz,True
1349,observation.state,hand_tactile_sensor_3.raw_force_40.fy,tactile sensor 3 raw distributed force raw_idx 40 fy,xhand SDK sensor_data[3].raw_force[40].fy,,"measured sensor value, unless fallback",,,,state[1349]=sensor_data[3].raw_force[40].fy,,xhand.py copies SDK order; xhand_control_ros2.cpp copies raw_force[k].fx/fy/fz,True
1350,observation.state,hand_tactile_sensor_3.raw_force_40.fz,tactile sensor 3 raw distributed force raw_idx 40 fz,xhand SDK sensor_data[3].raw_force[40].fz,,"measured sensor value, unless fallback",,,,state[1350]=sensor_data[3].raw_force[40].fz,,xhand.py copies SDK order; xhand_control_ros2.cpp copies raw_force[k].fx/fy/fz,True
1351,observation.state,hand_tactile_sensor_3.raw_force_41.fx,tactile sensor 3 raw distributed force raw_idx 41 fx,xhand SDK sensor_data[3].raw_force[41].fx,,"measured sensor value, unless fallback",,,,state[1351]=sensor_data[3].raw_force[41].fx,,xhand.py copies SDK order; xhand_control_ros2.cpp copies raw_force[k].fx/fy/fz,True
1352,observation.state,hand_tactile_sensor_3.raw_force_41.fy,tactile sensor 3 raw distributed force raw_idx 41 fy,xhand SDK sensor_data[3].raw_force[41].fy,,"measured sensor value, unless fallback",,,,state[1352]=sensor_data[3].raw_force[41].fy,,xhand.py copies SDK order; xhand_control_ros2.cpp copies raw_force[k].fx/fy/fz,True
1353,observation.state,hand_tactile_sensor_3.raw_force_41.fz,tactile sensor 3 raw distributed force raw_idx 41 fz,xhand SDK sensor_data[3].raw_force[41].fz,,"measured sensor value, unless fallback",,,,state[1353]=sensor_data[3].raw_force[41].fz,,xhand.py copies SDK order; xhand_control_ros2.cpp copies raw_force[k].fx/fy/fz,True
1354,observation.state,hand_tactile_sensor_3.raw_force_42.fx,tactile sensor 3 raw distributed force raw_idx 42 fx,xhand SDK sensor_data[3].raw_force[42].fx,,"measured sensor value, unless fallback",,,,state[1354]=sensor_data[3].raw_force[42].fx,,xhand.py copies SDK order; xhand_control_ros2.cpp copies raw_force[k].fx/fy/fz,True
1355,observation.state,hand_tactile_sensor_3.raw_force_42.fy,tactile sensor 3 raw distributed force raw_idx 42 fy,xhand SDK sensor_data[3].raw_force[42].fy,,"measured sensor value, unless fallback",,,,state[1355]=sensor_data[3].raw_force[42].fy,,xhand.py copies SDK order; xhand_control_ros2.cpp copies raw_force[k].fx/fy/fz,True
1356,observation.state,hand_tactile_sensor_3.raw_force_42.fz,tactile sensor 3 raw distributed force raw_idx 42 fz,xhand SDK sensor_data[3].raw_force[42].fz,,"measured sensor value, unless fallback",,,,state[1356]=sensor_data[3].raw_force[42].fz,,xhand.py copies SDK order; xhand_control_ros2.cpp copies raw_force[k].fx/fy/fz,True
1357,observation.state,hand_tactile_sensor_3.raw_force_43.fx,tactile sensor 3 raw distributed force raw_idx 43 fx,xhand SDK sensor_data[3].raw_force[43].fx,,"measured sensor value, unless fallback",,,,state[1357]=sensor_data[3].raw_force[43].fx,,xhand.py copies SDK order; xhand_control_ros2.cpp copies raw_force[k].fx/fy/fz,True
1358,observation.state,hand_tactile_sensor_3.raw_force_43.fy,tactile sensor 3 raw distributed force raw_idx 43 fy,xhand SDK sensor_data[3].raw_force[43].fy,,"measured sensor value, unless fallback",,,,state[1358]=sensor_data[3].raw_force[43].fy,,xhand.py copies SDK order; xhand_control_ros2.cpp copies raw_force[k].fx/fy/fz,True
1359,observation.state,hand_tactile_sensor_3.raw_force_43.fz,tactile sensor 3 raw distributed force raw_idx 43 fz,xhand SDK sensor_data[3].raw_force[43].fz,,"measured sensor value, unless fallback",,,,state[1359]=sensor_data[3].raw_force[43].fz,,xhand.py copies SDK order; xhand_control_ros2.cpp copies raw_force[k].fx/fy/fz,True
1360,observation.state,hand_tactile_sensor_3.raw_force_44.fx,tactile sensor 3 raw distributed force raw_idx 44 fx,xhand SDK sensor_data[3].raw_force[44].fx,,"measured sensor value, unless fallback",,,,state[1360]=sensor_data[3].raw_force[44].fx,,xhand.py copies SDK order; xhand_control_ros2.cpp copies raw_force[k].fx/fy/fz,True
1361,observation.state,hand_tactile_sensor_3.raw_force_44.fy,tactile sensor 3 raw distributed force raw_idx 44 fy,xhand SDK sensor_data[3].raw_force[44].fy,,"measured sensor value, unless fallback",,,,state[1361]=sensor_data[3].raw_force[44].fy,,xhand.py copies SDK order; xhand_control_ros2.cpp copies raw_force[k].fx/fy/fz,True
1362,observation.state,hand_tactile_sensor_3.raw_force_44.fz,tactile sensor 3 raw distributed force raw_idx 44 fz,xhand SDK sensor_data[3].raw_force[44].fz,,"measured sensor value, unless fallback",,,,state[1362]=sensor_data[3].raw_force[44].fz,,xhand.py copies SDK order; xhand_control_ros2.cpp copies raw_force[k].fx/fy/fz,True
1363,observation.state,hand_tactile_sensor_3.raw_force_45.fx,tactile sensor 3 raw distributed force raw_idx 45 fx,xhand SDK sensor_data[3].raw_force[45].fx,,"measured sensor value, unless fallback",,,,state[1363]=sensor_data[3].raw_force[45].fx,,xhand.py copies SDK order; xhand_control_ros2.cpp copies raw_force[k].fx/fy/fz,True
1364,observation.state,hand_tactile_sensor_3.raw_force_45.fy,tactile sensor 3 raw distributed force raw_idx 45 fy,xhand SDK sensor_data[3].raw_force[45].fy,,"measured sensor value, unless fallback",,,,state[1364]=sensor_data[3].raw_force[45].fy,,xhand.py copies SDK order; xhand_control_ros2.cpp copies raw_force[k].fx/fy/fz,True
1365,observation.state,hand_tactile_sensor_3.raw_force_45.fz,tactile sensor 3 raw distributed force raw_idx 45 fz,xhand SDK sensor_data[3].raw_force[45].fz,,"measured sensor value, unless fallback",,,,state[1365]=sensor_data[3].raw_force[45].fz,,xhand.py copies SDK order; xhand_control_ros2.cpp copies raw_force[k].fx/fy/fz,True
1366,observation.state,hand_tactile_sensor_3.raw_force_46.fx,tactile sensor 3 raw distributed force raw_idx 46 fx,xhand SDK sensor_data[3].raw_force[46].fx,,"measured sensor value, unless fallback",,,,state[1366]=sensor_data[3].raw_force[46].fx,,xhand.py copies SDK order; xhand_control_ros2.cpp copies raw_force[k].fx/fy/fz,True
1367,observation.state,hand_tactile_sensor_3.raw_force_46.fy,tactile sensor 3 raw distributed force raw_idx 46 fy,xhand SDK sensor_data[3].raw_force[46].fy,,"measured sensor value, unless fallback",,,,state[1367]=sensor_data[3].raw_force[46].fy,,xhand.py copies SDK order; xhand_control_ros2.cpp copies raw_force[k].fx/fy/fz,True
1368,observation.state,hand_tactile_sensor_3.raw_force_46.fz,tactile sensor 3 raw distributed force raw_idx 46 fz,xhand SDK sensor_data[3].raw_force[46].fz,,"measured sensor value, unless fallback",,,,state[1368]=sensor_data[3].raw_force[46].fz,,xhand.py copies SDK order; xhand_control_ros2.cpp copies raw_force[k].fx/fy/fz,True
1369,observation.state,hand_tactile_sensor_3.raw_force_47.fx,tactile sensor 3 raw distributed force raw_idx 47 fx,xhand SDK sensor_data[3].raw_force[47].fx,,"measured sensor value, unless fallback",,,,state[1369]=sensor_data[3].raw_force[47].fx,,xhand.py copies SDK order; xhand_control_ros2.cpp copies raw_force[k].fx/fy/fz,True
1370,observation.state,hand_tactile_sensor_3.raw_force_47.fy,tactile sensor 3 raw distributed force raw_idx 47 fy,xhand SDK sensor_data[3].raw_force[47].fy,,"measured sensor value, unless fallback",,,,state[1370]=sensor_data[3].raw_force[47].fy,,xhand.py copies SDK order; xhand_control_ros2.cpp copies raw_force[k].fx/fy/fz,True
1371,observation.state,hand_tactile_sensor_3.raw_force_47.fz,tactile sensor 3 raw distributed force raw_idx 47 fz,xhand SDK sensor_data[3].raw_force[47].fz,,"measured sensor value, unless fallback",,,,state[1371]=sensor_data[3].raw_force[47].fz,,xhand.py copies SDK order; xhand_control_ros2.cpp copies raw_force[k].fx/fy/fz,True
1372,observation.state,hand_tactile_sensor_3.raw_force_48.fx,tactile sensor 3 raw distributed force raw_idx 48 fx,xhand SDK sensor_data[3].raw_force[48].fx,,"measured sensor value, unless fallback",,,,state[1372]=sensor_data[3].raw_force[48].fx,,xhand.py copies SDK order; xhand_control_ros2.cpp copies raw_force[k].fx/fy/fz,True
1373,observation.state,hand_tactile_sensor_3.raw_force_48.fy,tactile sensor 3 raw distributed force raw_idx 48 fy,xhand SDK sensor_data[3].raw_force[48].fy,,"measured sensor value, unless fallback",,,,state[1373]=sensor_data[3].raw_force[48].fy,,xhand.py copies SDK order; xhand_control_ros2.cpp copies raw_force[k].fx/fy/fz,True
1374,observation.state,hand_tactile_sensor_3.raw_force_48.fz,tactile sensor 3 raw distributed force raw_idx 48 fz,xhand SDK sensor_data[3].raw_force[48].fz,,"measured sensor value, unless fallback",,,,state[1374]=sensor_data[3].raw_force[48].fz,,xhand.py copies SDK order; xhand_control_ros2.cpp copies raw_force[k].fx/fy/fz,True
1375,observation.state,hand_tactile_sensor_3.raw_force_49.fx,tactile sensor 3 raw distributed force raw_idx 49 fx,xhand SDK sensor_data[3].raw_force[49].fx,,"measured sensor value, unless fallback",,,,state[1375]=sensor_data[3].raw_force[49].fx,,xhand.py copies SDK order; xhand_control_ros2.cpp copies raw_force[k].fx/fy/fz,True
1376,observation.state,hand_tactile_sensor_3.raw_force_49.fy,tactile sensor 3 raw distributed force raw_idx 49 fy,xhand SDK sensor_data[3].raw_force[49].fy,,"measured sensor value, unless fallback",,,,state[1376]=sensor_data[3].raw_force[49].fy,,xhand.py copies SDK order; xhand_control_ros2.cpp copies raw_force[k].fx/fy/fz,True
1377,observation.state,hand_tactile_sensor_3.raw_force_49.fz,tactile sensor 3 raw distributed force raw_idx 49 fz,xhand SDK sensor_data[3].raw_force[49].fz,,"measured sensor value, unless fallback",,,,state[1377]=sensor_data[3].raw_force[49].fz,,xhand.py copies SDK order; xhand_control_ros2.cpp copies raw_force[k].fx/fy/fz,True
1378,observation.state,hand_tactile_sensor_3.raw_force_50.fx,tactile sensor 3 raw distributed force raw_idx 50 fx,xhand SDK sensor_data[3].raw_force[50].fx,,"measured sensor value, unless fallback",,,,state[1378]=sensor_data[3].raw_force[50].fx,,xhand.py copies SDK order; xhand_control_ros2.cpp copies raw_force[k].fx/fy/fz,True
1379,observation.state,hand_tactile_sensor_3.raw_force_50.fy,tactile sensor 3 raw distributed force raw_idx 50 fy,xhand SDK sensor_data[3].raw_force[50].fy,,"measured sensor value, unless fallback",,,,state[1379]=sensor_data[3].raw_force[50].fy,,xhand.py copies SDK order; xhand_control_ros2.cpp copies raw_force[k].fx/fy/fz,True
1380,observation.state,hand_tactile_sensor_3.raw_force_50.fz,tactile sensor 3 raw distributed force raw_idx 50 fz,xhand SDK sensor_data[3].raw_force[50].fz,,"measured sensor value, unless fallback",,,,state[1380]=sensor_data[3].raw_force[50].fz,,xhand.py copies SDK order; xhand_control_ros2.cpp copies raw_force[k].fx/fy/fz,True
1381,observation.state,hand_tactile_sensor_3.raw_force_51.fx,tactile sensor 3 raw distributed force raw_idx 51 fx,xhand SDK sensor_data[3].raw_force[51].fx,,"measured sensor value, unless fallback",,,,state[1381]=sensor_data[3].raw_force[51].fx,,xhand.py copies SDK order; xhand_control_ros2.cpp copies raw_force[k].fx/fy/fz,True
1382,observation.state,hand_tactile_sensor_3.raw_force_51.fy,tactile sensor 3 raw distributed force raw_idx 51 fy,xhand SDK sensor_data[3].raw_force[51].fy,,"measured sensor value, unless fallback",,,,state[1382]=sensor_data[3].raw_force[51].fy,,xhand.py copies SDK order; xhand_control_ros2.cpp copies raw_force[k].fx/fy/fz,True
1383,observation.state,hand_tactile_sensor_3.raw_force_51.fz,tactile sensor 3 raw distributed force raw_idx 51 fz,xhand SDK sensor_data[3].raw_force[51].fz,,"measured sensor value, unless fallback",,,,state[1383]=sensor_data[3].raw_force[51].fz,,xhand.py copies SDK order; xhand_control_ros2.cpp copies raw_force[k].fx/fy/fz,True
1384,observation.state,hand_tactile_sensor_3.raw_force_52.fx,tactile sensor 3 raw distributed force raw_idx 52 fx,xhand SDK sensor_data[3].raw_force[52].fx,,"measured sensor value, unless fallback",,,,state[1384]=sensor_data[3].raw_force[52].fx,,xhand.py copies SDK order; xhand_control_ros2.cpp copies raw_force[k].fx/fy/fz,True
1385,observation.state,hand_tactile_sensor_3.raw_force_52.fy,tactile sensor 3 raw distributed force raw_idx 52 fy,xhand SDK sensor_data[3].raw_force[52].fy,,"measured sensor value, unless fallback",,,,state[1385]=sensor_data[3].raw_force[52].fy,,xhand.py copies SDK order; xhand_control_ros2.cpp copies raw_force[k].fx/fy/fz,True
1386,observation.state,hand_tactile_sensor_3.raw_force_52.fz,tactile sensor 3 raw distributed force raw_idx 52 fz,xhand SDK sensor_data[3].raw_force[52].fz,,"measured sensor value, unless fallback",,,,state[1386]=sensor_data[3].raw_force[52].fz,,xhand.py copies SDK order; xhand_control_ros2.cpp copies raw_force[k].fx/fy/fz,True
1387,observation.state,hand_tactile_sensor_3.raw_force_53.fx,tactile sensor 3 raw distributed force raw_idx 53 fx,xhand SDK sensor_data[3].raw_force[53].fx,,"measured sensor value, unless fallback",,,,state[1387]=sensor_data[3].raw_force[53].fx,,xhand.py copies SDK order; xhand_control_ros2.cpp copies raw_force[k].fx/fy/fz,True
1388,observation.state,hand_tactile_sensor_3.raw_force_53.fy,tactile sensor 3 raw distributed force raw_idx 53 fy,xhand SDK sensor_data[3].raw_force[53].fy,,"measured sensor value, unless fallback",,,,state[1388]=sensor_data[3].raw_force[53].fy,,xhand.py copies SDK order; xhand_control_ros2.cpp copies raw_force[k].fx/fy/fz,True
1389,observation.state,hand_tactile_sensor_3.raw_force_53.fz,tactile sensor 3 raw distributed force raw_idx 53 fz,xhand SDK sensor_data[3].raw_force[53].fz,,"measured sensor value, unless fallback",,,,state[1389]=sensor_data[3].raw_force[53].fz,,xhand.py copies SDK order; xhand_control_ros2.cpp copies raw_force[k].fx/fy/fz,True
1390,observation.state,hand_tactile_sensor_3.raw_force_54.fx,tactile sensor 3 raw distributed force raw_idx 54 fx,xhand SDK sensor_data[3].raw_force[54].fx,,"measured sensor value, unless fallback",,,,state[1390]=sensor_data[3].raw_force[54].fx,,xhand.py copies SDK order; xhand_control_ros2.cpp copies raw_force[k].fx/fy/fz,True
1391,observation.state,hand_tactile_sensor_3.raw_force_54.fy,tactile sensor 3 raw distributed force raw_idx 54 fy,xhand SDK sensor_data[3].raw_force[54].fy,,"measured sensor value, unless fallback",,,,state[1391]=sensor_data[3].raw_force[54].fy,,xhand.py copies SDK order; xhand_control_ros2.cpp copies raw_force[k].fx/fy/fz,True
1392,observation.state,hand_tactile_sensor_3.raw_force_54.fz,tactile sensor 3 raw distributed force raw_idx 54 fz,xhand SDK sensor_data[3].raw_force[54].fz,,"measured sensor value, unless fallback",,,,state[1392]=sensor_data[3].raw_force[54].fz,,xhand.py copies SDK order; xhand_control_ros2.cpp copies raw_force[k].fx/fy/fz,True
1393,observation.state,hand_tactile_sensor_3.raw_force_55.fx,tactile sensor 3 raw distributed force raw_idx 55 fx,xhand SDK sensor_data[3].raw_force[55].fx,,"measured sensor value, unless fallback",,,,state[1393]=sensor_data[3].raw_force[55].fx,,xhand.py copies SDK order; xhand_control_ros2.cpp copies raw_force[k].fx/fy/fz,True
1394,observation.state,hand_tactile_sensor_3.raw_force_55.fy,tactile sensor 3 raw distributed force raw_idx 55 fy,xhand SDK sensor_data[3].raw_force[55].fy,,"measured sensor value, unless fallback",,,,state[1394]=sensor_data[3].raw_force[55].fy,,xhand.py copies SDK order; xhand_control_ros2.cpp copies raw_force[k].fx/fy/fz,True
1395,observation.state,hand_tactile_sensor_3.raw_force_55.fz,tactile sensor 3 raw distributed force raw_idx 55 fz,xhand SDK sensor_data[3].raw_force[55].fz,,"measured sensor value, unless fallback",,,,state[1395]=sensor_data[3].raw_force[55].fz,,xhand.py copies SDK order; xhand_control_ros2.cpp copies raw_force[k].fx/fy/fz,True
1396,observation.state,hand_tactile_sensor_3.raw_force_56.fx,tactile sensor 3 raw distributed force raw_idx 56 fx,xhand SDK sensor_data[3].raw_force[56].fx,,"measured sensor value, unless fallback",,,,state[1396]=sensor_data[3].raw_force[56].fx,,xhand.py copies SDK order; xhand_control_ros2.cpp copies raw_force[k].fx/fy/fz,True
1397,observation.state,hand_tactile_sensor_3.raw_force_56.fy,tactile sensor 3 raw distributed force raw_idx 56 fy,xhand SDK sensor_data[3].raw_force[56].fy,,"measured sensor value, unless fallback",,,,state[1397]=sensor_data[3].raw_force[56].fy,,xhand.py copies SDK order; xhand_control_ros2.cpp copies raw_force[k].fx/fy/fz,True
1398,observation.state,hand_tactile_sensor_3.raw_force_56.fz,tactile sensor 3 raw distributed force raw_idx 56 fz,xhand SDK sensor_data[3].raw_force[56].fz,,"measured sensor value, unless fallback",,,,state[1398]=sensor_data[3].raw_force[56].fz,,xhand.py copies SDK order; xhand_control_ros2.cpp copies raw_force[k].fx/fy/fz,True
1399,observation.state,hand_tactile_sensor_3.raw_force_57.fx,tactile sensor 3 raw distributed force raw_idx 57 fx,xhand SDK sensor_data[3].raw_force[57].fx,,"measured sensor value, unless fallback",,,,state[1399]=sensor_data[3].raw_force[57].fx,,xhand.py copies SDK order; xhand_control_ros2.cpp copies raw_force[k].fx/fy/fz,True
1400,observation.state,hand_tactile_sensor_3.raw_force_57.fy,tactile sensor 3 raw distributed force raw_idx 57 fy,xhand SDK sensor_data[3].raw_force[57].fy,,"measured sensor value, unless fallback",,,,state[1400]=sensor_data[3].raw_force[57].fy,,xhand.py copies SDK order; xhand_control_ros2.cpp copies raw_force[k].fx/fy/fz,True
1401,observation.state,hand_tactile_sensor_3.raw_force_57.fz,tactile sensor 3 raw distributed force raw_idx 57 fz,xhand SDK sensor_data[3].raw_force[57].fz,,"measured sensor value, unless fallback",,,,state[1401]=sensor_data[3].raw_force[57].fz,,xhand.py copies SDK order; xhand_control_ros2.cpp copies raw_force[k].fx/fy/fz,True
1402,observation.state,hand_tactile_sensor_3.raw_force_58.fx,tactile sensor 3 raw distributed force raw_idx 58 fx,xhand SDK sensor_data[3].raw_force[58].fx,,"measured sensor value, unless fallback",,,,state[1402]=sensor_data[3].raw_force[58].fx,,xhand.py copies SDK order; xhand_control_ros2.cpp copies raw_force[k].fx/fy/fz,True
1403,observation.state,hand_tactile_sensor_3.raw_force_58.fy,tactile sensor 3 raw distributed force raw_idx 58 fy,xhand SDK sensor_data[3].raw_force[58].fy,,"measured sensor value, unless fallback",,,,state[1403]=sensor_data[3].raw_force[58].fy,,xhand.py copies SDK order; xhand_control_ros2.cpp copies raw_force[k].fx/fy/fz,True
1404,observation.state,hand_tactile_sensor_3.raw_force_58.fz,tactile sensor 3 raw distributed force raw_idx 58 fz,xhand SDK sensor_data[3].raw_force[58].fz,,"measured sensor value, unless fallback",,,,state[1404]=sensor_data[3].raw_force[58].fz,,xhand.py copies SDK order; xhand_control_ros2.cpp copies raw_force[k].fx/fy/fz,True
1405,observation.state,hand_tactile_sensor_3.raw_force_59.fx,tactile sensor 3 raw distributed force raw_idx 59 fx,xhand SDK sensor_data[3].raw_force[59].fx,,"measured sensor value, unless fallback",,,,state[1405]=sensor_data[3].raw_force[59].fx,,xhand.py copies SDK order; xhand_control_ros2.cpp copies raw_force[k].fx/fy/fz,True
1406,observation.state,hand_tactile_sensor_3.raw_force_59.fy,tactile sensor 3 raw distributed force raw_idx 59 fy,xhand SDK sensor_data[3].raw_force[59].fy,,"measured sensor value, unless fallback",,,,state[1406]=sensor_data[3].raw_force[59].fy,,xhand.py copies SDK order; xhand_control_ros2.cpp copies raw_force[k].fx/fy/fz,True
1407,observation.state,hand_tactile_sensor_3.raw_force_59.fz,tactile sensor 3 raw distributed force raw_idx 59 fz,xhand SDK sensor_data[3].raw_force[59].fz,,"measured sensor value, unless fallback",,,,state[1407]=sensor_data[3].raw_force[59].fz,,xhand.py copies SDK order; xhand_control_ros2.cpp copies raw_force[k].fx/fy/fz,True
1408,observation.state,hand_tactile_sensor_3.raw_force_60.fx,tactile sensor 3 raw distributed force raw_idx 60 fx,xhand SDK sensor_data[3].raw_force[60].fx,,"measured sensor value, unless fallback",,,,state[1408]=sensor_data[3].raw_force[60].fx,,xhand.py copies SDK order; xhand_control_ros2.cpp copies raw_force[k].fx/fy/fz,True
1409,observation.state,hand_tactile_sensor_3.raw_force_60.fy,tactile sensor 3 raw distributed force raw_idx 60 fy,xhand SDK sensor_data[3].raw_force[60].fy,,"measured sensor value, unless fallback",,,,state[1409]=sensor_data[3].raw_force[60].fy,,xhand.py copies SDK order; xhand_control_ros2.cpp copies raw_force[k].fx/fy/fz,True
1410,observation.state,hand_tactile_sensor_3.raw_force_60.fz,tactile sensor 3 raw distributed force raw_idx 60 fz,xhand SDK sensor_data[3].raw_force[60].fz,,"measured sensor value, unless fallback",,,,state[1410]=sensor_data[3].raw_force[60].fz,,xhand.py copies SDK order; xhand_control_ros2.cpp copies raw_force[k].fx/fy/fz,True
1411,observation.state,hand_tactile_sensor_3.raw_force_61.fx,tactile sensor 3 raw distributed force raw_idx 61 fx,xhand SDK sensor_data[3].raw_force[61].fx,,"measured sensor value, unless fallback",,,,state[1411]=sensor_data[3].raw_force[61].fx,,xhand.py copies SDK order; xhand_control_ros2.cpp copies raw_force[k].fx/fy/fz,True
1412,observation.state,hand_tactile_sensor_3.raw_force_61.fy,tactile sensor 3 raw distributed force raw_idx 61 fy,xhand SDK sensor_data[3].raw_force[61].fy,,"measured sensor value, unless fallback",,,,state[1412]=sensor_data[3].raw_force[61].fy,,xhand.py copies SDK order; xhand_control_ros2.cpp copies raw_force[k].fx/fy/fz,True
1413,observation.state,hand_tactile_sensor_3.raw_force_61.fz,tactile sensor 3 raw distributed force raw_idx 61 fz,xhand SDK sensor_data[3].raw_force[61].fz,,"measured sensor value, unless fallback",,,,state[1413]=sensor_data[3].raw_force[61].fz,,xhand.py copies SDK order; xhand_control_ros2.cpp copies raw_force[k].fx/fy/fz,True
1414,observation.state,hand_tactile_sensor_3.raw_force_62.fx,tactile sensor 3 raw distributed force raw_idx 62 fx,xhand SDK sensor_data[3].raw_force[62].fx,,"measured sensor value, unless fallback",,,,state[1414]=sensor_data[3].raw_force[62].fx,,xhand.py copies SDK order; xhand_control_ros2.cpp copies raw_force[k].fx/fy/fz,True
1415,observation.state,hand_tactile_sensor_3.raw_force_62.fy,tactile sensor 3 raw distributed force raw_idx 62 fy,xhand SDK sensor_data[3].raw_force[62].fy,,"measured sensor value, unless fallback",,,,state[1415]=sensor_data[3].raw_force[62].fy,,xhand.py copies SDK order; xhand_control_ros2.cpp copies raw_force[k].fx/fy/fz,True
1416,observation.state,hand_tactile_sensor_3.raw_force_62.fz,tactile sensor 3 raw distributed force raw_idx 62 fz,xhand SDK sensor_data[3].raw_force[62].fz,,"measured sensor value, unless fallback",,,,state[1416]=sensor_data[3].raw_force[62].fz,,xhand.py copies SDK order; xhand_control_ros2.cpp copies raw_force[k].fx/fy/fz,True
1417,observation.state,hand_tactile_sensor_3.raw_force_63.fx,tactile sensor 3 raw distributed force raw_idx 63 fx,xhand SDK sensor_data[3].raw_force[63].fx,,"measured sensor value, unless fallback",,,,state[1417]=sensor_data[3].raw_force[63].fx,,xhand.py copies SDK order; xhand_control_ros2.cpp copies raw_force[k].fx/fy/fz,True
1418,observation.state,hand_tactile_sensor_3.raw_force_63.fy,tactile sensor 3 raw distributed force raw_idx 63 fy,xhand SDK sensor_data[3].raw_force[63].fy,,"measured sensor value, unless fallback",,,,state[1418]=sensor_data[3].raw_force[63].fy,,xhand.py copies SDK order; xhand_control_ros2.cpp copies raw_force[k].fx/fy/fz,True
1419,observation.state,hand_tactile_sensor_3.raw_force_63.fz,tactile sensor 3 raw distributed force raw_idx 63 fz,xhand SDK sensor_data[3].raw_force[63].fz,,"measured sensor value, unless fallback",,,,state[1419]=sensor_data[3].raw_force[63].fz,,xhand.py copies SDK order; xhand_control_ros2.cpp copies raw_force[k].fx/fy/fz,True
1420,observation.state,hand_tactile_sensor_3.raw_force_64.fx,tactile sensor 3 raw distributed force raw_idx 64 fx,xhand SDK sensor_data[3].raw_force[64].fx,,"measured sensor value, unless fallback",,,,state[1420]=sensor_data[3].raw_force[64].fx,,xhand.py copies SDK order; xhand_control_ros2.cpp copies raw_force[k].fx/fy/fz,True
1421,observation.state,hand_tactile_sensor_3.raw_force_64.fy,tactile sensor 3 raw distributed force raw_idx 64 fy,xhand SDK sensor_data[3].raw_force[64].fy,,"measured sensor value, unless fallback",,,,state[1421]=sensor_data[3].raw_force[64].fy,,xhand.py copies SDK order; xhand_control_ros2.cpp copies raw_force[k].fx/fy/fz,True
1422,observation.state,hand_tactile_sensor_3.raw_force_64.fz,tactile sensor 3 raw distributed force raw_idx 64 fz,xhand SDK sensor_data[3].raw_force[64].fz,,"measured sensor value, unless fallback",,,,state[1422]=sensor_data[3].raw_force[64].fz,,xhand.py copies SDK order; xhand_control_ros2.cpp copies raw_force[k].fx/fy/fz,True
1423,observation.state,hand_tactile_sensor_3.raw_force_65.fx,tactile sensor 3 raw distributed force raw_idx 65 fx,xhand SDK sensor_data[3].raw_force[65].fx,,"measured sensor value, unless fallback",,,,state[1423]=sensor_data[3].raw_force[65].fx,,xhand.py copies SDK order; xhand_control_ros2.cpp copies raw_force[k].fx/fy/fz,True
1424,observation.state,hand_tactile_sensor_3.raw_force_65.fy,tactile sensor 3 raw distributed force raw_idx 65 fy,xhand SDK sensor_data[3].raw_force[65].fy,,"measured sensor value, unless fallback",,,,state[1424]=sensor_data[3].raw_force[65].fy,,xhand.py copies SDK order; xhand_control_ros2.cpp copies raw_force[k].fx/fy/fz,True
1425,observation.state,hand_tactile_sensor_3.raw_force_65.fz,tactile sensor 3 raw distributed force raw_idx 65 fz,xhand SDK sensor_data[3].raw_force[65].fz,,"measured sensor value, unless fallback",,,,state[1425]=sensor_data[3].raw_force[65].fz,,xhand.py copies SDK order; xhand_control_ros2.cpp copies raw_force[k].fx/fy/fz,True
1426,observation.state,hand_tactile_sensor_3.raw_force_66.fx,tactile sensor 3 raw distributed force raw_idx 66 fx,xhand SDK sensor_data[3].raw_force[66].fx,,"measured sensor value, unless fallback",,,,state[1426]=sensor_data[3].raw_force[66].fx,,xhand.py copies SDK order; xhand_control_ros2.cpp copies raw_force[k].fx/fy/fz,True
1427,observation.state,hand_tactile_sensor_3.raw_force_66.fy,tactile sensor 3 raw distributed force raw_idx 66 fy,xhand SDK sensor_data[3].raw_force[66].fy,,"measured sensor value, unless fallback",,,,state[1427]=sensor_data[3].raw_force[66].fy,,xhand.py copies SDK order; xhand_control_ros2.cpp copies raw_force[k].fx/fy/fz,True
1428,observation.state,hand_tactile_sensor_3.raw_force_66.fz,tactile sensor 3 raw distributed force raw_idx 66 fz,xhand SDK sensor_data[3].raw_force[66].fz,,"measured sensor value, unless fallback",,,,state[1428]=sensor_data[3].raw_force[66].fz,,xhand.py copies SDK order; xhand_control_ros2.cpp copies raw_force[k].fx/fy/fz,True
1429,observation.state,hand_tactile_sensor_3.raw_force_67.fx,tactile sensor 3 raw distributed force raw_idx 67 fx,xhand SDK sensor_data[3].raw_force[67].fx,,"measured sensor value, unless fallback",,,,state[1429]=sensor_data[3].raw_force[67].fx,,xhand.py copies SDK order; xhand_control_ros2.cpp copies raw_force[k].fx/fy/fz,True
1430,observation.state,hand_tactile_sensor_3.raw_force_67.fy,tactile sensor 3 raw distributed force raw_idx 67 fy,xhand SDK sensor_data[3].raw_force[67].fy,,"measured sensor value, unless fallback",,,,state[1430]=sensor_data[3].raw_force[67].fy,,xhand.py copies SDK order; xhand_control_ros2.cpp copies raw_force[k].fx/fy/fz,True
1431,observation.state,hand_tactile_sensor_3.raw_force_67.fz,tactile sensor 3 raw distributed force raw_idx 67 fz,xhand SDK sensor_data[3].raw_force[67].fz,,"measured sensor value, unless fallback",,,,state[1431]=sensor_data[3].raw_force[67].fz,,xhand.py copies SDK order; xhand_control_ros2.cpp copies raw_force[k].fx/fy/fz,True
1432,observation.state,hand_tactile_sensor_3.raw_force_68.fx,tactile sensor 3 raw distributed force raw_idx 68 fx,xhand SDK sensor_data[3].raw_force[68].fx,,"measured sensor value, unless fallback",,,,state[1432]=sensor_data[3].raw_force[68].fx,,xhand.py copies SDK order; xhand_control_ros2.cpp copies raw_force[k].fx/fy/fz,True
1433,observation.state,hand_tactile_sensor_3.raw_force_68.fy,tactile sensor 3 raw distributed force raw_idx 68 fy,xhand SDK sensor_data[3].raw_force[68].fy,,"measured sensor value, unless fallback",,,,state[1433]=sensor_data[3].raw_force[68].fy,,xhand.py copies SDK order; xhand_control_ros2.cpp copies raw_force[k].fx/fy/fz,True
1434,observation.state,hand_tactile_sensor_3.raw_force_68.fz,tactile sensor 3 raw distributed force raw_idx 68 fz,xhand SDK sensor_data[3].raw_force[68].fz,,"measured sensor value, unless fallback",,,,state[1434]=sensor_data[3].raw_force[68].fz,,xhand.py copies SDK order; xhand_control_ros2.cpp copies raw_force[k].fx/fy/fz,True
1435,observation.state,hand_tactile_sensor_3.raw_force_69.fx,tactile sensor 3 raw distributed force raw_idx 69 fx,xhand SDK sensor_data[3].raw_force[69].fx,,"measured sensor value, unless fallback",,,,state[1435]=sensor_data[3].raw_force[69].fx,,xhand.py copies SDK order; xhand_control_ros2.cpp copies raw_force[k].fx/fy/fz,True
1436,observation.state,hand_tactile_sensor_3.raw_force_69.fy,tactile sensor 3 raw distributed force raw_idx 69 fy,xhand SDK sensor_data[3].raw_force[69].fy,,"measured sensor value, unless fallback",,,,state[1436]=sensor_data[3].raw_force[69].fy,,xhand.py copies SDK order; xhand_control_ros2.cpp copies raw_force[k].fx/fy/fz,True
1437,observation.state,hand_tactile_sensor_3.raw_force_69.fz,tactile sensor 3 raw distributed force raw_idx 69 fz,xhand SDK sensor_data[3].raw_force[69].fz,,"measured sensor value, unless fallback",,,,state[1437]=sensor_data[3].raw_force[69].fz,,xhand.py copies SDK order; xhand_control_ros2.cpp copies raw_force[k].fx/fy/fz,True
1438,observation.state,hand_tactile_sensor_3.raw_force_70.fx,tactile sensor 3 raw distributed force raw_idx 70 fx,xhand SDK sensor_data[3].raw_force[70].fx,,"measured sensor value, unless fallback",,,,state[1438]=sensor_data[3].raw_force[70].fx,,xhand.py copies SDK order; xhand_control_ros2.cpp copies raw_force[k].fx/fy/fz,True
1439,observation.state,hand_tactile_sensor_3.raw_force_70.fy,tactile sensor 3 raw distributed force raw_idx 70 fy,xhand SDK sensor_data[3].raw_force[70].fy,,"measured sensor value, unless fallback",,,,state[1439]=sensor_data[3].raw_force[70].fy,,xhand.py copies SDK order; xhand_control_ros2.cpp copies raw_force[k].fx/fy/fz,True
1440,observation.state,hand_tactile_sensor_3.raw_force_70.fz,tactile sensor 3 raw distributed force raw_idx 70 fz,xhand SDK sensor_data[3].raw_force[70].fz,,"measured sensor value, unless fallback",,,,state[1440]=sensor_data[3].raw_force[70].fz,,xhand.py copies SDK order; xhand_control_ros2.cpp copies raw_force[k].fx/fy/fz,True
1441,observation.state,hand_tactile_sensor_3.raw_force_71.fx,tactile sensor 3 raw distributed force raw_idx 71 fx,xhand SDK sensor_data[3].raw_force[71].fx,,"measured sensor value, unless fallback",,,,state[1441]=sensor_data[3].raw_force[71].fx,,xhand.py copies SDK order; xhand_control_ros2.cpp copies raw_force[k].fx/fy/fz,True
1442,observation.state,hand_tactile_sensor_3.raw_force_71.fy,tactile sensor 3 raw distributed force raw_idx 71 fy,xhand SDK sensor_data[3].raw_force[71].fy,,"measured sensor value, unless fallback",,,,state[1442]=sensor_data[3].raw_force[71].fy,,xhand.py copies SDK order; xhand_control_ros2.cpp copies raw_force[k].fx/fy/fz,True
1443,observation.state,hand_tactile_sensor_3.raw_force_71.fz,tactile sensor 3 raw distributed force raw_idx 71 fz,xhand SDK sensor_data[3].raw_force[71].fz,,"measured sensor value, unless fallback",,,,state[1443]=sensor_data[3].raw_force[71].fz,,xhand.py copies SDK order; xhand_control_ros2.cpp copies raw_force[k].fx/fy/fz,True
1444,observation.state,hand_tactile_sensor_3.raw_force_72.fx,tactile sensor 3 raw distributed force raw_idx 72 fx,xhand SDK sensor_data[3].raw_force[72].fx,,"measured sensor value, unless fallback",,,,state[1444]=sensor_data[3].raw_force[72].fx,,xhand.py copies SDK order; xhand_control_ros2.cpp copies raw_force[k].fx/fy/fz,True
1445,observation.state,hand_tactile_sensor_3.raw_force_72.fy,tactile sensor 3 raw distributed force raw_idx 72 fy,xhand SDK sensor_data[3].raw_force[72].fy,,"measured sensor value, unless fallback",,,,state[1445]=sensor_data[3].raw_force[72].fy,,xhand.py copies SDK order; xhand_control_ros2.cpp copies raw_force[k].fx/fy/fz,True
1446,observation.state,hand_tactile_sensor_3.raw_force_72.fz,tactile sensor 3 raw distributed force raw_idx 72 fz,xhand SDK sensor_data[3].raw_force[72].fz,,"measured sensor value, unless fallback",,,,state[1446]=sensor_data[3].raw_force[72].fz,,xhand.py copies SDK order; xhand_control_ros2.cpp copies raw_force[k].fx/fy/fz,True
1447,observation.state,hand_tactile_sensor_3.raw_force_73.fx,tactile sensor 3 raw distributed force raw_idx 73 fx,xhand SDK sensor_data[3].raw_force[73].fx,,"measured sensor value, unless fallback",,,,state[1447]=sensor_data[3].raw_force[73].fx,,xhand.py copies SDK order; xhand_control_ros2.cpp copies raw_force[k].fx/fy/fz,True
1448,observation.state,hand_tactile_sensor_3.raw_force_73.fy,tactile sensor 3 raw distributed force raw_idx 73 fy,xhand SDK sensor_data[3].raw_force[73].fy,,"measured sensor value, unless fallback",,,,state[1448]=sensor_data[3].raw_force[73].fy,,xhand.py copies SDK order; xhand_control_ros2.cpp copies raw_force[k].fx/fy/fz,True
1449,observation.state,hand_tactile_sensor_3.raw_force_73.fz,tactile sensor 3 raw distributed force raw_idx 73 fz,xhand SDK sensor_data[3].raw_force[73].fz,,"measured sensor value, unless fallback",,,,state[1449]=sensor_data[3].raw_force[73].fz,,xhand.py copies SDK order; xhand_control_ros2.cpp copies raw_force[k].fx/fy/fz,True
1450,observation.state,hand_tactile_sensor_3.raw_force_74.fx,tactile sensor 3 raw distributed force raw_idx 74 fx,xhand SDK sensor_data[3].raw_force[74].fx,,"measured sensor value, unless fallback",,,,state[1450]=sensor_data[3].raw_force[74].fx,,xhand.py copies SDK order; xhand_control_ros2.cpp copies raw_force[k].fx/fy/fz,True
1451,observation.state,hand_tactile_sensor_3.raw_force_74.fy,tactile sensor 3 raw distributed force raw_idx 74 fy,xhand SDK sensor_data[3].raw_force[74].fy,,"measured sensor value, unless fallback",,,,state[1451]=sensor_data[3].raw_force[74].fy,,xhand.py copies SDK order; xhand_control_ros2.cpp copies raw_force[k].fx/fy/fz,True
1452,observation.state,hand_tactile_sensor_3.raw_force_74.fz,tactile sensor 3 raw distributed force raw_idx 74 fz,xhand SDK sensor_data[3].raw_force[74].fz,,"measured sensor value, unless fallback",,,,state[1452]=sensor_data[3].raw_force[74].fz,,xhand.py copies SDK order; xhand_control_ros2.cpp copies raw_force[k].fx/fy/fz,True
1453,observation.state,hand_tactile_sensor_3.raw_force_75.fx,tactile sensor 3 raw distributed force raw_idx 75 fx,xhand SDK sensor_data[3].raw_force[75].fx,,"measured sensor value, unless fallback",,,,state[1453]=sensor_data[3].raw_force[75].fx,,xhand.py copies SDK order; xhand_control_ros2.cpp copies raw_force[k].fx/fy/fz,True
1454,observation.state,hand_tactile_sensor_3.raw_force_75.fy,tactile sensor 3 raw distributed force raw_idx 75 fy,xhand SDK sensor_data[3].raw_force[75].fy,,"measured sensor value, unless fallback",,,,state[1454]=sensor_data[3].raw_force[75].fy,,xhand.py copies SDK order; xhand_control_ros2.cpp copies raw_force[k].fx/fy/fz,True
1455,observation.state,hand_tactile_sensor_3.raw_force_75.fz,tactile sensor 3 raw distributed force raw_idx 75 fz,xhand SDK sensor_data[3].raw_force[75].fz,,"measured sensor value, unless fallback",,,,state[1455]=sensor_data[3].raw_force[75].fz,,xhand.py copies SDK order; xhand_control_ros2.cpp copies raw_force[k].fx/fy/fz,True
1456,observation.state,hand_tactile_sensor_3.raw_force_76.fx,tactile sensor 3 raw distributed force raw_idx 76 fx,xhand SDK sensor_data[3].raw_force[76].fx,,"measured sensor value, unless fallback",,,,state[1456]=sensor_data[3].raw_force[76].fx,,xhand.py copies SDK order; xhand_control_ros2.cpp copies raw_force[k].fx/fy/fz,True
1457,observation.state,hand_tactile_sensor_3.raw_force_76.fy,tactile sensor 3 raw distributed force raw_idx 76 fy,xhand SDK sensor_data[3].raw_force[76].fy,,"measured sensor value, unless fallback",,,,state[1457]=sensor_data[3].raw_force[76].fy,,xhand.py copies SDK order; xhand_control_ros2.cpp copies raw_force[k].fx/fy/fz,True
1458,observation.state,hand_tactile_sensor_3.raw_force_76.fz,tactile sensor 3 raw distributed force raw_idx 76 fz,xhand SDK sensor_data[3].raw_force[76].fz,,"measured sensor value, unless fallback",,,,state[1458]=sensor_data[3].raw_force[76].fz,,xhand.py copies SDK order; xhand_control_ros2.cpp copies raw_force[k].fx/fy/fz,True
1459,observation.state,hand_tactile_sensor_3.raw_force_77.fx,tactile sensor 3 raw distributed force raw_idx 77 fx,xhand SDK sensor_data[3].raw_force[77].fx,,"measured sensor value, unless fallback",,,,state[1459]=sensor_data[3].raw_force[77].fx,,xhand.py copies SDK order; xhand_control_ros2.cpp copies raw_force[k].fx/fy/fz,True
1460,observation.state,hand_tactile_sensor_3.raw_force_77.fy,tactile sensor 3 raw distributed force raw_idx 77 fy,xhand SDK sensor_data[3].raw_force[77].fy,,"measured sensor value, unless fallback",,,,state[1460]=sensor_data[3].raw_force[77].fy,,xhand.py copies SDK order; xhand_control_ros2.cpp copies raw_force[k].fx/fy/fz,True
1461,observation.state,hand_tactile_sensor_3.raw_force_77.fz,tactile sensor 3 raw distributed force raw_idx 77 fz,xhand SDK sensor_data[3].raw_force[77].fz,,"measured sensor value, unless fallback",,,,state[1461]=sensor_data[3].raw_force[77].fz,,xhand.py copies SDK order; xhand_control_ros2.cpp copies raw_force[k].fx/fy/fz,True
1462,observation.state,hand_tactile_sensor_3.raw_force_78.fx,tactile sensor 3 raw distributed force raw_idx 78 fx,xhand SDK sensor_data[3].raw_force[78].fx,,"measured sensor value, unless fallback",,,,state[1462]=sensor_data[3].raw_force[78].fx,,xhand.py copies SDK order; xhand_control_ros2.cpp copies raw_force[k].fx/fy/fz,True
1463,observation.state,hand_tactile_sensor_3.raw_force_78.fy,tactile sensor 3 raw distributed force raw_idx 78 fy,xhand SDK sensor_data[3].raw_force[78].fy,,"measured sensor value, unless fallback",,,,state[1463]=sensor_data[3].raw_force[78].fy,,xhand.py copies SDK order; xhand_control_ros2.cpp copies raw_force[k].fx/fy/fz,True
1464,observation.state,hand_tactile_sensor_3.raw_force_78.fz,tactile sensor 3 raw distributed force raw_idx 78 fz,xhand SDK sensor_data[3].raw_force[78].fz,,"measured sensor value, unless fallback",,,,state[1464]=sensor_data[3].raw_force[78].fz,,xhand.py copies SDK order; xhand_control_ros2.cpp copies raw_force[k].fx/fy/fz,True
1465,observation.state,hand_tactile_sensor_3.raw_force_79.fx,tactile sensor 3 raw distributed force raw_idx 79 fx,xhand SDK sensor_data[3].raw_force[79].fx,,"measured sensor value, unless fallback",,,,state[1465]=sensor_data[3].raw_force[79].fx,,xhand.py copies SDK order; xhand_control_ros2.cpp copies raw_force[k].fx/fy/fz,True
1466,observation.state,hand_tactile_sensor_3.raw_force_79.fy,tactile sensor 3 raw distributed force raw_idx 79 fy,xhand SDK sensor_data[3].raw_force[79].fy,,"measured sensor value, unless fallback",,,,state[1466]=sensor_data[3].raw_force[79].fy,,xhand.py copies SDK order; xhand_control_ros2.cpp copies raw_force[k].fx/fy/fz,True
1467,observation.state,hand_tactile_sensor_3.raw_force_79.fz,tactile sensor 3 raw distributed force raw_idx 79 fz,xhand SDK sensor_data[3].raw_force[79].fz,,"measured sensor value, unless fallback",,,,state[1467]=sensor_data[3].raw_force[79].fz,,xhand.py copies SDK order; xhand_control_ros2.cpp copies raw_force[k].fx/fy/fz,True
1468,observation.state,hand_tactile_sensor_3.raw_force_80.fx,tactile sensor 3 raw distributed force raw_idx 80 fx,xhand SDK sensor_data[3].raw_force[80].fx,,"measured sensor value, unless fallback",,,,state[1468]=sensor_data[3].raw_force[80].fx,,xhand.py copies SDK order; xhand_control_ros2.cpp copies raw_force[k].fx/fy/fz,True
1469,observation.state,hand_tactile_sensor_3.raw_force_80.fy,tactile sensor 3 raw distributed force raw_idx 80 fy,xhand SDK sensor_data[3].raw_force[80].fy,,"measured sensor value, unless fallback",,,,state[1469]=sensor_data[3].raw_force[80].fy,,xhand.py copies SDK order; xhand_control_ros2.cpp copies raw_force[k].fx/fy/fz,True
1470,observation.state,hand_tactile_sensor_3.raw_force_80.fz,tactile sensor 3 raw distributed force raw_idx 80 fz,xhand SDK sensor_data[3].raw_force[80].fz,,"measured sensor value, unless fallback",,,,state[1470]=sensor_data[3].raw_force[80].fz,,xhand.py copies SDK order; xhand_control_ros2.cpp copies raw_force[k].fx/fy/fz,True
1471,observation.state,hand_tactile_sensor_3.raw_force_81.fx,tactile sensor 3 raw distributed force raw_idx 81 fx,xhand SDK sensor_data[3].raw_force[81].fx,,"measured sensor value, unless fallback",,,,state[1471]=sensor_data[3].raw_force[81].fx,,xhand.py copies SDK order; xhand_control_ros2.cpp copies raw_force[k].fx/fy/fz,True
1472,observation.state,hand_tactile_sensor_3.raw_force_81.fy,tactile sensor 3 raw distributed force raw_idx 81 fy,xhand SDK sensor_data[3].raw_force[81].fy,,"measured sensor value, unless fallback",,,,state[1472]=sensor_data[3].raw_force[81].fy,,xhand.py copies SDK order; xhand_control_ros2.cpp copies raw_force[k].fx/fy/fz,True
1473,observation.state,hand_tactile_sensor_3.raw_force_81.fz,tactile sensor 3 raw distributed force raw_idx 81 fz,xhand SDK sensor_data[3].raw_force[81].fz,,"measured sensor value, unless fallback",,,,state[1473]=sensor_data[3].raw_force[81].fz,,xhand.py copies SDK order; xhand_control_ros2.cpp copies raw_force[k].fx/fy/fz,True
1474,observation.state,hand_tactile_sensor_3.raw_force_82.fx,tactile sensor 3 raw distributed force raw_idx 82 fx,xhand SDK sensor_data[3].raw_force[82].fx,,"measured sensor value, unless fallback",,,,state[1474]=sensor_data[3].raw_force[82].fx,,xhand.py copies SDK order; xhand_control_ros2.cpp copies raw_force[k].fx/fy/fz,True
1475,observation.state,hand_tactile_sensor_3.raw_force_82.fy,tactile sensor 3 raw distributed force raw_idx 82 fy,xhand SDK sensor_data[3].raw_force[82].fy,,"measured sensor value, unless fallback",,,,state[1475]=sensor_data[3].raw_force[82].fy,,xhand.py copies SDK order; xhand_control_ros2.cpp copies raw_force[k].fx/fy/fz,True
1476,observation.state,hand_tactile_sensor_3.raw_force_82.fz,tactile sensor 3 raw distributed force raw_idx 82 fz,xhand SDK sensor_data[3].raw_force[82].fz,,"measured sensor value, unless fallback",,,,state[1476]=sensor_data[3].raw_force[82].fz,,xhand.py copies SDK order; xhand_control_ros2.cpp copies raw_force[k].fx/fy/fz,True
1477,observation.state,hand_tactile_sensor_3.raw_force_83.fx,tactile sensor 3 raw distributed force raw_idx 83 fx,xhand SDK sensor_data[3].raw_force[83].fx,,"measured sensor value, unless fallback",,,,state[1477]=sensor_data[3].raw_force[83].fx,,xhand.py copies SDK order; xhand_control_ros2.cpp copies raw_force[k].fx/fy/fz,True
1478,observation.state,hand_tactile_sensor_3.raw_force_83.fy,tactile sensor 3 raw distributed force raw_idx 83 fy,xhand SDK sensor_data[3].raw_force[83].fy,,"measured sensor value, unless fallback",,,,state[1478]=sensor_data[3].raw_force[83].fy,,xhand.py copies SDK order; xhand_control_ros2.cpp copies raw_force[k].fx/fy/fz,True
1479,observation.state,hand_tactile_sensor_3.raw_force_83.fz,tactile sensor 3 raw distributed force raw_idx 83 fz,xhand SDK sensor_data[3].raw_force[83].fz,,"measured sensor value, unless fallback",,,,state[1479]=sensor_data[3].raw_force[83].fz,,xhand.py copies SDK order; xhand_control_ros2.cpp copies raw_force[k].fx/fy/fz,True
1480,observation.state,hand_tactile_sensor_3.raw_force_84.fx,tactile sensor 3 raw distributed force raw_idx 84 fx,xhand SDK sensor_data[3].raw_force[84].fx,,"measured sensor value, unless fallback",,,,state[1480]=sensor_data[3].raw_force[84].fx,,xhand.py copies SDK order; xhand_control_ros2.cpp copies raw_force[k].fx/fy/fz,True
1481,observation.state,hand_tactile_sensor_3.raw_force_84.fy,tactile sensor 3 raw distributed force raw_idx 84 fy,xhand SDK sensor_data[3].raw_force[84].fy,,"measured sensor value, unless fallback",,,,state[1481]=sensor_data[3].raw_force[84].fy,,xhand.py copies SDK order; xhand_control_ros2.cpp copies raw_force[k].fx/fy/fz,True
1482,observation.state,hand_tactile_sensor_3.raw_force_84.fz,tactile sensor 3 raw distributed force raw_idx 84 fz,xhand SDK sensor_data[3].raw_force[84].fz,,"measured sensor value, unless fallback",,,,state[1482]=sensor_data[3].raw_force[84].fz,,xhand.py copies SDK order; xhand_control_ros2.cpp copies raw_force[k].fx/fy/fz,True
1483,observation.state,hand_tactile_sensor_3.raw_force_85.fx,tactile sensor 3 raw distributed force raw_idx 85 fx,xhand SDK sensor_data[3].raw_force[85].fx,,"measured sensor value, unless fallback",,,,state[1483]=sensor_data[3].raw_force[85].fx,,xhand.py copies SDK order; xhand_control_ros2.cpp copies raw_force[k].fx/fy/fz,True
1484,observation.state,hand_tactile_sensor_3.raw_force_85.fy,tactile sensor 3 raw distributed force raw_idx 85 fy,xhand SDK sensor_data[3].raw_force[85].fy,,"measured sensor value, unless fallback",,,,state[1484]=sensor_data[3].raw_force[85].fy,,xhand.py copies SDK order; xhand_control_ros2.cpp copies raw_force[k].fx/fy/fz,True
1485,observation.state,hand_tactile_sensor_3.raw_force_85.fz,tactile sensor 3 raw distributed force raw_idx 85 fz,xhand SDK sensor_data[3].raw_force[85].fz,,"measured sensor value, unless fallback",,,,state[1485]=sensor_data[3].raw_force[85].fz,,xhand.py copies SDK order; xhand_control_ros2.cpp copies raw_force[k].fx/fy/fz,True
1486,observation.state,hand_tactile_sensor_3.raw_force_86.fx,tactile sensor 3 raw distributed force raw_idx 86 fx,xhand SDK sensor_data[3].raw_force[86].fx,,"measured sensor value, unless fallback",,,,state[1486]=sensor_data[3].raw_force[86].fx,,xhand.py copies SDK order; xhand_control_ros2.cpp copies raw_force[k].fx/fy/fz,True
1487,observation.state,hand_tactile_sensor_3.raw_force_86.fy,tactile sensor 3 raw distributed force raw_idx 86 fy,xhand SDK sensor_data[3].raw_force[86].fy,,"measured sensor value, unless fallback",,,,state[1487]=sensor_data[3].raw_force[86].fy,,xhand.py copies SDK order; xhand_control_ros2.cpp copies raw_force[k].fx/fy/fz,True
1488,observation.state,hand_tactile_sensor_3.raw_force_86.fz,tactile sensor 3 raw distributed force raw_idx 86 fz,xhand SDK sensor_data[3].raw_force[86].fz,,"measured sensor value, unless fallback",,,,state[1488]=sensor_data[3].raw_force[86].fz,,xhand.py copies SDK order; xhand_control_ros2.cpp copies raw_force[k].fx/fy/fz,True
1489,observation.state,hand_tactile_sensor_3.raw_force_87.fx,tactile sensor 3 raw distributed force raw_idx 87 fx,xhand SDK sensor_data[3].raw_force[87].fx,,"measured sensor value, unless fallback",,,,state[1489]=sensor_data[3].raw_force[87].fx,,xhand.py copies SDK order; xhand_control_ros2.cpp copies raw_force[k].fx/fy/fz,True
1490,observation.state,hand_tactile_sensor_3.raw_force_87.fy,tactile sensor 3 raw distributed force raw_idx 87 fy,xhand SDK sensor_data[3].raw_force[87].fy,,"measured sensor value, unless fallback",,,,state[1490]=sensor_data[3].raw_force[87].fy,,xhand.py copies SDK order; xhand_control_ros2.cpp copies raw_force[k].fx/fy/fz,True
1491,observation.state,hand_tactile_sensor_3.raw_force_87.fz,tactile sensor 3 raw distributed force raw_idx 87 fz,xhand SDK sensor_data[3].raw_force[87].fz,,"measured sensor value, unless fallback",,,,state[1491]=sensor_data[3].raw_force[87].fz,,xhand.py copies SDK order; xhand_control_ros2.cpp copies raw_force[k].fx/fy/fz,True
1492,observation.state,hand_tactile_sensor_3.raw_force_88.fx,tactile sensor 3 raw distributed force raw_idx 88 fx,xhand SDK sensor_data[3].raw_force[88].fx,,"measured sensor value, unless fallback",,,,state[1492]=sensor_data[3].raw_force[88].fx,,xhand.py copies SDK order; xhand_control_ros2.cpp copies raw_force[k].fx/fy/fz,True
1493,observation.state,hand_tactile_sensor_3.raw_force_88.fy,tactile sensor 3 raw distributed force raw_idx 88 fy,xhand SDK sensor_data[3].raw_force[88].fy,,"measured sensor value, unless fallback",,,,state[1493]=sensor_data[3].raw_force[88].fy,,xhand.py copies SDK order; xhand_control_ros2.cpp copies raw_force[k].fx/fy/fz,True
1494,observation.state,hand_tactile_sensor_3.raw_force_88.fz,tactile sensor 3 raw distributed force raw_idx 88 fz,xhand SDK sensor_data[3].raw_force[88].fz,,"measured sensor value, unless fallback",,,,state[1494]=sensor_data[3].raw_force[88].fz,,xhand.py copies SDK order; xhand_control_ros2.cpp copies raw_force[k].fx/fy/fz,True
1495,observation.state,hand_tactile_sensor_3.raw_force_89.fx,tactile sensor 3 raw distributed force raw_idx 89 fx,xhand SDK sensor_data[3].raw_force[89].fx,,"measured sensor value, unless fallback",,,,state[1495]=sensor_data[3].raw_force[89].fx,,xhand.py copies SDK order; xhand_control_ros2.cpp copies raw_force[k].fx/fy/fz,True
1496,observation.state,hand_tactile_sensor_3.raw_force_89.fy,tactile sensor 3 raw distributed force raw_idx 89 fy,xhand SDK sensor_data[3].raw_force[89].fy,,"measured sensor value, unless fallback",,,,state[1496]=sensor_data[3].raw_force[89].fy,,xhand.py copies SDK order; xhand_control_ros2.cpp copies raw_force[k].fx/fy/fz,True
1497,observation.state,hand_tactile_sensor_3.raw_force_89.fz,tactile sensor 3 raw distributed force raw_idx 89 fz,xhand SDK sensor_data[3].raw_force[89].fz,,"measured sensor value, unless fallback",,,,state[1497]=sensor_data[3].raw_force[89].fz,,xhand.py copies SDK order; xhand_control_ros2.cpp copies raw_force[k].fx/fy/fz,True
1498,observation.state,hand_tactile_sensor_3.raw_force_90.fx,tactile sensor 3 raw distributed force raw_idx 90 fx,xhand SDK sensor_data[3].raw_force[90].fx,,"measured sensor value, unless fallback",,,,state[1498]=sensor_data[3].raw_force[90].fx,,xhand.py copies SDK order; xhand_control_ros2.cpp copies raw_force[k].fx/fy/fz,True
1499,observation.state,hand_tactile_sensor_3.raw_force_90.fy,tactile sensor 3 raw distributed force raw_idx 90 fy,xhand SDK sensor_data[3].raw_force[90].fy,,"measured sensor value, unless fallback",,,,state[1499]=sensor_data[3].raw_force[90].fy,,xhand.py copies SDK order; xhand_control_ros2.cpp copies raw_force[k].fx/fy/fz,True
1500,observation.state,hand_tactile_sensor_3.raw_force_90.fz,tactile sensor 3 raw distributed force raw_idx 90 fz,xhand SDK sensor_data[3].raw_force[90].fz,,"measured sensor value, unless fallback",,,,state[1500]=sensor_data[3].raw_force[90].fz,,xhand.py copies SDK order; xhand_control_ros2.cpp copies raw_force[k].fx/fy/fz,True
1501,observation.state,hand_tactile_sensor_3.raw_force_91.fx,tactile sensor 3 raw distributed force raw_idx 91 fx,xhand SDK sensor_data[3].raw_force[91].fx,,"measured sensor value, unless fallback",,,,state[1501]=sensor_data[3].raw_force[91].fx,,xhand.py copies SDK order; xhand_control_ros2.cpp copies raw_force[k].fx/fy/fz,True
1502,observation.state,hand_tactile_sensor_3.raw_force_91.fy,tactile sensor 3 raw distributed force raw_idx 91 fy,xhand SDK sensor_data[3].raw_force[91].fy,,"measured sensor value, unless fallback",,,,state[1502]=sensor_data[3].raw_force[91].fy,,xhand.py copies SDK order; xhand_control_ros2.cpp copies raw_force[k].fx/fy/fz,True
1503,observation.state,hand_tactile_sensor_3.raw_force_91.fz,tactile sensor 3 raw distributed force raw_idx 91 fz,xhand SDK sensor_data[3].raw_force[91].fz,,"measured sensor value, unless fallback",,,,state[1503]=sensor_data[3].raw_force[91].fz,,xhand.py copies SDK order; xhand_control_ros2.cpp copies raw_force[k].fx/fy/fz,True
1504,observation.state,hand_tactile_sensor_3.raw_force_92.fx,tactile sensor 3 raw distributed force raw_idx 92 fx,xhand SDK sensor_data[3].raw_force[92].fx,,"measured sensor value, unless fallback",,,,state[1504]=sensor_data[3].raw_force[92].fx,,xhand.py copies SDK order; xhand_control_ros2.cpp copies raw_force[k].fx/fy/fz,True
1505,observation.state,hand_tactile_sensor_3.raw_force_92.fy,tactile sensor 3 raw distributed force raw_idx 92 fy,xhand SDK sensor_data[3].raw_force[92].fy,,"measured sensor value, unless fallback",,,,state[1505]=sensor_data[3].raw_force[92].fy,,xhand.py copies SDK order; xhand_control_ros2.cpp copies raw_force[k].fx/fy/fz,True
1506,observation.state,hand_tactile_sensor_3.raw_force_92.fz,tactile sensor 3 raw distributed force raw_idx 92 fz,xhand SDK sensor_data[3].raw_force[92].fz,,"measured sensor value, unless fallback",,,,state[1506]=sensor_data[3].raw_force[92].fz,,xhand.py copies SDK order; xhand_control_ros2.cpp copies raw_force[k].fx/fy/fz,True
1507,observation.state,hand_tactile_sensor_3.raw_force_93.fx,tactile sensor 3 raw distributed force raw_idx 93 fx,xhand SDK sensor_data[3].raw_force[93].fx,,"measured sensor value, unless fallback",,,,state[1507]=sensor_data[3].raw_force[93].fx,,xhand.py copies SDK order; xhand_control_ros2.cpp copies raw_force[k].fx/fy/fz,True
1508,observation.state,hand_tactile_sensor_3.raw_force_93.fy,tactile sensor 3 raw distributed force raw_idx 93 fy,xhand SDK sensor_data[3].raw_force[93].fy,,"measured sensor value, unless fallback",,,,state[1508]=sensor_data[3].raw_force[93].fy,,xhand.py copies SDK order; xhand_control_ros2.cpp copies raw_force[k].fx/fy/fz,True
1509,observation.state,hand_tactile_sensor_3.raw_force_93.fz,tactile sensor 3 raw distributed force raw_idx 93 fz,xhand SDK sensor_data[3].raw_force[93].fz,,"measured sensor value, unless fallback",,,,state[1509]=sensor_data[3].raw_force[93].fz,,xhand.py copies SDK order; xhand_control_ros2.cpp copies raw_force[k].fx/fy/fz,True
1510,observation.state,hand_tactile_sensor_3.raw_force_94.fx,tactile sensor 3 raw distributed force raw_idx 94 fx,xhand SDK sensor_data[3].raw_force[94].fx,,"measured sensor value, unless fallback",,,,state[1510]=sensor_data[3].raw_force[94].fx,,xhand.py copies SDK order; xhand_control_ros2.cpp copies raw_force[k].fx/fy/fz,True
1511,observation.state,hand_tactile_sensor_3.raw_force_94.fy,tactile sensor 3 raw distributed force raw_idx 94 fy,xhand SDK sensor_data[3].raw_force[94].fy,,"measured sensor value, unless fallback",,,,state[1511]=sensor_data[3].raw_force[94].fy,,xhand.py copies SDK order; xhand_control_ros2.cpp copies raw_force[k].fx/fy/fz,True
1512,observation.state,hand_tactile_sensor_3.raw_force_94.fz,tactile sensor 3 raw distributed force raw_idx 94 fz,xhand SDK sensor_data[3].raw_force[94].fz,,"measured sensor value, unless fallback",,,,state[1512]=sensor_data[3].raw_force[94].fz,,xhand.py copies SDK order; xhand_control_ros2.cpp copies raw_force[k].fx/fy/fz,True
1513,observation.state,hand_tactile_sensor_3.raw_force_95.fx,tactile sensor 3 raw distributed force raw_idx 95 fx,xhand SDK sensor_data[3].raw_force[95].fx,,"measured sensor value, unless fallback",,,,state[1513]=sensor_data[3].raw_force[95].fx,,xhand.py copies SDK order; xhand_control_ros2.cpp copies raw_force[k].fx/fy/fz,True
1514,observation.state,hand_tactile_sensor_3.raw_force_95.fy,tactile sensor 3 raw distributed force raw_idx 95 fy,xhand SDK sensor_data[3].raw_force[95].fy,,"measured sensor value, unless fallback",,,,state[1514]=sensor_data[3].raw_force[95].fy,,xhand.py copies SDK order; xhand_control_ros2.cpp copies raw_force[k].fx/fy/fz,True
1515,observation.state,hand_tactile_sensor_3.raw_force_95.fz,tactile sensor 3 raw distributed force raw_idx 95 fz,xhand SDK sensor_data[3].raw_force[95].fz,,"measured sensor value, unless fallback",,,,state[1515]=sensor_data[3].raw_force[95].fz,,xhand.py copies SDK order; xhand_control_ros2.cpp copies raw_force[k].fx/fy/fz,True
1516,observation.state,hand_tactile_sensor_3.raw_force_96.fx,tactile sensor 3 raw distributed force raw_idx 96 fx,xhand SDK sensor_data[3].raw_force[96].fx,,"measured sensor value, unless fallback",,,,state[1516]=sensor_data[3].raw_force[96].fx,,xhand.py copies SDK order; xhand_control_ros2.cpp copies raw_force[k].fx/fy/fz,True
1517,observation.state,hand_tactile_sensor_3.raw_force_96.fy,tactile sensor 3 raw distributed force raw_idx 96 fy,xhand SDK sensor_data[3].raw_force[96].fy,,"measured sensor value, unless fallback",,,,state[1517]=sensor_data[3].raw_force[96].fy,,xhand.py copies SDK order; xhand_control_ros2.cpp copies raw_force[k].fx/fy/fz,True
1518,observation.state,hand_tactile_sensor_3.raw_force_96.fz,tactile sensor 3 raw distributed force raw_idx 96 fz,xhand SDK sensor_data[3].raw_force[96].fz,,"measured sensor value, unless fallback",,,,state[1518]=sensor_data[3].raw_force[96].fz,,xhand.py copies SDK order; xhand_control_ros2.cpp copies raw_force[k].fx/fy/fz,True
1519,observation.state,hand_tactile_sensor_3.raw_force_97.fx,tactile sensor 3 raw distributed force raw_idx 97 fx,xhand SDK sensor_data[3].raw_force[97].fx,,"measured sensor value, unless fallback",,,,state[1519]=sensor_data[3].raw_force[97].fx,,xhand.py copies SDK order; xhand_control_ros2.cpp copies raw_force[k].fx/fy/fz,True
1520,observation.state,hand_tactile_sensor_3.raw_force_97.fy,tactile sensor 3 raw distributed force raw_idx 97 fy,xhand SDK sensor_data[3].raw_force[97].fy,,"measured sensor value, unless fallback",,,,state[1520]=sensor_data[3].raw_force[97].fy,,xhand.py copies SDK order; xhand_control_ros2.cpp copies raw_force[k].fx/fy/fz,True
1521,observation.state,hand_tactile_sensor_3.raw_force_97.fz,tactile sensor 3 raw distributed force raw_idx 97 fz,xhand SDK sensor_data[3].raw_force[97].fz,,"measured sensor value, unless fallback",,,,state[1521]=sensor_data[3].raw_force[97].fz,,xhand.py copies SDK order; xhand_control_ros2.cpp copies raw_force[k].fx/fy/fz,True
1522,observation.state,hand_tactile_sensor_3.raw_force_98.fx,tactile sensor 3 raw distributed force raw_idx 98 fx,xhand SDK sensor_data[3].raw_force[98].fx,,"measured sensor value, unless fallback",,,,state[1522]=sensor_data[3].raw_force[98].fx,,xhand.py copies SDK order; xhand_control_ros2.cpp copies raw_force[k].fx/fy/fz,True
1523,observation.state,hand_tactile_sensor_3.raw_force_98.fy,tactile sensor 3 raw distributed force raw_idx 98 fy,xhand SDK sensor_data[3].raw_force[98].fy,,"measured sensor value, unless fallback",,,,state[1523]=sensor_data[3].raw_force[98].fy,,xhand.py copies SDK order; xhand_control_ros2.cpp copies raw_force[k].fx/fy/fz,True
1524,observation.state,hand_tactile_sensor_3.raw_force_98.fz,tactile sensor 3 raw distributed force raw_idx 98 fz,xhand SDK sensor_data[3].raw_force[98].fz,,"measured sensor value, unless fallback",,,,state[1524]=sensor_data[3].raw_force[98].fz,,xhand.py copies SDK order; xhand_control_ros2.cpp copies raw_force[k].fx/fy/fz,True
1525,observation.state,hand_tactile_sensor_3.raw_force_99.fx,tactile sensor 3 raw distributed force raw_idx 99 fx,xhand SDK sensor_data[3].raw_force[99].fx,,"measured sensor value, unless fallback",,,,state[1525]=sensor_data[3].raw_force[99].fx,,xhand.py copies SDK order; xhand_control_ros2.cpp copies raw_force[k].fx/fy/fz,True
1526,observation.state,hand_tactile_sensor_3.raw_force_99.fy,tactile sensor 3 raw distributed force raw_idx 99 fy,xhand SDK sensor_data[3].raw_force[99].fy,,"measured sensor value, unless fallback",,,,state[1526]=sensor_data[3].raw_force[99].fy,,xhand.py copies SDK order; xhand_control_ros2.cpp copies raw_force[k].fx/fy/fz,True
1527,observation.state,hand_tactile_sensor_3.raw_force_99.fz,tactile sensor 3 raw distributed force raw_idx 99 fz,xhand SDK sensor_data[3].raw_force[99].fz,,"measured sensor value, unless fallback",,,,state[1527]=sensor_data[3].raw_force[99].fz,,xhand.py copies SDK order; xhand_control_ros2.cpp copies raw_force[k].fx/fy/fz,True
1528,observation.state,hand_tactile_sensor_3.raw_force_100.fx,tactile sensor 3 raw distributed force raw_idx 100 fx,xhand SDK sensor_data[3].raw_force[100].fx,,"measured sensor value, unless fallback",,,,state[1528]=sensor_data[3].raw_force[100].fx,,xhand.py copies SDK order; xhand_control_ros2.cpp copies raw_force[k].fx/fy/fz,True
1529,observation.state,hand_tactile_sensor_3.raw_force_100.fy,tactile sensor 3 raw distributed force raw_idx 100 fy,xhand SDK sensor_data[3].raw_force[100].fy,,"measured sensor value, unless fallback",,,,state[1529]=sensor_data[3].raw_force[100].fy,,xhand.py copies SDK order; xhand_control_ros2.cpp copies raw_force[k].fx/fy/fz,True
1530,observation.state,hand_tactile_sensor_3.raw_force_100.fz,tactile sensor 3 raw distributed force raw_idx 100 fz,xhand SDK sensor_data[3].raw_force[100].fz,,"measured sensor value, unless fallback",,,,state[1530]=sensor_data[3].raw_force[100].fz,,xhand.py copies SDK order; xhand_control_ros2.cpp copies raw_force[k].fx/fy/fz,True
1531,observation.state,hand_tactile_sensor_3.raw_force_101.fx,tactile sensor 3 raw distributed force raw_idx 101 fx,xhand SDK sensor_data[3].raw_force[101].fx,,"measured sensor value, unless fallback",,,,state[1531]=sensor_data[3].raw_force[101].fx,,xhand.py copies SDK order; xhand_control_ros2.cpp copies raw_force[k].fx/fy/fz,True
1532,observation.state,hand_tactile_sensor_3.raw_force_101.fy,tactile sensor 3 raw distributed force raw_idx 101 fy,xhand SDK sensor_data[3].raw_force[101].fy,,"measured sensor value, unless fallback",,,,state[1532]=sensor_data[3].raw_force[101].fy,,xhand.py copies SDK order; xhand_control_ros2.cpp copies raw_force[k].fx/fy/fz,True
1533,observation.state,hand_tactile_sensor_3.raw_force_101.fz,tactile sensor 3 raw distributed force raw_idx 101 fz,xhand SDK sensor_data[3].raw_force[101].fz,,"measured sensor value, unless fallback",,,,state[1533]=sensor_data[3].raw_force[101].fz,,xhand.py copies SDK order; xhand_control_ros2.cpp copies raw_force[k].fx/fy/fz,True
1534,observation.state,hand_tactile_sensor_3.raw_force_102.fx,tactile sensor 3 raw distributed force raw_idx 102 fx,xhand SDK sensor_data[3].raw_force[102].fx,,"measured sensor value, unless fallback",,,,state[1534]=sensor_data[3].raw_force[102].fx,,xhand.py copies SDK order; xhand_control_ros2.cpp copies raw_force[k].fx/fy/fz,True
1535,observation.state,hand_tactile_sensor_3.raw_force_102.fy,tactile sensor 3 raw distributed force raw_idx 102 fy,xhand SDK sensor_data[3].raw_force[102].fy,,"measured sensor value, unless fallback",,,,state[1535]=sensor_data[3].raw_force[102].fy,,xhand.py copies SDK order; xhand_control_ros2.cpp copies raw_force[k].fx/fy/fz,True
1536,observation.state,hand_tactile_sensor_3.raw_force_102.fz,tactile sensor 3 raw distributed force raw_idx 102 fz,xhand SDK sensor_data[3].raw_force[102].fz,,"measured sensor value, unless fallback",,,,state[1536]=sensor_data[3].raw_force[102].fz,,xhand.py copies SDK order; xhand_control_ros2.cpp copies raw_force[k].fx/fy/fz,True
1537,observation.state,hand_tactile_sensor_3.raw_force_103.fx,tactile sensor 3 raw distributed force raw_idx 103 fx,xhand SDK sensor_data[3].raw_force[103].fx,,"measured sensor value, unless fallback",,,,state[1537]=sensor_data[3].raw_force[103].fx,,xhand.py copies SDK order; xhand_control_ros2.cpp copies raw_force[k].fx/fy/fz,True
1538,observation.state,hand_tactile_sensor_3.raw_force_103.fy,tactile sensor 3 raw distributed force raw_idx 103 fy,xhand SDK sensor_data[3].raw_force[103].fy,,"measured sensor value, unless fallback",,,,state[1538]=sensor_data[3].raw_force[103].fy,,xhand.py copies SDK order; xhand_control_ros2.cpp copies raw_force[k].fx/fy/fz,True
1539,observation.state,hand_tactile_sensor_3.raw_force_103.fz,tactile sensor 3 raw distributed force raw_idx 103 fz,xhand SDK sensor_data[3].raw_force[103].fz,,"measured sensor value, unless fallback",,,,state[1539]=sensor_data[3].raw_force[103].fz,,xhand.py copies SDK order; xhand_control_ros2.cpp copies raw_force[k].fx/fy/fz,True
1540,observation.state,hand_tactile_sensor_3.raw_force_104.fx,tactile sensor 3 raw distributed force raw_idx 104 fx,xhand SDK sensor_data[3].raw_force[104].fx,,"measured sensor value, unless fallback",,,,state[1540]=sensor_data[3].raw_force[104].fx,,xhand.py copies SDK order; xhand_control_ros2.cpp copies raw_force[k].fx/fy/fz,True
1541,observation.state,hand_tactile_sensor_3.raw_force_104.fy,tactile sensor 3 raw distributed force raw_idx 104 fy,xhand SDK sensor_data[3].raw_force[104].fy,,"measured sensor value, unless fallback",,,,state[1541]=sensor_data[3].raw_force[104].fy,,xhand.py copies SDK order; xhand_control_ros2.cpp copies raw_force[k].fx/fy/fz,True
1542,observation.state,hand_tactile_sensor_3.raw_force_104.fz,tactile sensor 3 raw distributed force raw_idx 104 fz,xhand SDK sensor_data[3].raw_force[104].fz,,"measured sensor value, unless fallback",,,,state[1542]=sensor_data[3].raw_force[104].fz,,xhand.py copies SDK order; xhand_control_ros2.cpp copies raw_force[k].fx/fy/fz,True
1543,observation.state,hand_tactile_sensor_3.raw_force_105.fx,tactile sensor 3 raw distributed force raw_idx 105 fx,xhand SDK sensor_data[3].raw_force[105].fx,,"measured sensor value, unless fallback",,,,state[1543]=sensor_data[3].raw_force[105].fx,,xhand.py copies SDK order; xhand_control_ros2.cpp copies raw_force[k].fx/fy/fz,True
1544,observation.state,hand_tactile_sensor_3.raw_force_105.fy,tactile sensor 3 raw distributed force raw_idx 105 fy,xhand SDK sensor_data[3].raw_force[105].fy,,"measured sensor value, unless fallback",,,,state[1544]=sensor_data[3].raw_force[105].fy,,xhand.py copies SDK order; xhand_control_ros2.cpp copies raw_force[k].fx/fy/fz,True
1545,observation.state,hand_tactile_sensor_3.raw_force_105.fz,tactile sensor 3 raw distributed force raw_idx 105 fz,xhand SDK sensor_data[3].raw_force[105].fz,,"measured sensor value, unless fallback",,,,state[1545]=sensor_data[3].raw_force[105].fz,,xhand.py copies SDK order; xhand_control_ros2.cpp copies raw_force[k].fx/fy/fz,True
1546,observation.state,hand_tactile_sensor_3.raw_force_106.fx,tactile sensor 3 raw distributed force raw_idx 106 fx,xhand SDK sensor_data[3].raw_force[106].fx,,"measured sensor value, unless fallback",,,,state[1546]=sensor_data[3].raw_force[106].fx,,xhand.py copies SDK order; xhand_control_ros2.cpp copies raw_force[k].fx/fy/fz,True
1547,observation.state,hand_tactile_sensor_3.raw_force_106.fy,tactile sensor 3 raw distributed force raw_idx 106 fy,xhand SDK sensor_data[3].raw_force[106].fy,,"measured sensor value, unless fallback",,,,state[1547]=sensor_data[3].raw_force[106].fy,,xhand.py copies SDK order; xhand_control_ros2.cpp copies raw_force[k].fx/fy/fz,True
1548,observation.state,hand_tactile_sensor_3.raw_force_106.fz,tactile sensor 3 raw distributed force raw_idx 106 fz,xhand SDK sensor_data[3].raw_force[106].fz,,"measured sensor value, unless fallback",,,,state[1548]=sensor_data[3].raw_force[106].fz,,xhand.py copies SDK order; xhand_control_ros2.cpp copies raw_force[k].fx/fy/fz,True
1549,observation.state,hand_tactile_sensor_3.raw_force_107.fx,tactile sensor 3 raw distributed force raw_idx 107 fx,xhand SDK sensor_data[3].raw_force[107].fx,,"measured sensor value, unless fallback",,,,state[1549]=sensor_data[3].raw_force[107].fx,,xhand.py copies SDK order; xhand_control_ros2.cpp copies raw_force[k].fx/fy/fz,True
1550,observation.state,hand_tactile_sensor_3.raw_force_107.fy,tactile sensor 3 raw distributed force raw_idx 107 fy,xhand SDK sensor_data[3].raw_force[107].fy,,"measured sensor value, unless fallback",,,,state[1550]=sensor_data[3].raw_force[107].fy,,xhand.py copies SDK order; xhand_control_ros2.cpp copies raw_force[k].fx/fy/fz,True
1551,observation.state,hand_tactile_sensor_3.raw_force_107.fz,tactile sensor 3 raw distributed force raw_idx 107 fz,xhand SDK sensor_data[3].raw_force[107].fz,,"measured sensor value, unless fallback",,,,state[1551]=sensor_data[3].raw_force[107].fz,,xhand.py copies SDK order; xhand_control_ros2.cpp copies raw_force[k].fx/fy/fz,True
1552,observation.state,hand_tactile_sensor_3.raw_force_108.fx,tactile sensor 3 raw distributed force raw_idx 108 fx,xhand SDK sensor_data[3].raw_force[108].fx,,"measured sensor value, unless fallback",,,,state[1552]=sensor_data[3].raw_force[108].fx,,xhand.py copies SDK order; xhand_control_ros2.cpp copies raw_force[k].fx/fy/fz,True
1553,observation.state,hand_tactile_sensor_3.raw_force_108.fy,tactile sensor 3 raw distributed force raw_idx 108 fy,xhand SDK sensor_data[3].raw_force[108].fy,,"measured sensor value, unless fallback",,,,state[1553]=sensor_data[3].raw_force[108].fy,,xhand.py copies SDK order; xhand_control_ros2.cpp copies raw_force[k].fx/fy/fz,True
1554,observation.state,hand_tactile_sensor_3.raw_force_108.fz,tactile sensor 3 raw distributed force raw_idx 108 fz,xhand SDK sensor_data[3].raw_force[108].fz,,"measured sensor value, unless fallback",,,,state[1554]=sensor_data[3].raw_force[108].fz,,xhand.py copies SDK order; xhand_control_ros2.cpp copies raw_force[k].fx/fy/fz,True
1555,observation.state,hand_tactile_sensor_3.raw_force_109.fx,tactile sensor 3 raw distributed force raw_idx 109 fx,xhand SDK sensor_data[3].raw_force[109].fx,,"measured sensor value, unless fallback",,,,state[1555]=sensor_data[3].raw_force[109].fx,,xhand.py copies SDK order; xhand_control_ros2.cpp copies raw_force[k].fx/fy/fz,True
1556,observation.state,hand_tactile_sensor_3.raw_force_109.fy,tactile sensor 3 raw distributed force raw_idx 109 fy,xhand SDK sensor_data[3].raw_force[109].fy,,"measured sensor value, unless fallback",,,,state[1556]=sensor_data[3].raw_force[109].fy,,xhand.py copies SDK order; xhand_control_ros2.cpp copies raw_force[k].fx/fy/fz,True
1557,observation.state,hand_tactile_sensor_3.raw_force_109.fz,tactile sensor 3 raw distributed force raw_idx 109 fz,xhand SDK sensor_data[3].raw_force[109].fz,,"measured sensor value, unless fallback",,,,state[1557]=sensor_data[3].raw_force[109].fz,,xhand.py copies SDK order; xhand_control_ros2.cpp copies raw_force[k].fx/fy/fz,True
1558,observation.state,hand_tactile_sensor_3.raw_force_110.fx,tactile sensor 3 raw distributed force raw_idx 110 fx,xhand SDK sensor_data[3].raw_force[110].fx,,"measured sensor value, unless fallback",,,,state[1558]=sensor_data[3].raw_force[110].fx,,xhand.py copies SDK order; xhand_control_ros2.cpp copies raw_force[k].fx/fy/fz,True
1559,observation.state,hand_tactile_sensor_3.raw_force_110.fy,tactile sensor 3 raw distributed force raw_idx 110 fy,xhand SDK sensor_data[3].raw_force[110].fy,,"measured sensor value, unless fallback",,,,state[1559]=sensor_data[3].raw_force[110].fy,,xhand.py copies SDK order; xhand_control_ros2.cpp copies raw_force[k].fx/fy/fz,True
1560,observation.state,hand_tactile_sensor_3.raw_force_110.fz,tactile sensor 3 raw distributed force raw_idx 110 fz,xhand SDK sensor_data[3].raw_force[110].fz,,"measured sensor value, unless fallback",,,,state[1560]=sensor_data[3].raw_force[110].fz,,xhand.py copies SDK order; xhand_control_ros2.cpp copies raw_force[k].fx/fy/fz,True
1561,observation.state,hand_tactile_sensor_3.raw_force_111.fx,tactile sensor 3 raw distributed force raw_idx 111 fx,xhand SDK sensor_data[3].raw_force[111].fx,,"measured sensor value, unless fallback",,,,state[1561]=sensor_data[3].raw_force[111].fx,,xhand.py copies SDK order; xhand_control_ros2.cpp copies raw_force[k].fx/fy/fz,True
1562,observation.state,hand_tactile_sensor_3.raw_force_111.fy,tactile sensor 3 raw distributed force raw_idx 111 fy,xhand SDK sensor_data[3].raw_force[111].fy,,"measured sensor value, unless fallback",,,,state[1562]=sensor_data[3].raw_force[111].fy,,xhand.py copies SDK order; xhand_control_ros2.cpp copies raw_force[k].fx/fy/fz,True
1563,observation.state,hand_tactile_sensor_3.raw_force_111.fz,tactile sensor 3 raw distributed force raw_idx 111 fz,xhand SDK sensor_data[3].raw_force[111].fz,,"measured sensor value, unless fallback",,,,state[1563]=sensor_data[3].raw_force[111].fz,,xhand.py copies SDK order; xhand_control_ros2.cpp copies raw_force[k].fx/fy/fz,True
1564,observation.state,hand_tactile_sensor_3.raw_force_112.fx,tactile sensor 3 raw distributed force raw_idx 112 fx,xhand SDK sensor_data[3].raw_force[112].fx,,"measured sensor value, unless fallback",,,,state[1564]=sensor_data[3].raw_force[112].fx,,xhand.py copies SDK order; xhand_control_ros2.cpp copies raw_force[k].fx/fy/fz,True
1565,observation.state,hand_tactile_sensor_3.raw_force_112.fy,tactile sensor 3 raw distributed force raw_idx 112 fy,xhand SDK sensor_data[3].raw_force[112].fy,,"measured sensor value, unless fallback",,,,state[1565]=sensor_data[3].raw_force[112].fy,,xhand.py copies SDK order; xhand_control_ros2.cpp copies raw_force[k].fx/fy/fz,True
1566,observation.state,hand_tactile_sensor_3.raw_force_112.fz,tactile sensor 3 raw distributed force raw_idx 112 fz,xhand SDK sensor_data[3].raw_force[112].fz,,"measured sensor value, unless fallback",,,,state[1566]=sensor_data[3].raw_force[112].fz,,xhand.py copies SDK order; xhand_control_ros2.cpp copies raw_force[k].fx/fy/fz,True
1567,observation.state,hand_tactile_sensor_3.raw_force_113.fx,tactile sensor 3 raw distributed force raw_idx 113 fx,xhand SDK sensor_data[3].raw_force[113].fx,,"measured sensor value, unless fallback",,,,state[1567]=sensor_data[3].raw_force[113].fx,,xhand.py copies SDK order; xhand_control_ros2.cpp copies raw_force[k].fx/fy/fz,True
1568,observation.state,hand_tactile_sensor_3.raw_force_113.fy,tactile sensor 3 raw distributed force raw_idx 113 fy,xhand SDK sensor_data[3].raw_force[113].fy,,"measured sensor value, unless fallback",,,,state[1568]=sensor_data[3].raw_force[113].fy,,xhand.py copies SDK order; xhand_control_ros2.cpp copies raw_force[k].fx/fy/fz,True
1569,observation.state,hand_tactile_sensor_3.raw_force_113.fz,tactile sensor 3 raw distributed force raw_idx 113 fz,xhand SDK sensor_data[3].raw_force[113].fz,,"measured sensor value, unless fallback",,,,state[1569]=sensor_data[3].raw_force[113].fz,,xhand.py copies SDK order; xhand_control_ros2.cpp copies raw_force[k].fx/fy/fz,True
1570,observation.state,hand_tactile_sensor_3.raw_force_114.fx,tactile sensor 3 raw distributed force raw_idx 114 fx,xhand SDK sensor_data[3].raw_force[114].fx,,"measured sensor value, unless fallback",,,,state[1570]=sensor_data[3].raw_force[114].fx,,xhand.py copies SDK order; xhand_control_ros2.cpp copies raw_force[k].fx/fy/fz,True
1571,observation.state,hand_tactile_sensor_3.raw_force_114.fy,tactile sensor 3 raw distributed force raw_idx 114 fy,xhand SDK sensor_data[3].raw_force[114].fy,,"measured sensor value, unless fallback",,,,state[1571]=sensor_data[3].raw_force[114].fy,,xhand.py copies SDK order; xhand_control_ros2.cpp copies raw_force[k].fx/fy/fz,True
1572,observation.state,hand_tactile_sensor_3.raw_force_114.fz,tactile sensor 3 raw distributed force raw_idx 114 fz,xhand SDK sensor_data[3].raw_force[114].fz,,"measured sensor value, unless fallback",,,,state[1572]=sensor_data[3].raw_force[114].fz,,xhand.py copies SDK order; xhand_control_ros2.cpp copies raw_force[k].fx/fy/fz,True
1573,observation.state,hand_tactile_sensor_3.raw_force_115.fx,tactile sensor 3 raw distributed force raw_idx 115 fx,xhand SDK sensor_data[3].raw_force[115].fx,,"measured sensor value, unless fallback",,,,state[1573]=sensor_data[3].raw_force[115].fx,,xhand.py copies SDK order; xhand_control_ros2.cpp copies raw_force[k].fx/fy/fz,True
1574,observation.state,hand_tactile_sensor_3.raw_force_115.fy,tactile sensor 3 raw distributed force raw_idx 115 fy,xhand SDK sensor_data[3].raw_force[115].fy,,"measured sensor value, unless fallback",,,,state[1574]=sensor_data[3].raw_force[115].fy,,xhand.py copies SDK order; xhand_control_ros2.cpp copies raw_force[k].fx/fy/fz,True
1575,observation.state,hand_tactile_sensor_3.raw_force_115.fz,tactile sensor 3 raw distributed force raw_idx 115 fz,xhand SDK sensor_data[3].raw_force[115].fz,,"measured sensor value, unless fallback",,,,state[1575]=sensor_data[3].raw_force[115].fz,,xhand.py copies SDK order; xhand_control_ros2.cpp copies raw_force[k].fx/fy/fz,True
1576,observation.state,hand_tactile_sensor_3.raw_force_116.fx,tactile sensor 3 raw distributed force raw_idx 116 fx,xhand SDK sensor_data[3].raw_force[116].fx,,"measured sensor value, unless fallback",,,,state[1576]=sensor_data[3].raw_force[116].fx,,xhand.py copies SDK order; xhand_control_ros2.cpp copies raw_force[k].fx/fy/fz,True
1577,observation.state,hand_tactile_sensor_3.raw_force_116.fy,tactile sensor 3 raw distributed force raw_idx 116 fy,xhand SDK sensor_data[3].raw_force[116].fy,,"measured sensor value, unless fallback",,,,state[1577]=sensor_data[3].raw_force[116].fy,,xhand.py copies SDK order; xhand_control_ros2.cpp copies raw_force[k].fx/fy/fz,True
1578,observation.state,hand_tactile_sensor_3.raw_force_116.fz,tactile sensor 3 raw distributed force raw_idx 116 fz,xhand SDK sensor_data[3].raw_force[116].fz,,"measured sensor value, unless fallback",,,,state[1578]=sensor_data[3].raw_force[116].fz,,xhand.py copies SDK order; xhand_control_ros2.cpp copies raw_force[k].fx/fy/fz,True
1579,observation.state,hand_tactile_sensor_3.raw_force_117.fx,tactile sensor 3 raw distributed force raw_idx 117 fx,xhand SDK sensor_data[3].raw_force[117].fx,,"measured sensor value, unless fallback",,,,state[1579]=sensor_data[3].raw_force[117].fx,,xhand.py copies SDK order; xhand_control_ros2.cpp copies raw_force[k].fx/fy/fz,True
1580,observation.state,hand_tactile_sensor_3.raw_force_117.fy,tactile sensor 3 raw distributed force raw_idx 117 fy,xhand SDK sensor_data[3].raw_force[117].fy,,"measured sensor value, unless fallback",,,,state[1580]=sensor_data[3].raw_force[117].fy,,xhand.py copies SDK order; xhand_control_ros2.cpp copies raw_force[k].fx/fy/fz,True
1581,observation.state,hand_tactile_sensor_3.raw_force_117.fz,tactile sensor 3 raw distributed force raw_idx 117 fz,xhand SDK sensor_data[3].raw_force[117].fz,,"measured sensor value, unless fallback",,,,state[1581]=sensor_data[3].raw_force[117].fz,,xhand.py copies SDK order; xhand_control_ros2.cpp copies raw_force[k].fx/fy/fz,True
1582,observation.state,hand_tactile_sensor_3.raw_force_118.fx,tactile sensor 3 raw distributed force raw_idx 118 fx,xhand SDK sensor_data[3].raw_force[118].fx,,"measured sensor value, unless fallback",,,,state[1582]=sensor_data[3].raw_force[118].fx,,xhand.py copies SDK order; xhand_control_ros2.cpp copies raw_force[k].fx/fy/fz,True
1583,observation.state,hand_tactile_sensor_3.raw_force_118.fy,tactile sensor 3 raw distributed force raw_idx 118 fy,xhand SDK sensor_data[3].raw_force[118].fy,,"measured sensor value, unless fallback",,,,state[1583]=sensor_data[3].raw_force[118].fy,,xhand.py copies SDK order; xhand_control_ros2.cpp copies raw_force[k].fx/fy/fz,True
1584,observation.state,hand_tactile_sensor_3.raw_force_118.fz,tactile sensor 3 raw distributed force raw_idx 118 fz,xhand SDK sensor_data[3].raw_force[118].fz,,"measured sensor value, unless fallback",,,,state[1584]=sensor_data[3].raw_force[118].fz,,xhand.py copies SDK order; xhand_control_ros2.cpp copies raw_force[k].fx/fy/fz,True
1585,observation.state,hand_tactile_sensor_3.raw_force_119.fx,tactile sensor 3 raw distributed force raw_idx 119 fx,xhand SDK sensor_data[3].raw_force[119].fx,,"measured sensor value, unless fallback",,,,state[1585]=sensor_data[3].raw_force[119].fx,,xhand.py copies SDK order; xhand_control_ros2.cpp copies raw_force[k].fx/fy/fz,True
1586,observation.state,hand_tactile_sensor_3.raw_force_119.fy,tactile sensor 3 raw distributed force raw_idx 119 fy,xhand SDK sensor_data[3].raw_force[119].fy,,"measured sensor value, unless fallback",,,,state[1586]=sensor_data[3].raw_force[119].fy,,xhand.py copies SDK order; xhand_control_ros2.cpp copies raw_force[k].fx/fy/fz,True
1587,observation.state,hand_tactile_sensor_3.raw_force_119.fz,tactile sensor 3 raw distributed force raw_idx 119 fz,xhand SDK sensor_data[3].raw_force[119].fz,,"measured sensor value, unless fallback",,,,state[1587]=sensor_data[3].raw_force[119].fz,,xhand.py copies SDK order; xhand_control_ros2.cpp copies raw_force[k].fx/fy/fz,True
1588,observation.state,hand_tactile_sensor_4.calc_force.fx,tactile sensor 4 calc_force fx,xhand SDK sensor_data[4].calc_force.fx,,"measured sensor value, unless fallback",,,,state[1588]=sensor_data[4].calc_force.fx,,xhand.py:_force_data_to_array,True
1589,observation.state,hand_tactile_sensor_4.calc_force.fy,tactile sensor 4 calc_force fy,xhand SDK sensor_data[4].calc_force.fy,,"measured sensor value, unless fallback",,,,state[1589]=sensor_data[4].calc_force.fy,,xhand.py:_force_data_to_array,True
1590,observation.state,hand_tactile_sensor_4.calc_force.fz,tactile sensor 4 calc_force fz,xhand SDK sensor_data[4].calc_force.fz,,"measured sensor value, unless fallback",,,,state[1590]=sensor_data[4].calc_force.fz,,xhand.py:_force_data_to_array,True
1591,observation.state,hand_tactile_sensor_4.calc_temperature,tactile sensor 4 calc_temperature,xhand SDK sensor_data[4].calc_temperature,,"measured sensor value, unless fallback",,,,state[1591]=sensor_data[4].calc_temperature,,xhand.py:_read_hand_state,True
1592,observation.state,hand_tactile_sensor_4.temperature_0,tactile sensor 4 temperature_0,xhand SDK sensor_data[4].temperature[0],,"measured sensor value, unless fallback",,,,state[1592]=sensor_data[4].temperature[0],,xhand.py:_read_hand_state,True
1593,observation.state,hand_tactile_sensor_4.temperature_1,tactile sensor 4 temperature_1,xhand SDK sensor_data[4].temperature[1],,"measured sensor value, unless fallback",,,,state[1593]=sensor_data[4].temperature[1],,xhand.py:_read_hand_state,True
1594,observation.state,hand_tactile_sensor_4.temperature_2,tactile sensor 4 temperature_2,xhand SDK sensor_data[4].temperature[2],,"measured sensor value, unless fallback",,,,state[1594]=sensor_data[4].temperature[2],,xhand.py:_read_hand_state,True
1595,observation.state,hand_tactile_sensor_4.temperature_3,tactile sensor 4 temperature_3,xhand SDK sensor_data[4].temperature[3],,"measured sensor value, unless fallback",,,,state[1595]=sensor_data[4].temperature[3],,xhand.py:_read_hand_state,True
1596,observation.state,hand_tactile_sensor_4.temperature_4,tactile sensor 4 temperature_4,xhand SDK sensor_data[4].temperature[4],,"measured sensor value, unless fallback",,,,state[1596]=sensor_data[4].temperature[4],,xhand.py:_read_hand_state,True
1597,observation.state,hand_tactile_sensor_4.temperature_5,tactile sensor 4 temperature_5,xhand SDK sensor_data[4].temperature[5],,"measured sensor value, unless fallback",,,,state[1597]=sensor_data[4].temperature[5],,xhand.py:_read_hand_state,True
1598,observation.state,hand_tactile_sensor_4.temperature_6,tactile sensor 4 temperature_6,xhand SDK sensor_data[4].temperature[6],,"measured sensor value, unless fallback",,,,state[1598]=sensor_data[4].temperature[6],,xhand.py:_read_hand_state,True
1599,observation.state,hand_tactile_sensor_4.temperature_7,tactile sensor 4 temperature_7,xhand SDK sensor_data[4].temperature[7],,"measured sensor value, unless fallback",,,,state[1599]=sensor_data[4].temperature[7],,xhand.py:_read_hand_state,True
1600,observation.state,hand_tactile_sensor_4.temperature_8,tactile sensor 4 temperature_8,xhand SDK sensor_data[4].temperature[8],,"measured sensor value, unless fallback",,,,state[1600]=sensor_data[4].temperature[8],,xhand.py:_read_hand_state,True
1601,observation.state,hand_tactile_sensor_4.temperature_9,tactile sensor 4 temperature_9,xhand SDK sensor_data[4].temperature[9],,"measured sensor value, unless fallback",,,,state[1601]=sensor_data[4].temperature[9],,xhand.py:_read_hand_state,True
1602,observation.state,hand_tactile_sensor_4.temperature_10,tactile sensor 4 temperature_10,xhand SDK sensor_data[4].temperature[10],,"measured sensor value, unless fallback",,,,state[1602]=sensor_data[4].temperature[10],,xhand.py:_read_hand_state,True
1603,observation.state,hand_tactile_sensor_4.temperature_11,tactile sensor 4 temperature_11,xhand SDK sensor_data[4].temperature[11],,"measured sensor value, unless fallback",,,,state[1603]=sensor_data[4].temperature[11],,xhand.py:_read_hand_state,True
1604,observation.state,hand_tactile_sensor_4.temperature_12,tactile sensor 4 temperature_12,xhand SDK sensor_data[4].temperature[12],,"measured sensor value, unless fallback",,,,state[1604]=sensor_data[4].temperature[12],,xhand.py:_read_hand_state,True
1605,observation.state,hand_tactile_sensor_4.temperature_13,tactile sensor 4 temperature_13,xhand SDK sensor_data[4].temperature[13],,"measured sensor value, unless fallback",,,,state[1605]=sensor_data[4].temperature[13],,xhand.py:_read_hand_state,True
1606,observation.state,hand_tactile_sensor_4.temperature_14,tactile sensor 4 temperature_14,xhand SDK sensor_data[4].temperature[14],,"measured sensor value, unless fallback",,,,state[1606]=sensor_data[4].temperature[14],,xhand.py:_read_hand_state,True
1607,observation.state,hand_tactile_sensor_4.temperature_15,tactile sensor 4 temperature_15,xhand SDK sensor_data[4].temperature[15],,"measured sensor value, unless fallback",,,,state[1607]=sensor_data[4].temperature[15],,xhand.py:_read_hand_state,True
1608,observation.state,hand_tactile_sensor_4.temperature_16,tactile sensor 4 temperature_16,xhand SDK sensor_data[4].temperature[16],,"measured sensor value, unless fallback",,,,state[1608]=sensor_data[4].temperature[16],,xhand.py:_read_hand_state,True
1609,observation.state,hand_tactile_sensor_4.temperature_17,tactile sensor 4 temperature_17,xhand SDK sensor_data[4].temperature[17],,"measured sensor value, unless fallback",,,,state[1609]=sensor_data[4].temperature[17],,xhand.py:_read_hand_state,True
1610,observation.state,hand_tactile_sensor_4.temperature_18,tactile sensor 4 temperature_18,xhand SDK sensor_data[4].temperature[18],,"measured sensor value, unless fallback",,,,state[1610]=sensor_data[4].temperature[18],,xhand.py:_read_hand_state,True
1611,observation.state,hand_tactile_sensor_4.temperature_19,tactile sensor 4 temperature_19,xhand SDK sensor_data[4].temperature[19],,"measured sensor value, unless fallback",,,,state[1611]=sensor_data[4].temperature[19],,xhand.py:_read_hand_state,True
1612,observation.state,hand_tactile_sensor_4.raw_force_0.fx,tactile sensor 4 raw distributed force raw_idx 0 fx,xhand SDK sensor_data[4].raw_force[0].fx,,"measured sensor value, unless fallback",,,,state[1612]=sensor_data[4].raw_force[0].fx,,xhand.py copies SDK order; xhand_control_ros2.cpp copies raw_force[k].fx/fy/fz,True
1613,observation.state,hand_tactile_sensor_4.raw_force_0.fy,tactile sensor 4 raw distributed force raw_idx 0 fy,xhand SDK sensor_data[4].raw_force[0].fy,,"measured sensor value, unless fallback",,,,state[1613]=sensor_data[4].raw_force[0].fy,,xhand.py copies SDK order; xhand_control_ros2.cpp copies raw_force[k].fx/fy/fz,True
1614,observation.state,hand_tactile_sensor_4.raw_force_0.fz,tactile sensor 4 raw distributed force raw_idx 0 fz,xhand SDK sensor_data[4].raw_force[0].fz,,"measured sensor value, unless fallback",,,,state[1614]=sensor_data[4].raw_force[0].fz,,xhand.py copies SDK order; xhand_control_ros2.cpp copies raw_force[k].fx/fy/fz,True
1615,observation.state,hand_tactile_sensor_4.raw_force_1.fx,tactile sensor 4 raw distributed force raw_idx 1 fx,xhand SDK sensor_data[4].raw_force[1].fx,,"measured sensor value, unless fallback",,,,state[1615]=sensor_data[4].raw_force[1].fx,,xhand.py copies SDK order; xhand_control_ros2.cpp copies raw_force[k].fx/fy/fz,True
1616,observation.state,hand_tactile_sensor_4.raw_force_1.fy,tactile sensor 4 raw distributed force raw_idx 1 fy,xhand SDK sensor_data[4].raw_force[1].fy,,"measured sensor value, unless fallback",,,,state[1616]=sensor_data[4].raw_force[1].fy,,xhand.py copies SDK order; xhand_control_ros2.cpp copies raw_force[k].fx/fy/fz,True
1617,observation.state,hand_tactile_sensor_4.raw_force_1.fz,tactile sensor 4 raw distributed force raw_idx 1 fz,xhand SDK sensor_data[4].raw_force[1].fz,,"measured sensor value, unless fallback",,,,state[1617]=sensor_data[4].raw_force[1].fz,,xhand.py copies SDK order; xhand_control_ros2.cpp copies raw_force[k].fx/fy/fz,True
1618,observation.state,hand_tactile_sensor_4.raw_force_2.fx,tactile sensor 4 raw distributed force raw_idx 2 fx,xhand SDK sensor_data[4].raw_force[2].fx,,"measured sensor value, unless fallback",,,,state[1618]=sensor_data[4].raw_force[2].fx,,xhand.py copies SDK order; xhand_control_ros2.cpp copies raw_force[k].fx/fy/fz,True
1619,observation.state,hand_tactile_sensor_4.raw_force_2.fy,tactile sensor 4 raw distributed force raw_idx 2 fy,xhand SDK sensor_data[4].raw_force[2].fy,,"measured sensor value, unless fallback",,,,state[1619]=sensor_data[4].raw_force[2].fy,,xhand.py copies SDK order; xhand_control_ros2.cpp copies raw_force[k].fx/fy/fz,True
1620,observation.state,hand_tactile_sensor_4.raw_force_2.fz,tactile sensor 4 raw distributed force raw_idx 2 fz,xhand SDK sensor_data[4].raw_force[2].fz,,"measured sensor value, unless fallback",,,,state[1620]=sensor_data[4].raw_force[2].fz,,xhand.py copies SDK order; xhand_control_ros2.cpp copies raw_force[k].fx/fy/fz,True
1621,observation.state,hand_tactile_sensor_4.raw_force_3.fx,tactile sensor 4 raw distributed force raw_idx 3 fx,xhand SDK sensor_data[4].raw_force[3].fx,,"measured sensor value, unless fallback",,,,state[1621]=sensor_data[4].raw_force[3].fx,,xhand.py copies SDK order; xhand_control_ros2.cpp copies raw_force[k].fx/fy/fz,True
1622,observation.state,hand_tactile_sensor_4.raw_force_3.fy,tactile sensor 4 raw distributed force raw_idx 3 fy,xhand SDK sensor_data[4].raw_force[3].fy,,"measured sensor value, unless fallback",,,,state[1622]=sensor_data[4].raw_force[3].fy,,xhand.py copies SDK order; xhand_control_ros2.cpp copies raw_force[k].fx/fy/fz,True
1623,observation.state,hand_tactile_sensor_4.raw_force_3.fz,tactile sensor 4 raw distributed force raw_idx 3 fz,xhand SDK sensor_data[4].raw_force[3].fz,,"measured sensor value, unless fallback",,,,state[1623]=sensor_data[4].raw_force[3].fz,,xhand.py copies SDK order; xhand_control_ros2.cpp copies raw_force[k].fx/fy/fz,True
1624,observation.state,hand_tactile_sensor_4.raw_force_4.fx,tactile sensor 4 raw distributed force raw_idx 4 fx,xhand SDK sensor_data[4].raw_force[4].fx,,"measured sensor value, unless fallback",,,,state[1624]=sensor_data[4].raw_force[4].fx,,xhand.py copies SDK order; xhand_control_ros2.cpp copies raw_force[k].fx/fy/fz,True
1625,observation.state,hand_tactile_sensor_4.raw_force_4.fy,tactile sensor 4 raw distributed force raw_idx 4 fy,xhand SDK sensor_data[4].raw_force[4].fy,,"measured sensor value, unless fallback",,,,state[1625]=sensor_data[4].raw_force[4].fy,,xhand.py copies SDK order; xhand_control_ros2.cpp copies raw_force[k].fx/fy/fz,True
1626,observation.state,hand_tactile_sensor_4.raw_force_4.fz,tactile sensor 4 raw distributed force raw_idx 4 fz,xhand SDK sensor_data[4].raw_force[4].fz,,"measured sensor value, unless fallback",,,,state[1626]=sensor_data[4].raw_force[4].fz,,xhand.py copies SDK order; xhand_control_ros2.cpp copies raw_force[k].fx/fy/fz,True
1627,observation.state,hand_tactile_sensor_4.raw_force_5.fx,tactile sensor 4 raw distributed force raw_idx 5 fx,xhand SDK sensor_data[4].raw_force[5].fx,,"measured sensor value, unless fallback",,,,state[1627]=sensor_data[4].raw_force[5].fx,,xhand.py copies SDK order; xhand_control_ros2.cpp copies raw_force[k].fx/fy/fz,True
1628,observation.state,hand_tactile_sensor_4.raw_force_5.fy,tactile sensor 4 raw distributed force raw_idx 5 fy,xhand SDK sensor_data[4].raw_force[5].fy,,"measured sensor value, unless fallback",,,,state[1628]=sensor_data[4].raw_force[5].fy,,xhand.py copies SDK order; xhand_control_ros2.cpp copies raw_force[k].fx/fy/fz,True
1629,observation.state,hand_tactile_sensor_4.raw_force_5.fz,tactile sensor 4 raw distributed force raw_idx 5 fz,xhand SDK sensor_data[4].raw_force[5].fz,,"measured sensor value, unless fallback",,,,state[1629]=sensor_data[4].raw_force[5].fz,,xhand.py copies SDK order; xhand_control_ros2.cpp copies raw_force[k].fx/fy/fz,True
1630,observation.state,hand_tactile_sensor_4.raw_force_6.fx,tactile sensor 4 raw distributed force raw_idx 6 fx,xhand SDK sensor_data[4].raw_force[6].fx,,"measured sensor value, unless fallback",,,,state[1630]=sensor_data[4].raw_force[6].fx,,xhand.py copies SDK order; xhand_control_ros2.cpp copies raw_force[k].fx/fy/fz,True
1631,observation.state,hand_tactile_sensor_4.raw_force_6.fy,tactile sensor 4 raw distributed force raw_idx 6 fy,xhand SDK sensor_data[4].raw_force[6].fy,,"measured sensor value, unless fallback",,,,state[1631]=sensor_data[4].raw_force[6].fy,,xhand.py copies SDK order; xhand_control_ros2.cpp copies raw_force[k].fx/fy/fz,True
1632,observation.state,hand_tactile_sensor_4.raw_force_6.fz,tactile sensor 4 raw distributed force raw_idx 6 fz,xhand SDK sensor_data[4].raw_force[6].fz,,"measured sensor value, unless fallback",,,,state[1632]=sensor_data[4].raw_force[6].fz,,xhand.py copies SDK order; xhand_control_ros2.cpp copies raw_force[k].fx/fy/fz,True
1633,observation.state,hand_tactile_sensor_4.raw_force_7.fx,tactile sensor 4 raw distributed force raw_idx 7 fx,xhand SDK sensor_data[4].raw_force[7].fx,,"measured sensor value, unless fallback",,,,state[1633]=sensor_data[4].raw_force[7].fx,,xhand.py copies SDK order; xhand_control_ros2.cpp copies raw_force[k].fx/fy/fz,True
1634,observation.state,hand_tactile_sensor_4.raw_force_7.fy,tactile sensor 4 raw distributed force raw_idx 7 fy,xhand SDK sensor_data[4].raw_force[7].fy,,"measured sensor value, unless fallback",,,,state[1634]=sensor_data[4].raw_force[7].fy,,xhand.py copies SDK order; xhand_control_ros2.cpp copies raw_force[k].fx/fy/fz,True
1635,observation.state,hand_tactile_sensor_4.raw_force_7.fz,tactile sensor 4 raw distributed force raw_idx 7 fz,xhand SDK sensor_data[4].raw_force[7].fz,,"measured sensor value, unless fallback",,,,state[1635]=sensor_data[4].raw_force[7].fz,,xhand.py copies SDK order; xhand_control_ros2.cpp copies raw_force[k].fx/fy/fz,True
1636,observation.state,hand_tactile_sensor_4.raw_force_8.fx,tactile sensor 4 raw distributed force raw_idx 8 fx,xhand SDK sensor_data[4].raw_force[8].fx,,"measured sensor value, unless fallback",,,,state[1636]=sensor_data[4].raw_force[8].fx,,xhand.py copies SDK order; xhand_control_ros2.cpp copies raw_force[k].fx/fy/fz,True
1637,observation.state,hand_tactile_sensor_4.raw_force_8.fy,tactile sensor 4 raw distributed force raw_idx 8 fy,xhand SDK sensor_data[4].raw_force[8].fy,,"measured sensor value, unless fallback",,,,state[1637]=sensor_data[4].raw_force[8].fy,,xhand.py copies SDK order; xhand_control_ros2.cpp copies raw_force[k].fx/fy/fz,True
1638,observation.state,hand_tactile_sensor_4.raw_force_8.fz,tactile sensor 4 raw distributed force raw_idx 8 fz,xhand SDK sensor_data[4].raw_force[8].fz,,"measured sensor value, unless fallback",,,,state[1638]=sensor_data[4].raw_force[8].fz,,xhand.py copies SDK order; xhand_control_ros2.cpp copies raw_force[k].fx/fy/fz,True
1639,observation.state,hand_tactile_sensor_4.raw_force_9.fx,tactile sensor 4 raw distributed force raw_idx 9 fx,xhand SDK sensor_data[4].raw_force[9].fx,,"measured sensor value, unless fallback",,,,state[1639]=sensor_data[4].raw_force[9].fx,,xhand.py copies SDK order; xhand_control_ros2.cpp copies raw_force[k].fx/fy/fz,True
1640,observation.state,hand_tactile_sensor_4.raw_force_9.fy,tactile sensor 4 raw distributed force raw_idx 9 fy,xhand SDK sensor_data[4].raw_force[9].fy,,"measured sensor value, unless fallback",,,,state[1640]=sensor_data[4].raw_force[9].fy,,xhand.py copies SDK order; xhand_control_ros2.cpp copies raw_force[k].fx/fy/fz,True
1641,observation.state,hand_tactile_sensor_4.raw_force_9.fz,tactile sensor 4 raw distributed force raw_idx 9 fz,xhand SDK sensor_data[4].raw_force[9].fz,,"measured sensor value, unless fallback",,,,state[1641]=sensor_data[4].raw_force[9].fz,,xhand.py copies SDK order; xhand_control_ros2.cpp copies raw_force[k].fx/fy/fz,True
1642,observation.state,hand_tactile_sensor_4.raw_force_10.fx,tactile sensor 4 raw distributed force raw_idx 10 fx,xhand SDK sensor_data[4].raw_force[10].fx,,"measured sensor value, unless fallback",,,,state[1642]=sensor_data[4].raw_force[10].fx,,xhand.py copies SDK order; xhand_control_ros2.cpp copies raw_force[k].fx/fy/fz,True
1643,observation.state,hand_tactile_sensor_4.raw_force_10.fy,tactile sensor 4 raw distributed force raw_idx 10 fy,xhand SDK sensor_data[4].raw_force[10].fy,,"measured sensor value, unless fallback",,,,state[1643]=sensor_data[4].raw_force[10].fy,,xhand.py copies SDK order; xhand_control_ros2.cpp copies raw_force[k].fx/fy/fz,True
1644,observation.state,hand_tactile_sensor_4.raw_force_10.fz,tactile sensor 4 raw distributed force raw_idx 10 fz,xhand SDK sensor_data[4].raw_force[10].fz,,"measured sensor value, unless fallback",,,,state[1644]=sensor_data[4].raw_force[10].fz,,xhand.py copies SDK order; xhand_control_ros2.cpp copies raw_force[k].fx/fy/fz,True
1645,observation.state,hand_tactile_sensor_4.raw_force_11.fx,tactile sensor 4 raw distributed force raw_idx 11 fx,xhand SDK sensor_data[4].raw_force[11].fx,,"measured sensor value, unless fallback",,,,state[1645]=sensor_data[4].raw_force[11].fx,,xhand.py copies SDK order; xhand_control_ros2.cpp copies raw_force[k].fx/fy/fz,True
1646,observation.state,hand_tactile_sensor_4.raw_force_11.fy,tactile sensor 4 raw distributed force raw_idx 11 fy,xhand SDK sensor_data[4].raw_force[11].fy,,"measured sensor value, unless fallback",,,,state[1646]=sensor_data[4].raw_force[11].fy,,xhand.py copies SDK order; xhand_control_ros2.cpp copies raw_force[k].fx/fy/fz,True
1647,observation.state,hand_tactile_sensor_4.raw_force_11.fz,tactile sensor 4 raw distributed force raw_idx 11 fz,xhand SDK sensor_data[4].raw_force[11].fz,,"measured sensor value, unless fallback",,,,state[1647]=sensor_data[4].raw_force[11].fz,,xhand.py copies SDK order; xhand_control_ros2.cpp copies raw_force[k].fx/fy/fz,True
1648,observation.state,hand_tactile_sensor_4.raw_force_12.fx,tactile sensor 4 raw distributed force raw_idx 12 fx,xhand SDK sensor_data[4].raw_force[12].fx,,"measured sensor value, unless fallback",,,,state[1648]=sensor_data[4].raw_force[12].fx,,xhand.py copies SDK order; xhand_control_ros2.cpp copies raw_force[k].fx/fy/fz,True
1649,observation.state,hand_tactile_sensor_4.raw_force_12.fy,tactile sensor 4 raw distributed force raw_idx 12 fy,xhand SDK sensor_data[4].raw_force[12].fy,,"measured sensor value, unless fallback",,,,state[1649]=sensor_data[4].raw_force[12].fy,,xhand.py copies SDK order; xhand_control_ros2.cpp copies raw_force[k].fx/fy/fz,True
1650,observation.state,hand_tactile_sensor_4.raw_force_12.fz,tactile sensor 4 raw distributed force raw_idx 12 fz,xhand SDK sensor_data[4].raw_force[12].fz,,"measured sensor value, unless fallback",,,,state[1650]=sensor_data[4].raw_force[12].fz,,xhand.py copies SDK order; xhand_control_ros2.cpp copies raw_force[k].fx/fy/fz,True
1651,observation.state,hand_tactile_sensor_4.raw_force_13.fx,tactile sensor 4 raw distributed force raw_idx 13 fx,xhand SDK sensor_data[4].raw_force[13].fx,,"measured sensor value, unless fallback",,,,state[1651]=sensor_data[4].raw_force[13].fx,,xhand.py copies SDK order; xhand_control_ros2.cpp copies raw_force[k].fx/fy/fz,True
1652,observation.state,hand_tactile_sensor_4.raw_force_13.fy,tactile sensor 4 raw distributed force raw_idx 13 fy,xhand SDK sensor_data[4].raw_force[13].fy,,"measured sensor value, unless fallback",,,,state[1652]=sensor_data[4].raw_force[13].fy,,xhand.py copies SDK order; xhand_control_ros2.cpp copies raw_force[k].fx/fy/fz,True
1653,observation.state,hand_tactile_sensor_4.raw_force_13.fz,tactile sensor 4 raw distributed force raw_idx 13 fz,xhand SDK sensor_data[4].raw_force[13].fz,,"measured sensor value, unless fallback",,,,state[1653]=sensor_data[4].raw_force[13].fz,,xhand.py copies SDK order; xhand_control_ros2.cpp copies raw_force[k].fx/fy/fz,True
1654,observation.state,hand_tactile_sensor_4.raw_force_14.fx,tactile sensor 4 raw distributed force raw_idx 14 fx,xhand SDK sensor_data[4].raw_force[14].fx,,"measured sensor value, unless fallback",,,,state[1654]=sensor_data[4].raw_force[14].fx,,xhand.py copies SDK order; xhand_control_ros2.cpp copies raw_force[k].fx/fy/fz,True
1655,observation.state,hand_tactile_sensor_4.raw_force_14.fy,tactile sensor 4 raw distributed force raw_idx 14 fy,xhand SDK sensor_data[4].raw_force[14].fy,,"measured sensor value, unless fallback",,,,state[1655]=sensor_data[4].raw_force[14].fy,,xhand.py copies SDK order; xhand_control_ros2.cpp copies raw_force[k].fx/fy/fz,True
1656,observation.state,hand_tactile_sensor_4.raw_force_14.fz,tactile sensor 4 raw distributed force raw_idx 14 fz,xhand SDK sensor_data[4].raw_force[14].fz,,"measured sensor value, unless fallback",,,,state[1656]=sensor_data[4].raw_force[14].fz,,xhand.py copies SDK order; xhand_control_ros2.cpp copies raw_force[k].fx/fy/fz,True
1657,observation.state,hand_tactile_sensor_4.raw_force_15.fx,tactile sensor 4 raw distributed force raw_idx 15 fx,xhand SDK sensor_data[4].raw_force[15].fx,,"measured sensor value, unless fallback",,,,state[1657]=sensor_data[4].raw_force[15].fx,,xhand.py copies SDK order; xhand_control_ros2.cpp copies raw_force[k].fx/fy/fz,True
1658,observation.state,hand_tactile_sensor_4.raw_force_15.fy,tactile sensor 4 raw distributed force raw_idx 15 fy,xhand SDK sensor_data[4].raw_force[15].fy,,"measured sensor value, unless fallback",,,,state[1658]=sensor_data[4].raw_force[15].fy,,xhand.py copies SDK order; xhand_control_ros2.cpp copies raw_force[k].fx/fy/fz,True
1659,observation.state,hand_tactile_sensor_4.raw_force_15.fz,tactile sensor 4 raw distributed force raw_idx 15 fz,xhand SDK sensor_data[4].raw_force[15].fz,,"measured sensor value, unless fallback",,,,state[1659]=sensor_data[4].raw_force[15].fz,,xhand.py copies SDK order; xhand_control_ros2.cpp copies raw_force[k].fx/fy/fz,True
1660,observation.state,hand_tactile_sensor_4.raw_force_16.fx,tactile sensor 4 raw distributed force raw_idx 16 fx,xhand SDK sensor_data[4].raw_force[16].fx,,"measured sensor value, unless fallback",,,,state[1660]=sensor_data[4].raw_force[16].fx,,xhand.py copies SDK order; xhand_control_ros2.cpp copies raw_force[k].fx/fy/fz,True
1661,observation.state,hand_tactile_sensor_4.raw_force_16.fy,tactile sensor 4 raw distributed force raw_idx 16 fy,xhand SDK sensor_data[4].raw_force[16].fy,,"measured sensor value, unless fallback",,,,state[1661]=sensor_data[4].raw_force[16].fy,,xhand.py copies SDK order; xhand_control_ros2.cpp copies raw_force[k].fx/fy/fz,True
1662,observation.state,hand_tactile_sensor_4.raw_force_16.fz,tactile sensor 4 raw distributed force raw_idx 16 fz,xhand SDK sensor_data[4].raw_force[16].fz,,"measured sensor value, unless fallback",,,,state[1662]=sensor_data[4].raw_force[16].fz,,xhand.py copies SDK order; xhand_control_ros2.cpp copies raw_force[k].fx/fy/fz,True
1663,observation.state,hand_tactile_sensor_4.raw_force_17.fx,tactile sensor 4 raw distributed force raw_idx 17 fx,xhand SDK sensor_data[4].raw_force[17].fx,,"measured sensor value, unless fallback",,,,state[1663]=sensor_data[4].raw_force[17].fx,,xhand.py copies SDK order; xhand_control_ros2.cpp copies raw_force[k].fx/fy/fz,True
1664,observation.state,hand_tactile_sensor_4.raw_force_17.fy,tactile sensor 4 raw distributed force raw_idx 17 fy,xhand SDK sensor_data[4].raw_force[17].fy,,"measured sensor value, unless fallback",,,,state[1664]=sensor_data[4].raw_force[17].fy,,xhand.py copies SDK order; xhand_control_ros2.cpp copies raw_force[k].fx/fy/fz,True
1665,observation.state,hand_tactile_sensor_4.raw_force_17.fz,tactile sensor 4 raw distributed force raw_idx 17 fz,xhand SDK sensor_data[4].raw_force[17].fz,,"measured sensor value, unless fallback",,,,state[1665]=sensor_data[4].raw_force[17].fz,,xhand.py copies SDK order; xhand_control_ros2.cpp copies raw_force[k].fx/fy/fz,True
1666,observation.state,hand_tactile_sensor_4.raw_force_18.fx,tactile sensor 4 raw distributed force raw_idx 18 fx,xhand SDK sensor_data[4].raw_force[18].fx,,"measured sensor value, unless fallback",,,,state[1666]=sensor_data[4].raw_force[18].fx,,xhand.py copies SDK order; xhand_control_ros2.cpp copies raw_force[k].fx/fy/fz,True
1667,observation.state,hand_tactile_sensor_4.raw_force_18.fy,tactile sensor 4 raw distributed force raw_idx 18 fy,xhand SDK sensor_data[4].raw_force[18].fy,,"measured sensor value, unless fallback",,,,state[1667]=sensor_data[4].raw_force[18].fy,,xhand.py copies SDK order; xhand_control_ros2.cpp copies raw_force[k].fx/fy/fz,True
1668,observation.state,hand_tactile_sensor_4.raw_force_18.fz,tactile sensor 4 raw distributed force raw_idx 18 fz,xhand SDK sensor_data[4].raw_force[18].fz,,"measured sensor value, unless fallback",,,,state[1668]=sensor_data[4].raw_force[18].fz,,xhand.py copies SDK order; xhand_control_ros2.cpp copies raw_force[k].fx/fy/fz,True
1669,observation.state,hand_tactile_sensor_4.raw_force_19.fx,tactile sensor 4 raw distributed force raw_idx 19 fx,xhand SDK sensor_data[4].raw_force[19].fx,,"measured sensor value, unless fallback",,,,state[1669]=sensor_data[4].raw_force[19].fx,,xhand.py copies SDK order; xhand_control_ros2.cpp copies raw_force[k].fx/fy/fz,True
1670,observation.state,hand_tactile_sensor_4.raw_force_19.fy,tactile sensor 4 raw distributed force raw_idx 19 fy,xhand SDK sensor_data[4].raw_force[19].fy,,"measured sensor value, unless fallback",,,,state[1670]=sensor_data[4].raw_force[19].fy,,xhand.py copies SDK order; xhand_control_ros2.cpp copies raw_force[k].fx/fy/fz,True
1671,observation.state,hand_tactile_sensor_4.raw_force_19.fz,tactile sensor 4 raw distributed force raw_idx 19 fz,xhand SDK sensor_data[4].raw_force[19].fz,,"measured sensor value, unless fallback",,,,state[1671]=sensor_data[4].raw_force[19].fz,,xhand.py copies SDK order; xhand_control_ros2.cpp copies raw_force[k].fx/fy/fz,True
1672,observation.state,hand_tactile_sensor_4.raw_force_20.fx,tactile sensor 4 raw distributed force raw_idx 20 fx,xhand SDK sensor_data[4].raw_force[20].fx,,"measured sensor value, unless fallback",,,,state[1672]=sensor_data[4].raw_force[20].fx,,xhand.py copies SDK order; xhand_control_ros2.cpp copies raw_force[k].fx/fy/fz,True
1673,observation.state,hand_tactile_sensor_4.raw_force_20.fy,tactile sensor 4 raw distributed force raw_idx 20 fy,xhand SDK sensor_data[4].raw_force[20].fy,,"measured sensor value, unless fallback",,,,state[1673]=sensor_data[4].raw_force[20].fy,,xhand.py copies SDK order; xhand_control_ros2.cpp copies raw_force[k].fx/fy/fz,True
1674,observation.state,hand_tactile_sensor_4.raw_force_20.fz,tactile sensor 4 raw distributed force raw_idx 20 fz,xhand SDK sensor_data[4].raw_force[20].fz,,"measured sensor value, unless fallback",,,,state[1674]=sensor_data[4].raw_force[20].fz,,xhand.py copies SDK order; xhand_control_ros2.cpp copies raw_force[k].fx/fy/fz,True
1675,observation.state,hand_tactile_sensor_4.raw_force_21.fx,tactile sensor 4 raw distributed force raw_idx 21 fx,xhand SDK sensor_data[4].raw_force[21].fx,,"measured sensor value, unless fallback",,,,state[1675]=sensor_data[4].raw_force[21].fx,,xhand.py copies SDK order; xhand_control_ros2.cpp copies raw_force[k].fx/fy/fz,True
1676,observation.state,hand_tactile_sensor_4.raw_force_21.fy,tactile sensor 4 raw distributed force raw_idx 21 fy,xhand SDK sensor_data[4].raw_force[21].fy,,"measured sensor value, unless fallback",,,,state[1676]=sensor_data[4].raw_force[21].fy,,xhand.py copies SDK order; xhand_control_ros2.cpp copies raw_force[k].fx/fy/fz,True
1677,observation.state,hand_tactile_sensor_4.raw_force_21.fz,tactile sensor 4 raw distributed force raw_idx 21 fz,xhand SDK sensor_data[4].raw_force[21].fz,,"measured sensor value, unless fallback",,,,state[1677]=sensor_data[4].raw_force[21].fz,,xhand.py copies SDK order; xhand_control_ros2.cpp copies raw_force[k].fx/fy/fz,True
1678,observation.state,hand_tactile_sensor_4.raw_force_22.fx,tactile sensor 4 raw distributed force raw_idx 22 fx,xhand SDK sensor_data[4].raw_force[22].fx,,"measured sensor value, unless fallback",,,,state[1678]=sensor_data[4].raw_force[22].fx,,xhand.py copies SDK order; xhand_control_ros2.cpp copies raw_force[k].fx/fy/fz,True
1679,observation.state,hand_tactile_sensor_4.raw_force_22.fy,tactile sensor 4 raw distributed force raw_idx 22 fy,xhand SDK sensor_data[4].raw_force[22].fy,,"measured sensor value, unless fallback",,,,state[1679]=sensor_data[4].raw_force[22].fy,,xhand.py copies SDK order; xhand_control_ros2.cpp copies raw_force[k].fx/fy/fz,True
1680,observation.state,hand_tactile_sensor_4.raw_force_22.fz,tactile sensor 4 raw distributed force raw_idx 22 fz,xhand SDK sensor_data[4].raw_force[22].fz,,"measured sensor value, unless fallback",,,,state[1680]=sensor_data[4].raw_force[22].fz,,xhand.py copies SDK order; xhand_control_ros2.cpp copies raw_force[k].fx/fy/fz,True
1681,observation.state,hand_tactile_sensor_4.raw_force_23.fx,tactile sensor 4 raw distributed force raw_idx 23 fx,xhand SDK sensor_data[4].raw_force[23].fx,,"measured sensor value, unless fallback",,,,state[1681]=sensor_data[4].raw_force[23].fx,,xhand.py copies SDK order; xhand_control_ros2.cpp copies raw_force[k].fx/fy/fz,True
1682,observation.state,hand_tactile_sensor_4.raw_force_23.fy,tactile sensor 4 raw distributed force raw_idx 23 fy,xhand SDK sensor_data[4].raw_force[23].fy,,"measured sensor value, unless fallback",,,,state[1682]=sensor_data[4].raw_force[23].fy,,xhand.py copies SDK order; xhand_control_ros2.cpp copies raw_force[k].fx/fy/fz,True
1683,observation.state,hand_tactile_sensor_4.raw_force_23.fz,tactile sensor 4 raw distributed force raw_idx 23 fz,xhand SDK sensor_data[4].raw_force[23].fz,,"measured sensor value, unless fallback",,,,state[1683]=sensor_data[4].raw_force[23].fz,,xhand.py copies SDK order; xhand_control_ros2.cpp copies raw_force[k].fx/fy/fz,True
1684,observation.state,hand_tactile_sensor_4.raw_force_24.fx,tactile sensor 4 raw distributed force raw_idx 24 fx,xhand SDK sensor_data[4].raw_force[24].fx,,"measured sensor value, unless fallback",,,,state[1684]=sensor_data[4].raw_force[24].fx,,xhand.py copies SDK order; xhand_control_ros2.cpp copies raw_force[k].fx/fy/fz,True
1685,observation.state,hand_tactile_sensor_4.raw_force_24.fy,tactile sensor 4 raw distributed force raw_idx 24 fy,xhand SDK sensor_data[4].raw_force[24].fy,,"measured sensor value, unless fallback",,,,state[1685]=sensor_data[4].raw_force[24].fy,,xhand.py copies SDK order; xhand_control_ros2.cpp copies raw_force[k].fx/fy/fz,True
1686,observation.state,hand_tactile_sensor_4.raw_force_24.fz,tactile sensor 4 raw distributed force raw_idx 24 fz,xhand SDK sensor_data[4].raw_force[24].fz,,"measured sensor value, unless fallback",,,,state[1686]=sensor_data[4].raw_force[24].fz,,xhand.py copies SDK order; xhand_control_ros2.cpp copies raw_force[k].fx/fy/fz,True
1687,observation.state,hand_tactile_sensor_4.raw_force_25.fx,tactile sensor 4 raw distributed force raw_idx 25 fx,xhand SDK sensor_data[4].raw_force[25].fx,,"measured sensor value, unless fallback",,,,state[1687]=sensor_data[4].raw_force[25].fx,,xhand.py copies SDK order; xhand_control_ros2.cpp copies raw_force[k].fx/fy/fz,True
1688,observation.state,hand_tactile_sensor_4.raw_force_25.fy,tactile sensor 4 raw distributed force raw_idx 25 fy,xhand SDK sensor_data[4].raw_force[25].fy,,"measured sensor value, unless fallback",,,,state[1688]=sensor_data[4].raw_force[25].fy,,xhand.py copies SDK order; xhand_control_ros2.cpp copies raw_force[k].fx/fy/fz,True
1689,observation.state,hand_tactile_sensor_4.raw_force_25.fz,tactile sensor 4 raw distributed force raw_idx 25 fz,xhand SDK sensor_data[4].raw_force[25].fz,,"measured sensor value, unless fallback",,,,state[1689]=sensor_data[4].raw_force[25].fz,,xhand.py copies SDK order; xhand_control_ros2.cpp copies raw_force[k].fx/fy/fz,True
1690,observation.state,hand_tactile_sensor_4.raw_force_26.fx,tactile sensor 4 raw distributed force raw_idx 26 fx,xhand SDK sensor_data[4].raw_force[26].fx,,"measured sensor value, unless fallback",,,,state[1690]=sensor_data[4].raw_force[26].fx,,xhand.py copies SDK order; xhand_control_ros2.cpp copies raw_force[k].fx/fy/fz,True
1691,observation.state,hand_tactile_sensor_4.raw_force_26.fy,tactile sensor 4 raw distributed force raw_idx 26 fy,xhand SDK sensor_data[4].raw_force[26].fy,,"measured sensor value, unless fallback",,,,state[1691]=sensor_data[4].raw_force[26].fy,,xhand.py copies SDK order; xhand_control_ros2.cpp copies raw_force[k].fx/fy/fz,True
1692,observation.state,hand_tactile_sensor_4.raw_force_26.fz,tactile sensor 4 raw distributed force raw_idx 26 fz,xhand SDK sensor_data[4].raw_force[26].fz,,"measured sensor value, unless fallback",,,,state[1692]=sensor_data[4].raw_force[26].fz,,xhand.py copies SDK order; xhand_control_ros2.cpp copies raw_force[k].fx/fy/fz,True
1693,observation.state,hand_tactile_sensor_4.raw_force_27.fx,tactile sensor 4 raw distributed force raw_idx 27 fx,xhand SDK sensor_data[4].raw_force[27].fx,,"measured sensor value, unless fallback",,,,state[1693]=sensor_data[4].raw_force[27].fx,,xhand.py copies SDK order; xhand_control_ros2.cpp copies raw_force[k].fx/fy/fz,True
1694,observation.state,hand_tactile_sensor_4.raw_force_27.fy,tactile sensor 4 raw distributed force raw_idx 27 fy,xhand SDK sensor_data[4].raw_force[27].fy,,"measured sensor value, unless fallback",,,,state[1694]=sensor_data[4].raw_force[27].fy,,xhand.py copies SDK order; xhand_control_ros2.cpp copies raw_force[k].fx/fy/fz,True
1695,observation.state,hand_tactile_sensor_4.raw_force_27.fz,tactile sensor 4 raw distributed force raw_idx 27 fz,xhand SDK sensor_data[4].raw_force[27].fz,,"measured sensor value, unless fallback",,,,state[1695]=sensor_data[4].raw_force[27].fz,,xhand.py copies SDK order; xhand_control_ros2.cpp copies raw_force[k].fx/fy/fz,True
1696,observation.state,hand_tactile_sensor_4.raw_force_28.fx,tactile sensor 4 raw distributed force raw_idx 28 fx,xhand SDK sensor_data[4].raw_force[28].fx,,"measured sensor value, unless fallback",,,,state[1696]=sensor_data[4].raw_force[28].fx,,xhand.py copies SDK order; xhand_control_ros2.cpp copies raw_force[k].fx/fy/fz,True
1697,observation.state,hand_tactile_sensor_4.raw_force_28.fy,tactile sensor 4 raw distributed force raw_idx 28 fy,xhand SDK sensor_data[4].raw_force[28].fy,,"measured sensor value, unless fallback",,,,state[1697]=sensor_data[4].raw_force[28].fy,,xhand.py copies SDK order; xhand_control_ros2.cpp copies raw_force[k].fx/fy/fz,True
1698,observation.state,hand_tactile_sensor_4.raw_force_28.fz,tactile sensor 4 raw distributed force raw_idx 28 fz,xhand SDK sensor_data[4].raw_force[28].fz,,"measured sensor value, unless fallback",,,,state[1698]=sensor_data[4].raw_force[28].fz,,xhand.py copies SDK order; xhand_control_ros2.cpp copies raw_force[k].fx/fy/fz,True
1699,observation.state,hand_tactile_sensor_4.raw_force_29.fx,tactile sensor 4 raw distributed force raw_idx 29 fx,xhand SDK sensor_data[4].raw_force[29].fx,,"measured sensor value, unless fallback",,,,state[1699]=sensor_data[4].raw_force[29].fx,,xhand.py copies SDK order; xhand_control_ros2.cpp copies raw_force[k].fx/fy/fz,True
1700,observation.state,hand_tactile_sensor_4.raw_force_29.fy,tactile sensor 4 raw distributed force raw_idx 29 fy,xhand SDK sensor_data[4].raw_force[29].fy,,"measured sensor value, unless fallback",,,,state[1700]=sensor_data[4].raw_force[29].fy,,xhand.py copies SDK order; xhand_control_ros2.cpp copies raw_force[k].fx/fy/fz,True
1701,observation.state,hand_tactile_sensor_4.raw_force_29.fz,tactile sensor 4 raw distributed force raw_idx 29 fz,xhand SDK sensor_data[4].raw_force[29].fz,,"measured sensor value, unless fallback",,,,state[1701]=sensor_data[4].raw_force[29].fz,,xhand.py copies SDK order; xhand_control_ros2.cpp copies raw_force[k].fx/fy/fz,True
1702,observation.state,hand_tactile_sensor_4.raw_force_30.fx,tactile sensor 4 raw distributed force raw_idx 30 fx,xhand SDK sensor_data[4].raw_force[30].fx,,"measured sensor value, unless fallback",,,,state[1702]=sensor_data[4].raw_force[30].fx,,xhand.py copies SDK order; xhand_control_ros2.cpp copies raw_force[k].fx/fy/fz,True
1703,observation.state,hand_tactile_sensor_4.raw_force_30.fy,tactile sensor 4 raw distributed force raw_idx 30 fy,xhand SDK sensor_data[4].raw_force[30].fy,,"measured sensor value, unless fallback",,,,state[1703]=sensor_data[4].raw_force[30].fy,,xhand.py copies SDK order; xhand_control_ros2.cpp copies raw_force[k].fx/fy/fz,True
1704,observation.state,hand_tactile_sensor_4.raw_force_30.fz,tactile sensor 4 raw distributed force raw_idx 30 fz,xhand SDK sensor_data[4].raw_force[30].fz,,"measured sensor value, unless fallback",,,,state[1704]=sensor_data[4].raw_force[30].fz,,xhand.py copies SDK order; xhand_control_ros2.cpp copies raw_force[k].fx/fy/fz,True
1705,observation.state,hand_tactile_sensor_4.raw_force_31.fx,tactile sensor 4 raw distributed force raw_idx 31 fx,xhand SDK sensor_data[4].raw_force[31].fx,,"measured sensor value, unless fallback",,,,state[1705]=sensor_data[4].raw_force[31].fx,,xhand.py copies SDK order; xhand_control_ros2.cpp copies raw_force[k].fx/fy/fz,True
1706,observation.state,hand_tactile_sensor_4.raw_force_31.fy,tactile sensor 4 raw distributed force raw_idx 31 fy,xhand SDK sensor_data[4].raw_force[31].fy,,"measured sensor value, unless fallback",,,,state[1706]=sensor_data[4].raw_force[31].fy,,xhand.py copies SDK order; xhand_control_ros2.cpp copies raw_force[k].fx/fy/fz,True
1707,observation.state,hand_tactile_sensor_4.raw_force_31.fz,tactile sensor 4 raw distributed force raw_idx 31 fz,xhand SDK sensor_data[4].raw_force[31].fz,,"measured sensor value, unless fallback",,,,state[1707]=sensor_data[4].raw_force[31].fz,,xhand.py copies SDK order; xhand_control_ros2.cpp copies raw_force[k].fx/fy/fz,True
1708,observation.state,hand_tactile_sensor_4.raw_force_32.fx,tactile sensor 4 raw distributed force raw_idx 32 fx,xhand SDK sensor_data[4].raw_force[32].fx,,"measured sensor value, unless fallback",,,,state[1708]=sensor_data[4].raw_force[32].fx,,xhand.py copies SDK order; xhand_control_ros2.cpp copies raw_force[k].fx/fy/fz,True
1709,observation.state,hand_tactile_sensor_4.raw_force_32.fy,tactile sensor 4 raw distributed force raw_idx 32 fy,xhand SDK sensor_data[4].raw_force[32].fy,,"measured sensor value, unless fallback",,,,state[1709]=sensor_data[4].raw_force[32].fy,,xhand.py copies SDK order; xhand_control_ros2.cpp copies raw_force[k].fx/fy/fz,True
1710,observation.state,hand_tactile_sensor_4.raw_force_32.fz,tactile sensor 4 raw distributed force raw_idx 32 fz,xhand SDK sensor_data[4].raw_force[32].fz,,"measured sensor value, unless fallback",,,,state[1710]=sensor_data[4].raw_force[32].fz,,xhand.py copies SDK order; xhand_control_ros2.cpp copies raw_force[k].fx/fy/fz,True
1711,observation.state,hand_tactile_sensor_4.raw_force_33.fx,tactile sensor 4 raw distributed force raw_idx 33 fx,xhand SDK sensor_data[4].raw_force[33].fx,,"measured sensor value, unless fallback",,,,state[1711]=sensor_data[4].raw_force[33].fx,,xhand.py copies SDK order; xhand_control_ros2.cpp copies raw_force[k].fx/fy/fz,True
1712,observation.state,hand_tactile_sensor_4.raw_force_33.fy,tactile sensor 4 raw distributed force raw_idx 33 fy,xhand SDK sensor_data[4].raw_force[33].fy,,"measured sensor value, unless fallback",,,,state[1712]=sensor_data[4].raw_force[33].fy,,xhand.py copies SDK order; xhand_control_ros2.cpp copies raw_force[k].fx/fy/fz,True
1713,observation.state,hand_tactile_sensor_4.raw_force_33.fz,tactile sensor 4 raw distributed force raw_idx 33 fz,xhand SDK sensor_data[4].raw_force[33].fz,,"measured sensor value, unless fallback",,,,state[1713]=sensor_data[4].raw_force[33].fz,,xhand.py copies SDK order; xhand_control_ros2.cpp copies raw_force[k].fx/fy/fz,True
1714,observation.state,hand_tactile_sensor_4.raw_force_34.fx,tactile sensor 4 raw distributed force raw_idx 34 fx,xhand SDK sensor_data[4].raw_force[34].fx,,"measured sensor value, unless fallback",,,,state[1714]=sensor_data[4].raw_force[34].fx,,xhand.py copies SDK order; xhand_control_ros2.cpp copies raw_force[k].fx/fy/fz,True
1715,observation.state,hand_tactile_sensor_4.raw_force_34.fy,tactile sensor 4 raw distributed force raw_idx 34 fy,xhand SDK sensor_data[4].raw_force[34].fy,,"measured sensor value, unless fallback",,,,state[1715]=sensor_data[4].raw_force[34].fy,,xhand.py copies SDK order; xhand_control_ros2.cpp copies raw_force[k].fx/fy/fz,True
1716,observation.state,hand_tactile_sensor_4.raw_force_34.fz,tactile sensor 4 raw distributed force raw_idx 34 fz,xhand SDK sensor_data[4].raw_force[34].fz,,"measured sensor value, unless fallback",,,,state[1716]=sensor_data[4].raw_force[34].fz,,xhand.py copies SDK order; xhand_control_ros2.cpp copies raw_force[k].fx/fy/fz,True
1717,observation.state,hand_tactile_sensor_4.raw_force_35.fx,tactile sensor 4 raw distributed force raw_idx 35 fx,xhand SDK sensor_data[4].raw_force[35].fx,,"measured sensor value, unless fallback",,,,state[1717]=sensor_data[4].raw_force[35].fx,,xhand.py copies SDK order; xhand_control_ros2.cpp copies raw_force[k].fx/fy/fz,True
1718,observation.state,hand_tactile_sensor_4.raw_force_35.fy,tactile sensor 4 raw distributed force raw_idx 35 fy,xhand SDK sensor_data[4].raw_force[35].fy,,"measured sensor value, unless fallback",,,,state[1718]=sensor_data[4].raw_force[35].fy,,xhand.py copies SDK order; xhand_control_ros2.cpp copies raw_force[k].fx/fy/fz,True
1719,observation.state,hand_tactile_sensor_4.raw_force_35.fz,tactile sensor 4 raw distributed force raw_idx 35 fz,xhand SDK sensor_data[4].raw_force[35].fz,,"measured sensor value, unless fallback",,,,state[1719]=sensor_data[4].raw_force[35].fz,,xhand.py copies SDK order; xhand_control_ros2.cpp copies raw_force[k].fx/fy/fz,True
1720,observation.state,hand_tactile_sensor_4.raw_force_36.fx,tactile sensor 4 raw distributed force raw_idx 36 fx,xhand SDK sensor_data[4].raw_force[36].fx,,"measured sensor value, unless fallback",,,,state[1720]=sensor_data[4].raw_force[36].fx,,xhand.py copies SDK order; xhand_control_ros2.cpp copies raw_force[k].fx/fy/fz,True
1721,observation.state,hand_tactile_sensor_4.raw_force_36.fy,tactile sensor 4 raw distributed force raw_idx 36 fy,xhand SDK sensor_data[4].raw_force[36].fy,,"measured sensor value, unless fallback",,,,state[1721]=sensor_data[4].raw_force[36].fy,,xhand.py copies SDK order; xhand_control_ros2.cpp copies raw_force[k].fx/fy/fz,True
1722,observation.state,hand_tactile_sensor_4.raw_force_36.fz,tactile sensor 4 raw distributed force raw_idx 36 fz,xhand SDK sensor_data[4].raw_force[36].fz,,"measured sensor value, unless fallback",,,,state[1722]=sensor_data[4].raw_force[36].fz,,xhand.py copies SDK order; xhand_control_ros2.cpp copies raw_force[k].fx/fy/fz,True
1723,observation.state,hand_tactile_sensor_4.raw_force_37.fx,tactile sensor 4 raw distributed force raw_idx 37 fx,xhand SDK sensor_data[4].raw_force[37].fx,,"measured sensor value, unless fallback",,,,state[1723]=sensor_data[4].raw_force[37].fx,,xhand.py copies SDK order; xhand_control_ros2.cpp copies raw_force[k].fx/fy/fz,True
1724,observation.state,hand_tactile_sensor_4.raw_force_37.fy,tactile sensor 4 raw distributed force raw_idx 37 fy,xhand SDK sensor_data[4].raw_force[37].fy,,"measured sensor value, unless fallback",,,,state[1724]=sensor_data[4].raw_force[37].fy,,xhand.py copies SDK order; xhand_control_ros2.cpp copies raw_force[k].fx/fy/fz,True
1725,observation.state,hand_tactile_sensor_4.raw_force_37.fz,tactile sensor 4 raw distributed force raw_idx 37 fz,xhand SDK sensor_data[4].raw_force[37].fz,,"measured sensor value, unless fallback",,,,state[1725]=sensor_data[4].raw_force[37].fz,,xhand.py copies SDK order; xhand_control_ros2.cpp copies raw_force[k].fx/fy/fz,True
1726,observation.state,hand_tactile_sensor_4.raw_force_38.fx,tactile sensor 4 raw distributed force raw_idx 38 fx,xhand SDK sensor_data[4].raw_force[38].fx,,"measured sensor value, unless fallback",,,,state[1726]=sensor_data[4].raw_force[38].fx,,xhand.py copies SDK order; xhand_control_ros2.cpp copies raw_force[k].fx/fy/fz,True
1727,observation.state,hand_tactile_sensor_4.raw_force_38.fy,tactile sensor 4 raw distributed force raw_idx 38 fy,xhand SDK sensor_data[4].raw_force[38].fy,,"measured sensor value, unless fallback",,,,state[1727]=sensor_data[4].raw_force[38].fy,,xhand.py copies SDK order; xhand_control_ros2.cpp copies raw_force[k].fx/fy/fz,True
1728,observation.state,hand_tactile_sensor_4.raw_force_38.fz,tactile sensor 4 raw distributed force raw_idx 38 fz,xhand SDK sensor_data[4].raw_force[38].fz,,"measured sensor value, unless fallback",,,,state[1728]=sensor_data[4].raw_force[38].fz,,xhand.py copies SDK order; xhand_control_ros2.cpp copies raw_force[k].fx/fy/fz,True
1729,observation.state,hand_tactile_sensor_4.raw_force_39.fx,tactile sensor 4 raw distributed force raw_idx 39 fx,xhand SDK sensor_data[4].raw_force[39].fx,,"measured sensor value, unless fallback",,,,state[1729]=sensor_data[4].raw_force[39].fx,,xhand.py copies SDK order; xhand_control_ros2.cpp copies raw_force[k].fx/fy/fz,True
1730,observation.state,hand_tactile_sensor_4.raw_force_39.fy,tactile sensor 4 raw distributed force raw_idx 39 fy,xhand SDK sensor_data[4].raw_force[39].fy,,"measured sensor value, unless fallback",,,,state[1730]=sensor_data[4].raw_force[39].fy,,xhand.py copies SDK order; xhand_control_ros2.cpp copies raw_force[k].fx/fy/fz,True
1731,observation.state,hand_tactile_sensor_4.raw_force_39.fz,tactile sensor 4 raw distributed force raw_idx 39 fz,xhand SDK sensor_data[4].raw_force[39].fz,,"measured sensor value, unless fallback",,,,state[1731]=sensor_data[4].raw_force[39].fz,,xhand.py copies SDK order; xhand_control_ros2.cpp copies raw_force[k].fx/fy/fz,True
1732,observation.state,hand_tactile_sensor_4.raw_force_40.fx,tactile sensor 4 raw distributed force raw_idx 40 fx,xhand SDK sensor_data[4].raw_force[40].fx,,"measured sensor value, unless fallback",,,,state[1732]=sensor_data[4].raw_force[40].fx,,xhand.py copies SDK order; xhand_control_ros2.cpp copies raw_force[k].fx/fy/fz,True
1733,observation.state,hand_tactile_sensor_4.raw_force_40.fy,tactile sensor 4 raw distributed force raw_idx 40 fy,xhand SDK sensor_data[4].raw_force[40].fy,,"measured sensor value, unless fallback",,,,state[1733]=sensor_data[4].raw_force[40].fy,,xhand.py copies SDK order; xhand_control_ros2.cpp copies raw_force[k].fx/fy/fz,True
1734,observation.state,hand_tactile_sensor_4.raw_force_40.fz,tactile sensor 4 raw distributed force raw_idx 40 fz,xhand SDK sensor_data[4].raw_force[40].fz,,"measured sensor value, unless fallback",,,,state[1734]=sensor_data[4].raw_force[40].fz,,xhand.py copies SDK order; xhand_control_ros2.cpp copies raw_force[k].fx/fy/fz,True
1735,observation.state,hand_tactile_sensor_4.raw_force_41.fx,tactile sensor 4 raw distributed force raw_idx 41 fx,xhand SDK sensor_data[4].raw_force[41].fx,,"measured sensor value, unless fallback",,,,state[1735]=sensor_data[4].raw_force[41].fx,,xhand.py copies SDK order; xhand_control_ros2.cpp copies raw_force[k].fx/fy/fz,True
1736,observation.state,hand_tactile_sensor_4.raw_force_41.fy,tactile sensor 4 raw distributed force raw_idx 41 fy,xhand SDK sensor_data[4].raw_force[41].fy,,"measured sensor value, unless fallback",,,,state[1736]=sensor_data[4].raw_force[41].fy,,xhand.py copies SDK order; xhand_control_ros2.cpp copies raw_force[k].fx/fy/fz,True
1737,observation.state,hand_tactile_sensor_4.raw_force_41.fz,tactile sensor 4 raw distributed force raw_idx 41 fz,xhand SDK sensor_data[4].raw_force[41].fz,,"measured sensor value, unless fallback",,,,state[1737]=sensor_data[4].raw_force[41].fz,,xhand.py copies SDK order; xhand_control_ros2.cpp copies raw_force[k].fx/fy/fz,True
1738,observation.state,hand_tactile_sensor_4.raw_force_42.fx,tactile sensor 4 raw distributed force raw_idx 42 fx,xhand SDK sensor_data[4].raw_force[42].fx,,"measured sensor value, unless fallback",,,,state[1738]=sensor_data[4].raw_force[42].fx,,xhand.py copies SDK order; xhand_control_ros2.cpp copies raw_force[k].fx/fy/fz,True
1739,observation.state,hand_tactile_sensor_4.raw_force_42.fy,tactile sensor 4 raw distributed force raw_idx 42 fy,xhand SDK sensor_data[4].raw_force[42].fy,,"measured sensor value, unless fallback",,,,state[1739]=sensor_data[4].raw_force[42].fy,,xhand.py copies SDK order; xhand_control_ros2.cpp copies raw_force[k].fx/fy/fz,True
1740,observation.state,hand_tactile_sensor_4.raw_force_42.fz,tactile sensor 4 raw distributed force raw_idx 42 fz,xhand SDK sensor_data[4].raw_force[42].fz,,"measured sensor value, unless fallback",,,,state[1740]=sensor_data[4].raw_force[42].fz,,xhand.py copies SDK order; xhand_control_ros2.cpp copies raw_force[k].fx/fy/fz,True
1741,observation.state,hand_tactile_sensor_4.raw_force_43.fx,tactile sensor 4 raw distributed force raw_idx 43 fx,xhand SDK sensor_data[4].raw_force[43].fx,,"measured sensor value, unless fallback",,,,state[1741]=sensor_data[4].raw_force[43].fx,,xhand.py copies SDK order; xhand_control_ros2.cpp copies raw_force[k].fx/fy/fz,True
1742,observation.state,hand_tactile_sensor_4.raw_force_43.fy,tactile sensor 4 raw distributed force raw_idx 43 fy,xhand SDK sensor_data[4].raw_force[43].fy,,"measured sensor value, unless fallback",,,,state[1742]=sensor_data[4].raw_force[43].fy,,xhand.py copies SDK order; xhand_control_ros2.cpp copies raw_force[k].fx/fy/fz,True
1743,observation.state,hand_tactile_sensor_4.raw_force_43.fz,tactile sensor 4 raw distributed force raw_idx 43 fz,xhand SDK sensor_data[4].raw_force[43].fz,,"measured sensor value, unless fallback",,,,state[1743]=sensor_data[4].raw_force[43].fz,,xhand.py copies SDK order; xhand_control_ros2.cpp copies raw_force[k].fx/fy/fz,True
1744,observation.state,hand_tactile_sensor_4.raw_force_44.fx,tactile sensor 4 raw distributed force raw_idx 44 fx,xhand SDK sensor_data[4].raw_force[44].fx,,"measured sensor value, unless fallback",,,,state[1744]=sensor_data[4].raw_force[44].fx,,xhand.py copies SDK order; xhand_control_ros2.cpp copies raw_force[k].fx/fy/fz,True
1745,observation.state,hand_tactile_sensor_4.raw_force_44.fy,tactile sensor 4 raw distributed force raw_idx 44 fy,xhand SDK sensor_data[4].raw_force[44].fy,,"measured sensor value, unless fallback",,,,state[1745]=sensor_data[4].raw_force[44].fy,,xhand.py copies SDK order; xhand_control_ros2.cpp copies raw_force[k].fx/fy/fz,True
1746,observation.state,hand_tactile_sensor_4.raw_force_44.fz,tactile sensor 4 raw distributed force raw_idx 44 fz,xhand SDK sensor_data[4].raw_force[44].fz,,"measured sensor value, unless fallback",,,,state[1746]=sensor_data[4].raw_force[44].fz,,xhand.py copies SDK order; xhand_control_ros2.cpp copies raw_force[k].fx/fy/fz,True
1747,observation.state,hand_tactile_sensor_4.raw_force_45.fx,tactile sensor 4 raw distributed force raw_idx 45 fx,xhand SDK sensor_data[4].raw_force[45].fx,,"measured sensor value, unless fallback",,,,state[1747]=sensor_data[4].raw_force[45].fx,,xhand.py copies SDK order; xhand_control_ros2.cpp copies raw_force[k].fx/fy/fz,True
1748,observation.state,hand_tactile_sensor_4.raw_force_45.fy,tactile sensor 4 raw distributed force raw_idx 45 fy,xhand SDK sensor_data[4].raw_force[45].fy,,"measured sensor value, unless fallback",,,,state[1748]=sensor_data[4].raw_force[45].fy,,xhand.py copies SDK order; xhand_control_ros2.cpp copies raw_force[k].fx/fy/fz,True
1749,observation.state,hand_tactile_sensor_4.raw_force_45.fz,tactile sensor 4 raw distributed force raw_idx 45 fz,xhand SDK sensor_data[4].raw_force[45].fz,,"measured sensor value, unless fallback",,,,state[1749]=sensor_data[4].raw_force[45].fz,,xhand.py copies SDK order; xhand_control_ros2.cpp copies raw_force[k].fx/fy/fz,True
1750,observation.state,hand_tactile_sensor_4.raw_force_46.fx,tactile sensor 4 raw distributed force raw_idx 46 fx,xhand SDK sensor_data[4].raw_force[46].fx,,"measured sensor value, unless fallback",,,,state[1750]=sensor_data[4].raw_force[46].fx,,xhand.py copies SDK order; xhand_control_ros2.cpp copies raw_force[k].fx/fy/fz,True
1751,observation.state,hand_tactile_sensor_4.raw_force_46.fy,tactile sensor 4 raw distributed force raw_idx 46 fy,xhand SDK sensor_data[4].raw_force[46].fy,,"measured sensor value, unless fallback",,,,state[1751]=sensor_data[4].raw_force[46].fy,,xhand.py copies SDK order; xhand_control_ros2.cpp copies raw_force[k].fx/fy/fz,True
1752,observation.state,hand_tactile_sensor_4.raw_force_46.fz,tactile sensor 4 raw distributed force raw_idx 46 fz,xhand SDK sensor_data[4].raw_force[46].fz,,"measured sensor value, unless fallback",,,,state[1752]=sensor_data[4].raw_force[46].fz,,xhand.py copies SDK order; xhand_control_ros2.cpp copies raw_force[k].fx/fy/fz,True
1753,observation.state,hand_tactile_sensor_4.raw_force_47.fx,tactile sensor 4 raw distributed force raw_idx 47 fx,xhand SDK sensor_data[4].raw_force[47].fx,,"measured sensor value, unless fallback",,,,state[1753]=sensor_data[4].raw_force[47].fx,,xhand.py copies SDK order; xhand_control_ros2.cpp copies raw_force[k].fx/fy/fz,True
1754,observation.state,hand_tactile_sensor_4.raw_force_47.fy,tactile sensor 4 raw distributed force raw_idx 47 fy,xhand SDK sensor_data[4].raw_force[47].fy,,"measured sensor value, unless fallback",,,,state[1754]=sensor_data[4].raw_force[47].fy,,xhand.py copies SDK order; xhand_control_ros2.cpp copies raw_force[k].fx/fy/fz,True
1755,observation.state,hand_tactile_sensor_4.raw_force_47.fz,tactile sensor 4 raw distributed force raw_idx 47 fz,xhand SDK sensor_data[4].raw_force[47].fz,,"measured sensor value, unless fallback",,,,state[1755]=sensor_data[4].raw_force[47].fz,,xhand.py copies SDK order; xhand_control_ros2.cpp copies raw_force[k].fx/fy/fz,True
1756,observation.state,hand_tactile_sensor_4.raw_force_48.fx,tactile sensor 4 raw distributed force raw_idx 48 fx,xhand SDK sensor_data[4].raw_force[48].fx,,"measured sensor value, unless fallback",,,,state[1756]=sensor_data[4].raw_force[48].fx,,xhand.py copies SDK order; xhand_control_ros2.cpp copies raw_force[k].fx/fy/fz,True
1757,observation.state,hand_tactile_sensor_4.raw_force_48.fy,tactile sensor 4 raw distributed force raw_idx 48 fy,xhand SDK sensor_data[4].raw_force[48].fy,,"measured sensor value, unless fallback",,,,state[1757]=sensor_data[4].raw_force[48].fy,,xhand.py copies SDK order; xhand_control_ros2.cpp copies raw_force[k].fx/fy/fz,True
1758,observation.state,hand_tactile_sensor_4.raw_force_48.fz,tactile sensor 4 raw distributed force raw_idx 48 fz,xhand SDK sensor_data[4].raw_force[48].fz,,"measured sensor value, unless fallback",,,,state[1758]=sensor_data[4].raw_force[48].fz,,xhand.py copies SDK order; xhand_control_ros2.cpp copies raw_force[k].fx/fy/fz,True
1759,observation.state,hand_tactile_sensor_4.raw_force_49.fx,tactile sensor 4 raw distributed force raw_idx 49 fx,xhand SDK sensor_data[4].raw_force[49].fx,,"measured sensor value, unless fallback",,,,state[1759]=sensor_data[4].raw_force[49].fx,,xhand.py copies SDK order; xhand_control_ros2.cpp copies raw_force[k].fx/fy/fz,True
1760,observation.state,hand_tactile_sensor_4.raw_force_49.fy,tactile sensor 4 raw distributed force raw_idx 49 fy,xhand SDK sensor_data[4].raw_force[49].fy,,"measured sensor value, unless fallback",,,,state[1760]=sensor_data[4].raw_force[49].fy,,xhand.py copies SDK order; xhand_control_ros2.cpp copies raw_force[k].fx/fy/fz,True
1761,observation.state,hand_tactile_sensor_4.raw_force_49.fz,tactile sensor 4 raw distributed force raw_idx 49 fz,xhand SDK sensor_data[4].raw_force[49].fz,,"measured sensor value, unless fallback",,,,state[1761]=sensor_data[4].raw_force[49].fz,,xhand.py copies SDK order; xhand_control_ros2.cpp copies raw_force[k].fx/fy/fz,True
1762,observation.state,hand_tactile_sensor_4.raw_force_50.fx,tactile sensor 4 raw distributed force raw_idx 50 fx,xhand SDK sensor_data[4].raw_force[50].fx,,"measured sensor value, unless fallback",,,,state[1762]=sensor_data[4].raw_force[50].fx,,xhand.py copies SDK order; xhand_control_ros2.cpp copies raw_force[k].fx/fy/fz,True
1763,observation.state,hand_tactile_sensor_4.raw_force_50.fy,tactile sensor 4 raw distributed force raw_idx 50 fy,xhand SDK sensor_data[4].raw_force[50].fy,,"measured sensor value, unless fallback",,,,state[1763]=sensor_data[4].raw_force[50].fy,,xhand.py copies SDK order; xhand_control_ros2.cpp copies raw_force[k].fx/fy/fz,True
1764,observation.state,hand_tactile_sensor_4.raw_force_50.fz,tactile sensor 4 raw distributed force raw_idx 50 fz,xhand SDK sensor_data[4].raw_force[50].fz,,"measured sensor value, unless fallback",,,,state[1764]=sensor_data[4].raw_force[50].fz,,xhand.py copies SDK order; xhand_control_ros2.cpp copies raw_force[k].fx/fy/fz,True
1765,observation.state,hand_tactile_sensor_4.raw_force_51.fx,tactile sensor 4 raw distributed force raw_idx 51 fx,xhand SDK sensor_data[4].raw_force[51].fx,,"measured sensor value, unless fallback",,,,state[1765]=sensor_data[4].raw_force[51].fx,,xhand.py copies SDK order; xhand_control_ros2.cpp copies raw_force[k].fx/fy/fz,True
1766,observation.state,hand_tactile_sensor_4.raw_force_51.fy,tactile sensor 4 raw distributed force raw_idx 51 fy,xhand SDK sensor_data[4].raw_force[51].fy,,"measured sensor value, unless fallback",,,,state[1766]=sensor_data[4].raw_force[51].fy,,xhand.py copies SDK order; xhand_control_ros2.cpp copies raw_force[k].fx/fy/fz,True
1767,observation.state,hand_tactile_sensor_4.raw_force_51.fz,tactile sensor 4 raw distributed force raw_idx 51 fz,xhand SDK sensor_data[4].raw_force[51].fz,,"measured sensor value, unless fallback",,,,state[1767]=sensor_data[4].raw_force[51].fz,,xhand.py copies SDK order; xhand_control_ros2.cpp copies raw_force[k].fx/fy/fz,True
1768,observation.state,hand_tactile_sensor_4.raw_force_52.fx,tactile sensor 4 raw distributed force raw_idx 52 fx,xhand SDK sensor_data[4].raw_force[52].fx,,"measured sensor value, unless fallback",,,,state[1768]=sensor_data[4].raw_force[52].fx,,xhand.py copies SDK order; xhand_control_ros2.cpp copies raw_force[k].fx/fy/fz,True
1769,observation.state,hand_tactile_sensor_4.raw_force_52.fy,tactile sensor 4 raw distributed force raw_idx 52 fy,xhand SDK sensor_data[4].raw_force[52].fy,,"measured sensor value, unless fallback",,,,state[1769]=sensor_data[4].raw_force[52].fy,,xhand.py copies SDK order; xhand_control_ros2.cpp copies raw_force[k].fx/fy/fz,True
1770,observation.state,hand_tactile_sensor_4.raw_force_52.fz,tactile sensor 4 raw distributed force raw_idx 52 fz,xhand SDK sensor_data[4].raw_force[52].fz,,"measured sensor value, unless fallback",,,,state[1770]=sensor_data[4].raw_force[52].fz,,xhand.py copies SDK order; xhand_control_ros2.cpp copies raw_force[k].fx/fy/fz,True
1771,observation.state,hand_tactile_sensor_4.raw_force_53.fx,tactile sensor 4 raw distributed force raw_idx 53 fx,xhand SDK sensor_data[4].raw_force[53].fx,,"measured sensor value, unless fallback",,,,state[1771]=sensor_data[4].raw_force[53].fx,,xhand.py copies SDK order; xhand_control_ros2.cpp copies raw_force[k].fx/fy/fz,True
1772,observation.state,hand_tactile_sensor_4.raw_force_53.fy,tactile sensor 4 raw distributed force raw_idx 53 fy,xhand SDK sensor_data[4].raw_force[53].fy,,"measured sensor value, unless fallback",,,,state[1772]=sensor_data[4].raw_force[53].fy,,xhand.py copies SDK order; xhand_control_ros2.cpp copies raw_force[k].fx/fy/fz,True
1773,observation.state,hand_tactile_sensor_4.raw_force_53.fz,tactile sensor 4 raw distributed force raw_idx 53 fz,xhand SDK sensor_data[4].raw_force[53].fz,,"measured sensor value, unless fallback",,,,state[1773]=sensor_data[4].raw_force[53].fz,,xhand.py copies SDK order; xhand_control_ros2.cpp copies raw_force[k].fx/fy/fz,True
1774,observation.state,hand_tactile_sensor_4.raw_force_54.fx,tactile sensor 4 raw distributed force raw_idx 54 fx,xhand SDK sensor_data[4].raw_force[54].fx,,"measured sensor value, unless fallback",,,,state[1774]=sensor_data[4].raw_force[54].fx,,xhand.py copies SDK order; xhand_control_ros2.cpp copies raw_force[k].fx/fy/fz,True
1775,observation.state,hand_tactile_sensor_4.raw_force_54.fy,tactile sensor 4 raw distributed force raw_idx 54 fy,xhand SDK sensor_data[4].raw_force[54].fy,,"measured sensor value, unless fallback",,,,state[1775]=sensor_data[4].raw_force[54].fy,,xhand.py copies SDK order; xhand_control_ros2.cpp copies raw_force[k].fx/fy/fz,True
1776,observation.state,hand_tactile_sensor_4.raw_force_54.fz,tactile sensor 4 raw distributed force raw_idx 54 fz,xhand SDK sensor_data[4].raw_force[54].fz,,"measured sensor value, unless fallback",,,,state[1776]=sensor_data[4].raw_force[54].fz,,xhand.py copies SDK order; xhand_control_ros2.cpp copies raw_force[k].fx/fy/fz,True
1777,observation.state,hand_tactile_sensor_4.raw_force_55.fx,tactile sensor 4 raw distributed force raw_idx 55 fx,xhand SDK sensor_data[4].raw_force[55].fx,,"measured sensor value, unless fallback",,,,state[1777]=sensor_data[4].raw_force[55].fx,,xhand.py copies SDK order; xhand_control_ros2.cpp copies raw_force[k].fx/fy/fz,True
1778,observation.state,hand_tactile_sensor_4.raw_force_55.fy,tactile sensor 4 raw distributed force raw_idx 55 fy,xhand SDK sensor_data[4].raw_force[55].fy,,"measured sensor value, unless fallback",,,,state[1778]=sensor_data[4].raw_force[55].fy,,xhand.py copies SDK order; xhand_control_ros2.cpp copies raw_force[k].fx/fy/fz,True
1779,observation.state,hand_tactile_sensor_4.raw_force_55.fz,tactile sensor 4 raw distributed force raw_idx 55 fz,xhand SDK sensor_data[4].raw_force[55].fz,,"measured sensor value, unless fallback",,,,state[1779]=sensor_data[4].raw_force[55].fz,,xhand.py copies SDK order; xhand_control_ros2.cpp copies raw_force[k].fx/fy/fz,True
1780,observation.state,hand_tactile_sensor_4.raw_force_56.fx,tactile sensor 4 raw distributed force raw_idx 56 fx,xhand SDK sensor_data[4].raw_force[56].fx,,"measured sensor value, unless fallback",,,,state[1780]=sensor_data[4].raw_force[56].fx,,xhand.py copies SDK order; xhand_control_ros2.cpp copies raw_force[k].fx/fy/fz,True
1781,observation.state,hand_tactile_sensor_4.raw_force_56.fy,tactile sensor 4 raw distributed force raw_idx 56 fy,xhand SDK sensor_data[4].raw_force[56].fy,,"measured sensor value, unless fallback",,,,state[1781]=sensor_data[4].raw_force[56].fy,,xhand.py copies SDK order; xhand_control_ros2.cpp copies raw_force[k].fx/fy/fz,True
1782,observation.state,hand_tactile_sensor_4.raw_force_56.fz,tactile sensor 4 raw distributed force raw_idx 56 fz,xhand SDK sensor_data[4].raw_force[56].fz,,"measured sensor value, unless fallback",,,,state[1782]=sensor_data[4].raw_force[56].fz,,xhand.py copies SDK order; xhand_control_ros2.cpp copies raw_force[k].fx/fy/fz,True
1783,observation.state,hand_tactile_sensor_4.raw_force_57.fx,tactile sensor 4 raw distributed force raw_idx 57 fx,xhand SDK sensor_data[4].raw_force[57].fx,,"measured sensor value, unless fallback",,,,state[1783]=sensor_data[4].raw_force[57].fx,,xhand.py copies SDK order; xhand_control_ros2.cpp copies raw_force[k].fx/fy/fz,True
1784,observation.state,hand_tactile_sensor_4.raw_force_57.fy,tactile sensor 4 raw distributed force raw_idx 57 fy,xhand SDK sensor_data[4].raw_force[57].fy,,"measured sensor value, unless fallback",,,,state[1784]=sensor_data[4].raw_force[57].fy,,xhand.py copies SDK order; xhand_control_ros2.cpp copies raw_force[k].fx/fy/fz,True
1785,observation.state,hand_tactile_sensor_4.raw_force_57.fz,tactile sensor 4 raw distributed force raw_idx 57 fz,xhand SDK sensor_data[4].raw_force[57].fz,,"measured sensor value, unless fallback",,,,state[1785]=sensor_data[4].raw_force[57].fz,,xhand.py copies SDK order; xhand_control_ros2.cpp copies raw_force[k].fx/fy/fz,True
1786,observation.state,hand_tactile_sensor_4.raw_force_58.fx,tactile sensor 4 raw distributed force raw_idx 58 fx,xhand SDK sensor_data[4].raw_force[58].fx,,"measured sensor value, unless fallback",,,,state[1786]=sensor_data[4].raw_force[58].fx,,xhand.py copies SDK order; xhand_control_ros2.cpp copies raw_force[k].fx/fy/fz,True
1787,observation.state,hand_tactile_sensor_4.raw_force_58.fy,tactile sensor 4 raw distributed force raw_idx 58 fy,xhand SDK sensor_data[4].raw_force[58].fy,,"measured sensor value, unless fallback",,,,state[1787]=sensor_data[4].raw_force[58].fy,,xhand.py copies SDK order; xhand_control_ros2.cpp copies raw_force[k].fx/fy/fz,True
1788,observation.state,hand_tactile_sensor_4.raw_force_58.fz,tactile sensor 4 raw distributed force raw_idx 58 fz,xhand SDK sensor_data[4].raw_force[58].fz,,"measured sensor value, unless fallback",,,,state[1788]=sensor_data[4].raw_force[58].fz,,xhand.py copies SDK order; xhand_control_ros2.cpp copies raw_force[k].fx/fy/fz,True
1789,observation.state,hand_tactile_sensor_4.raw_force_59.fx,tactile sensor 4 raw distributed force raw_idx 59 fx,xhand SDK sensor_data[4].raw_force[59].fx,,"measured sensor value, unless fallback",,,,state[1789]=sensor_data[4].raw_force[59].fx,,xhand.py copies SDK order; xhand_control_ros2.cpp copies raw_force[k].fx/fy/fz,True
1790,observation.state,hand_tactile_sensor_4.raw_force_59.fy,tactile sensor 4 raw distributed force raw_idx 59 fy,xhand SDK sensor_data[4].raw_force[59].fy,,"measured sensor value, unless fallback",,,,state[1790]=sensor_data[4].raw_force[59].fy,,xhand.py copies SDK order; xhand_control_ros2.cpp copies raw_force[k].fx/fy/fz,True
1791,observation.state,hand_tactile_sensor_4.raw_force_59.fz,tactile sensor 4 raw distributed force raw_idx 59 fz,xhand SDK sensor_data[4].raw_force[59].fz,,"measured sensor value, unless fallback",,,,state[1791]=sensor_data[4].raw_force[59].fz,,xhand.py copies SDK order; xhand_control_ros2.cpp copies raw_force[k].fx/fy/fz,True
1792,observation.state,hand_tactile_sensor_4.raw_force_60.fx,tactile sensor 4 raw distributed force raw_idx 60 fx,xhand SDK sensor_data[4].raw_force[60].fx,,"measured sensor value, unless fallback",,,,state[1792]=sensor_data[4].raw_force[60].fx,,xhand.py copies SDK order; xhand_control_ros2.cpp copies raw_force[k].fx/fy/fz,True
1793,observation.state,hand_tactile_sensor_4.raw_force_60.fy,tactile sensor 4 raw distributed force raw_idx 60 fy,xhand SDK sensor_data[4].raw_force[60].fy,,"measured sensor value, unless fallback",,,,state[1793]=sensor_data[4].raw_force[60].fy,,xhand.py copies SDK order; xhand_control_ros2.cpp copies raw_force[k].fx/fy/fz,True
1794,observation.state,hand_tactile_sensor_4.raw_force_60.fz,tactile sensor 4 raw distributed force raw_idx 60 fz,xhand SDK sensor_data[4].raw_force[60].fz,,"measured sensor value, unless fallback",,,,state[1794]=sensor_data[4].raw_force[60].fz,,xhand.py copies SDK order; xhand_control_ros2.cpp copies raw_force[k].fx/fy/fz,True
1795,observation.state,hand_tactile_sensor_4.raw_force_61.fx,tactile sensor 4 raw distributed force raw_idx 61 fx,xhand SDK sensor_data[4].raw_force[61].fx,,"measured sensor value, unless fallback",,,,state[1795]=sensor_data[4].raw_force[61].fx,,xhand.py copies SDK order; xhand_control_ros2.cpp copies raw_force[k].fx/fy/fz,True
1796,observation.state,hand_tactile_sensor_4.raw_force_61.fy,tactile sensor 4 raw distributed force raw_idx 61 fy,xhand SDK sensor_data[4].raw_force[61].fy,,"measured sensor value, unless fallback",,,,state[1796]=sensor_data[4].raw_force[61].fy,,xhand.py copies SDK order; xhand_control_ros2.cpp copies raw_force[k].fx/fy/fz,True
1797,observation.state,hand_tactile_sensor_4.raw_force_61.fz,tactile sensor 4 raw distributed force raw_idx 61 fz,xhand SDK sensor_data[4].raw_force[61].fz,,"measured sensor value, unless fallback",,,,state[1797]=sensor_data[4].raw_force[61].fz,,xhand.py copies SDK order; xhand_control_ros2.cpp copies raw_force[k].fx/fy/fz,True
1798,observation.state,hand_tactile_sensor_4.raw_force_62.fx,tactile sensor 4 raw distributed force raw_idx 62 fx,xhand SDK sensor_data[4].raw_force[62].fx,,"measured sensor value, unless fallback",,,,state[1798]=sensor_data[4].raw_force[62].fx,,xhand.py copies SDK order; xhand_control_ros2.cpp copies raw_force[k].fx/fy/fz,True
1799,observation.state,hand_tactile_sensor_4.raw_force_62.fy,tactile sensor 4 raw distributed force raw_idx 62 fy,xhand SDK sensor_data[4].raw_force[62].fy,,"measured sensor value, unless fallback",,,,state[1799]=sensor_data[4].raw_force[62].fy,,xhand.py copies SDK order; xhand_control_ros2.cpp copies raw_force[k].fx/fy/fz,True
1800,observation.state,hand_tactile_sensor_4.raw_force_62.fz,tactile sensor 4 raw distributed force raw_idx 62 fz,xhand SDK sensor_data[4].raw_force[62].fz,,"measured sensor value, unless fallback",,,,state[1800]=sensor_data[4].raw_force[62].fz,,xhand.py copies SDK order; xhand_control_ros2.cpp copies raw_force[k].fx/fy/fz,True
1801,observation.state,hand_tactile_sensor_4.raw_force_63.fx,tactile sensor 4 raw distributed force raw_idx 63 fx,xhand SDK sensor_data[4].raw_force[63].fx,,"measured sensor value, unless fallback",,,,state[1801]=sensor_data[4].raw_force[63].fx,,xhand.py copies SDK order; xhand_control_ros2.cpp copies raw_force[k].fx/fy/fz,True
1802,observation.state,hand_tactile_sensor_4.raw_force_63.fy,tactile sensor 4 raw distributed force raw_idx 63 fy,xhand SDK sensor_data[4].raw_force[63].fy,,"measured sensor value, unless fallback",,,,state[1802]=sensor_data[4].raw_force[63].fy,,xhand.py copies SDK order; xhand_control_ros2.cpp copies raw_force[k].fx/fy/fz,True
1803,observation.state,hand_tactile_sensor_4.raw_force_63.fz,tactile sensor 4 raw distributed force raw_idx 63 fz,xhand SDK sensor_data[4].raw_force[63].fz,,"measured sensor value, unless fallback",,,,state[1803]=sensor_data[4].raw_force[63].fz,,xhand.py copies SDK order; xhand_control_ros2.cpp copies raw_force[k].fx/fy/fz,True
1804,observation.state,hand_tactile_sensor_4.raw_force_64.fx,tactile sensor 4 raw distributed force raw_idx 64 fx,xhand SDK sensor_data[4].raw_force[64].fx,,"measured sensor value, unless fallback",,,,state[1804]=sensor_data[4].raw_force[64].fx,,xhand.py copies SDK order; xhand_control_ros2.cpp copies raw_force[k].fx/fy/fz,True
1805,observation.state,hand_tactile_sensor_4.raw_force_64.fy,tactile sensor 4 raw distributed force raw_idx 64 fy,xhand SDK sensor_data[4].raw_force[64].fy,,"measured sensor value, unless fallback",,,,state[1805]=sensor_data[4].raw_force[64].fy,,xhand.py copies SDK order; xhand_control_ros2.cpp copies raw_force[k].fx/fy/fz,True
1806,observation.state,hand_tactile_sensor_4.raw_force_64.fz,tactile sensor 4 raw distributed force raw_idx 64 fz,xhand SDK sensor_data[4].raw_force[64].fz,,"measured sensor value, unless fallback",,,,state[1806]=sensor_data[4].raw_force[64].fz,,xhand.py copies SDK order; xhand_control_ros2.cpp copies raw_force[k].fx/fy/fz,True
1807,observation.state,hand_tactile_sensor_4.raw_force_65.fx,tactile sensor 4 raw distributed force raw_idx 65 fx,xhand SDK sensor_data[4].raw_force[65].fx,,"measured sensor value, unless fallback",,,,state[1807]=sensor_data[4].raw_force[65].fx,,xhand.py copies SDK order; xhand_control_ros2.cpp copies raw_force[k].fx/fy/fz,True
1808,observation.state,hand_tactile_sensor_4.raw_force_65.fy,tactile sensor 4 raw distributed force raw_idx 65 fy,xhand SDK sensor_data[4].raw_force[65].fy,,"measured sensor value, unless fallback",,,,state[1808]=sensor_data[4].raw_force[65].fy,,xhand.py copies SDK order; xhand_control_ros2.cpp copies raw_force[k].fx/fy/fz,True
1809,observation.state,hand_tactile_sensor_4.raw_force_65.fz,tactile sensor 4 raw distributed force raw_idx 65 fz,xhand SDK sensor_data[4].raw_force[65].fz,,"measured sensor value, unless fallback",,,,state[1809]=sensor_data[4].raw_force[65].fz,,xhand.py copies SDK order; xhand_control_ros2.cpp copies raw_force[k].fx/fy/fz,True
1810,observation.state,hand_tactile_sensor_4.raw_force_66.fx,tactile sensor 4 raw distributed force raw_idx 66 fx,xhand SDK sensor_data[4].raw_force[66].fx,,"measured sensor value, unless fallback",,,,state[1810]=sensor_data[4].raw_force[66].fx,,xhand.py copies SDK order; xhand_control_ros2.cpp copies raw_force[k].fx/fy/fz,True
1811,observation.state,hand_tactile_sensor_4.raw_force_66.fy,tactile sensor 4 raw distributed force raw_idx 66 fy,xhand SDK sensor_data[4].raw_force[66].fy,,"measured sensor value, unless fallback",,,,state[1811]=sensor_data[4].raw_force[66].fy,,xhand.py copies SDK order; xhand_control_ros2.cpp copies raw_force[k].fx/fy/fz,True
1812,observation.state,hand_tactile_sensor_4.raw_force_66.fz,tactile sensor 4 raw distributed force raw_idx 66 fz,xhand SDK sensor_data[4].raw_force[66].fz,,"measured sensor value, unless fallback",,,,state[1812]=sensor_data[4].raw_force[66].fz,,xhand.py copies SDK order; xhand_control_ros2.cpp copies raw_force[k].fx/fy/fz,True
1813,observation.state,hand_tactile_sensor_4.raw_force_67.fx,tactile sensor 4 raw distributed force raw_idx 67 fx,xhand SDK sensor_data[4].raw_force[67].fx,,"measured sensor value, unless fallback",,,,state[1813]=sensor_data[4].raw_force[67].fx,,xhand.py copies SDK order; xhand_control_ros2.cpp copies raw_force[k].fx/fy/fz,True
1814,observation.state,hand_tactile_sensor_4.raw_force_67.fy,tactile sensor 4 raw distributed force raw_idx 67 fy,xhand SDK sensor_data[4].raw_force[67].fy,,"measured sensor value, unless fallback",,,,state[1814]=sensor_data[4].raw_force[67].fy,,xhand.py copies SDK order; xhand_control_ros2.cpp copies raw_force[k].fx/fy/fz,True
1815,observation.state,hand_tactile_sensor_4.raw_force_67.fz,tactile sensor 4 raw distributed force raw_idx 67 fz,xhand SDK sensor_data[4].raw_force[67].fz,,"measured sensor value, unless fallback",,,,state[1815]=sensor_data[4].raw_force[67].fz,,xhand.py copies SDK order; xhand_control_ros2.cpp copies raw_force[k].fx/fy/fz,True
1816,observation.state,hand_tactile_sensor_4.raw_force_68.fx,tactile sensor 4 raw distributed force raw_idx 68 fx,xhand SDK sensor_data[4].raw_force[68].fx,,"measured sensor value, unless fallback",,,,state[1816]=sensor_data[4].raw_force[68].fx,,xhand.py copies SDK order; xhand_control_ros2.cpp copies raw_force[k].fx/fy/fz,True
1817,observation.state,hand_tactile_sensor_4.raw_force_68.fy,tactile sensor 4 raw distributed force raw_idx 68 fy,xhand SDK sensor_data[4].raw_force[68].fy,,"measured sensor value, unless fallback",,,,state[1817]=sensor_data[4].raw_force[68].fy,,xhand.py copies SDK order; xhand_control_ros2.cpp copies raw_force[k].fx/fy/fz,True
1818,observation.state,hand_tactile_sensor_4.raw_force_68.fz,tactile sensor 4 raw distributed force raw_idx 68 fz,xhand SDK sensor_data[4].raw_force[68].fz,,"measured sensor value, unless fallback",,,,state[1818]=sensor_data[4].raw_force[68].fz,,xhand.py copies SDK order; xhand_control_ros2.cpp copies raw_force[k].fx/fy/fz,True
1819,observation.state,hand_tactile_sensor_4.raw_force_69.fx,tactile sensor 4 raw distributed force raw_idx 69 fx,xhand SDK sensor_data[4].raw_force[69].fx,,"measured sensor value, unless fallback",,,,state[1819]=sensor_data[4].raw_force[69].fx,,xhand.py copies SDK order; xhand_control_ros2.cpp copies raw_force[k].fx/fy/fz,True
1820,observation.state,hand_tactile_sensor_4.raw_force_69.fy,tactile sensor 4 raw distributed force raw_idx 69 fy,xhand SDK sensor_data[4].raw_force[69].fy,,"measured sensor value, unless fallback",,,,state[1820]=sensor_data[4].raw_force[69].fy,,xhand.py copies SDK order; xhand_control_ros2.cpp copies raw_force[k].fx/fy/fz,True
1821,observation.state,hand_tactile_sensor_4.raw_force_69.fz,tactile sensor 4 raw distributed force raw_idx 69 fz,xhand SDK sensor_data[4].raw_force[69].fz,,"measured sensor value, unless fallback",,,,state[1821]=sensor_data[4].raw_force[69].fz,,xhand.py copies SDK order; xhand_control_ros2.cpp copies raw_force[k].fx/fy/fz,True
1822,observation.state,hand_tactile_sensor_4.raw_force_70.fx,tactile sensor 4 raw distributed force raw_idx 70 fx,xhand SDK sensor_data[4].raw_force[70].fx,,"measured sensor value, unless fallback",,,,state[1822]=sensor_data[4].raw_force[70].fx,,xhand.py copies SDK order; xhand_control_ros2.cpp copies raw_force[k].fx/fy/fz,True
1823,observation.state,hand_tactile_sensor_4.raw_force_70.fy,tactile sensor 4 raw distributed force raw_idx 70 fy,xhand SDK sensor_data[4].raw_force[70].fy,,"measured sensor value, unless fallback",,,,state[1823]=sensor_data[4].raw_force[70].fy,,xhand.py copies SDK order; xhand_control_ros2.cpp copies raw_force[k].fx/fy/fz,True
1824,observation.state,hand_tactile_sensor_4.raw_force_70.fz,tactile sensor 4 raw distributed force raw_idx 70 fz,xhand SDK sensor_data[4].raw_force[70].fz,,"measured sensor value, unless fallback",,,,state[1824]=sensor_data[4].raw_force[70].fz,,xhand.py copies SDK order; xhand_control_ros2.cpp copies raw_force[k].fx/fy/fz,True
1825,observation.state,hand_tactile_sensor_4.raw_force_71.fx,tactile sensor 4 raw distributed force raw_idx 71 fx,xhand SDK sensor_data[4].raw_force[71].fx,,"measured sensor value, unless fallback",,,,state[1825]=sensor_data[4].raw_force[71].fx,,xhand.py copies SDK order; xhand_control_ros2.cpp copies raw_force[k].fx/fy/fz,True
1826,observation.state,hand_tactile_sensor_4.raw_force_71.fy,tactile sensor 4 raw distributed force raw_idx 71 fy,xhand SDK sensor_data[4].raw_force[71].fy,,"measured sensor value, unless fallback",,,,state[1826]=sensor_data[4].raw_force[71].fy,,xhand.py copies SDK order; xhand_control_ros2.cpp copies raw_force[k].fx/fy/fz,True
1827,observation.state,hand_tactile_sensor_4.raw_force_71.fz,tactile sensor 4 raw distributed force raw_idx 71 fz,xhand SDK sensor_data[4].raw_force[71].fz,,"measured sensor value, unless fallback",,,,state[1827]=sensor_data[4].raw_force[71].fz,,xhand.py copies SDK order; xhand_control_ros2.cpp copies raw_force[k].fx/fy/fz,True
1828,observation.state,hand_tactile_sensor_4.raw_force_72.fx,tactile sensor 4 raw distributed force raw_idx 72 fx,xhand SDK sensor_data[4].raw_force[72].fx,,"measured sensor value, unless fallback",,,,state[1828]=sensor_data[4].raw_force[72].fx,,xhand.py copies SDK order; xhand_control_ros2.cpp copies raw_force[k].fx/fy/fz,True
1829,observation.state,hand_tactile_sensor_4.raw_force_72.fy,tactile sensor 4 raw distributed force raw_idx 72 fy,xhand SDK sensor_data[4].raw_force[72].fy,,"measured sensor value, unless fallback",,,,state[1829]=sensor_data[4].raw_force[72].fy,,xhand.py copies SDK order; xhand_control_ros2.cpp copies raw_force[k].fx/fy/fz,True
1830,observation.state,hand_tactile_sensor_4.raw_force_72.fz,tactile sensor 4 raw distributed force raw_idx 72 fz,xhand SDK sensor_data[4].raw_force[72].fz,,"measured sensor value, unless fallback",,,,state[1830]=sensor_data[4].raw_force[72].fz,,xhand.py copies SDK order; xhand_control_ros2.cpp copies raw_force[k].fx/fy/fz,True
1831,observation.state,hand_tactile_sensor_4.raw_force_73.fx,tactile sensor 4 raw distributed force raw_idx 73 fx,xhand SDK sensor_data[4].raw_force[73].fx,,"measured sensor value, unless fallback",,,,state[1831]=sensor_data[4].raw_force[73].fx,,xhand.py copies SDK order; xhand_control_ros2.cpp copies raw_force[k].fx/fy/fz,True
1832,observation.state,hand_tactile_sensor_4.raw_force_73.fy,tactile sensor 4 raw distributed force raw_idx 73 fy,xhand SDK sensor_data[4].raw_force[73].fy,,"measured sensor value, unless fallback",,,,state[1832]=sensor_data[4].raw_force[73].fy,,xhand.py copies SDK order; xhand_control_ros2.cpp copies raw_force[k].fx/fy/fz,True
1833,observation.state,hand_tactile_sensor_4.raw_force_73.fz,tactile sensor 4 raw distributed force raw_idx 73 fz,xhand SDK sensor_data[4].raw_force[73].fz,,"measured sensor value, unless fallback",,,,state[1833]=sensor_data[4].raw_force[73].fz,,xhand.py copies SDK order; xhand_control_ros2.cpp copies raw_force[k].fx/fy/fz,True
1834,observation.state,hand_tactile_sensor_4.raw_force_74.fx,tactile sensor 4 raw distributed force raw_idx 74 fx,xhand SDK sensor_data[4].raw_force[74].fx,,"measured sensor value, unless fallback",,,,state[1834]=sensor_data[4].raw_force[74].fx,,xhand.py copies SDK order; xhand_control_ros2.cpp copies raw_force[k].fx/fy/fz,True
1835,observation.state,hand_tactile_sensor_4.raw_force_74.fy,tactile sensor 4 raw distributed force raw_idx 74 fy,xhand SDK sensor_data[4].raw_force[74].fy,,"measured sensor value, unless fallback",,,,state[1835]=sensor_data[4].raw_force[74].fy,,xhand.py copies SDK order; xhand_control_ros2.cpp copies raw_force[k].fx/fy/fz,True
1836,observation.state,hand_tactile_sensor_4.raw_force_74.fz,tactile sensor 4 raw distributed force raw_idx 74 fz,xhand SDK sensor_data[4].raw_force[74].fz,,"measured sensor value, unless fallback",,,,state[1836]=sensor_data[4].raw_force[74].fz,,xhand.py copies SDK order; xhand_control_ros2.cpp copies raw_force[k].fx/fy/fz,True
1837,observation.state,hand_tactile_sensor_4.raw_force_75.fx,tactile sensor 4 raw distributed force raw_idx 75 fx,xhand SDK sensor_data[4].raw_force[75].fx,,"measured sensor value, unless fallback",,,,state[1837]=sensor_data[4].raw_force[75].fx,,xhand.py copies SDK order; xhand_control_ros2.cpp copies raw_force[k].fx/fy/fz,True
1838,observation.state,hand_tactile_sensor_4.raw_force_75.fy,tactile sensor 4 raw distributed force raw_idx 75 fy,xhand SDK sensor_data[4].raw_force[75].fy,,"measured sensor value, unless fallback",,,,state[1838]=sensor_data[4].raw_force[75].fy,,xhand.py copies SDK order; xhand_control_ros2.cpp copies raw_force[k].fx/fy/fz,True
1839,observation.state,hand_tactile_sensor_4.raw_force_75.fz,tactile sensor 4 raw distributed force raw_idx 75 fz,xhand SDK sensor_data[4].raw_force[75].fz,,"measured sensor value, unless fallback",,,,state[1839]=sensor_data[4].raw_force[75].fz,,xhand.py copies SDK order; xhand_control_ros2.cpp copies raw_force[k].fx/fy/fz,True
1840,observation.state,hand_tactile_sensor_4.raw_force_76.fx,tactile sensor 4 raw distributed force raw_idx 76 fx,xhand SDK sensor_data[4].raw_force[76].fx,,"measured sensor value, unless fallback",,,,state[1840]=sensor_data[4].raw_force[76].fx,,xhand.py copies SDK order; xhand_control_ros2.cpp copies raw_force[k].fx/fy/fz,True
1841,observation.state,hand_tactile_sensor_4.raw_force_76.fy,tactile sensor 4 raw distributed force raw_idx 76 fy,xhand SDK sensor_data[4].raw_force[76].fy,,"measured sensor value, unless fallback",,,,state[1841]=sensor_data[4].raw_force[76].fy,,xhand.py copies SDK order; xhand_control_ros2.cpp copies raw_force[k].fx/fy/fz,True
1842,observation.state,hand_tactile_sensor_4.raw_force_76.fz,tactile sensor 4 raw distributed force raw_idx 76 fz,xhand SDK sensor_data[4].raw_force[76].fz,,"measured sensor value, unless fallback",,,,state[1842]=sensor_data[4].raw_force[76].fz,,xhand.py copies SDK order; xhand_control_ros2.cpp copies raw_force[k].fx/fy/fz,True
1843,observation.state,hand_tactile_sensor_4.raw_force_77.fx,tactile sensor 4 raw distributed force raw_idx 77 fx,xhand SDK sensor_data[4].raw_force[77].fx,,"measured sensor value, unless fallback",,,,state[1843]=sensor_data[4].raw_force[77].fx,,xhand.py copies SDK order; xhand_control_ros2.cpp copies raw_force[k].fx/fy/fz,True
1844,observation.state,hand_tactile_sensor_4.raw_force_77.fy,tactile sensor 4 raw distributed force raw_idx 77 fy,xhand SDK sensor_data[4].raw_force[77].fy,,"measured sensor value, unless fallback",,,,state[1844]=sensor_data[4].raw_force[77].fy,,xhand.py copies SDK order; xhand_control_ros2.cpp copies raw_force[k].fx/fy/fz,True
1845,observation.state,hand_tactile_sensor_4.raw_force_77.fz,tactile sensor 4 raw distributed force raw_idx 77 fz,xhand SDK sensor_data[4].raw_force[77].fz,,"measured sensor value, unless fallback",,,,state[1845]=sensor_data[4].raw_force[77].fz,,xhand.py copies SDK order; xhand_control_ros2.cpp copies raw_force[k].fx/fy/fz,True
1846,observation.state,hand_tactile_sensor_4.raw_force_78.fx,tactile sensor 4 raw distributed force raw_idx 78 fx,xhand SDK sensor_data[4].raw_force[78].fx,,"measured sensor value, unless fallback",,,,state[1846]=sensor_data[4].raw_force[78].fx,,xhand.py copies SDK order; xhand_control_ros2.cpp copies raw_force[k].fx/fy/fz,True
1847,observation.state,hand_tactile_sensor_4.raw_force_78.fy,tactile sensor 4 raw distributed force raw_idx 78 fy,xhand SDK sensor_data[4].raw_force[78].fy,,"measured sensor value, unless fallback",,,,state[1847]=sensor_data[4].raw_force[78].fy,,xhand.py copies SDK order; xhand_control_ros2.cpp copies raw_force[k].fx/fy/fz,True
1848,observation.state,hand_tactile_sensor_4.raw_force_78.fz,tactile sensor 4 raw distributed force raw_idx 78 fz,xhand SDK sensor_data[4].raw_force[78].fz,,"measured sensor value, unless fallback",,,,state[1848]=sensor_data[4].raw_force[78].fz,,xhand.py copies SDK order; xhand_control_ros2.cpp copies raw_force[k].fx/fy/fz,True
1849,observation.state,hand_tactile_sensor_4.raw_force_79.fx,tactile sensor 4 raw distributed force raw_idx 79 fx,xhand SDK sensor_data[4].raw_force[79].fx,,"measured sensor value, unless fallback",,,,state[1849]=sensor_data[4].raw_force[79].fx,,xhand.py copies SDK order; xhand_control_ros2.cpp copies raw_force[k].fx/fy/fz,True
1850,observation.state,hand_tactile_sensor_4.raw_force_79.fy,tactile sensor 4 raw distributed force raw_idx 79 fy,xhand SDK sensor_data[4].raw_force[79].fy,,"measured sensor value, unless fallback",,,,state[1850]=sensor_data[4].raw_force[79].fy,,xhand.py copies SDK order; xhand_control_ros2.cpp copies raw_force[k].fx/fy/fz,True
1851,observation.state,hand_tactile_sensor_4.raw_force_79.fz,tactile sensor 4 raw distributed force raw_idx 79 fz,xhand SDK sensor_data[4].raw_force[79].fz,,"measured sensor value, unless fallback",,,,state[1851]=sensor_data[4].raw_force[79].fz,,xhand.py copies SDK order; xhand_control_ros2.cpp copies raw_force[k].fx/fy/fz,True
1852,observation.state,hand_tactile_sensor_4.raw_force_80.fx,tactile sensor 4 raw distributed force raw_idx 80 fx,xhand SDK sensor_data[4].raw_force[80].fx,,"measured sensor value, unless fallback",,,,state[1852]=sensor_data[4].raw_force[80].fx,,xhand.py copies SDK order; xhand_control_ros2.cpp copies raw_force[k].fx/fy/fz,True
1853,observation.state,hand_tactile_sensor_4.raw_force_80.fy,tactile sensor 4 raw distributed force raw_idx 80 fy,xhand SDK sensor_data[4].raw_force[80].fy,,"measured sensor value, unless fallback",,,,state[1853]=sensor_data[4].raw_force[80].fy,,xhand.py copies SDK order; xhand_control_ros2.cpp copies raw_force[k].fx/fy/fz,True
1854,observation.state,hand_tactile_sensor_4.raw_force_80.fz,tactile sensor 4 raw distributed force raw_idx 80 fz,xhand SDK sensor_data[4].raw_force[80].fz,,"measured sensor value, unless fallback",,,,state[1854]=sensor_data[4].raw_force[80].fz,,xhand.py copies SDK order; xhand_control_ros2.cpp copies raw_force[k].fx/fy/fz,True
1855,observation.state,hand_tactile_sensor_4.raw_force_81.fx,tactile sensor 4 raw distributed force raw_idx 81 fx,xhand SDK sensor_data[4].raw_force[81].fx,,"measured sensor value, unless fallback",,,,state[1855]=sensor_data[4].raw_force[81].fx,,xhand.py copies SDK order; xhand_control_ros2.cpp copies raw_force[k].fx/fy/fz,True
1856,observation.state,hand_tactile_sensor_4.raw_force_81.fy,tactile sensor 4 raw distributed force raw_idx 81 fy,xhand SDK sensor_data[4].raw_force[81].fy,,"measured sensor value, unless fallback",,,,state[1856]=sensor_data[4].raw_force[81].fy,,xhand.py copies SDK order; xhand_control_ros2.cpp copies raw_force[k].fx/fy/fz,True
1857,observation.state,hand_tactile_sensor_4.raw_force_81.fz,tactile sensor 4 raw distributed force raw_idx 81 fz,xhand SDK sensor_data[4].raw_force[81].fz,,"measured sensor value, unless fallback",,,,state[1857]=sensor_data[4].raw_force[81].fz,,xhand.py copies SDK order; xhand_control_ros2.cpp copies raw_force[k].fx/fy/fz,True
1858,observation.state,hand_tactile_sensor_4.raw_force_82.fx,tactile sensor 4 raw distributed force raw_idx 82 fx,xhand SDK sensor_data[4].raw_force[82].fx,,"measured sensor value, unless fallback",,,,state[1858]=sensor_data[4].raw_force[82].fx,,xhand.py copies SDK order; xhand_control_ros2.cpp copies raw_force[k].fx/fy/fz,True
1859,observation.state,hand_tactile_sensor_4.raw_force_82.fy,tactile sensor 4 raw distributed force raw_idx 82 fy,xhand SDK sensor_data[4].raw_force[82].fy,,"measured sensor value, unless fallback",,,,state[1859]=sensor_data[4].raw_force[82].fy,,xhand.py copies SDK order; xhand_control_ros2.cpp copies raw_force[k].fx/fy/fz,True
1860,observation.state,hand_tactile_sensor_4.raw_force_82.fz,tactile sensor 4 raw distributed force raw_idx 82 fz,xhand SDK sensor_data[4].raw_force[82].fz,,"measured sensor value, unless fallback",,,,state[1860]=sensor_data[4].raw_force[82].fz,,xhand.py copies SDK order; xhand_control_ros2.cpp copies raw_force[k].fx/fy/fz,True
1861,observation.state,hand_tactile_sensor_4.raw_force_83.fx,tactile sensor 4 raw distributed force raw_idx 83 fx,xhand SDK sensor_data[4].raw_force[83].fx,,"measured sensor value, unless fallback",,,,state[1861]=sensor_data[4].raw_force[83].fx,,xhand.py copies SDK order; xhand_control_ros2.cpp copies raw_force[k].fx/fy/fz,True
1862,observation.state,hand_tactile_sensor_4.raw_force_83.fy,tactile sensor 4 raw distributed force raw_idx 83 fy,xhand SDK sensor_data[4].raw_force[83].fy,,"measured sensor value, unless fallback",,,,state[1862]=sensor_data[4].raw_force[83].fy,,xhand.py copies SDK order; xhand_control_ros2.cpp copies raw_force[k].fx/fy/fz,True
1863,observation.state,hand_tactile_sensor_4.raw_force_83.fz,tactile sensor 4 raw distributed force raw_idx 83 fz,xhand SDK sensor_data[4].raw_force[83].fz,,"measured sensor value, unless fallback",,,,state[1863]=sensor_data[4].raw_force[83].fz,,xhand.py copies SDK order; xhand_control_ros2.cpp copies raw_force[k].fx/fy/fz,True
1864,observation.state,hand_tactile_sensor_4.raw_force_84.fx,tactile sensor 4 raw distributed force raw_idx 84 fx,xhand SDK sensor_data[4].raw_force[84].fx,,"measured sensor value, unless fallback",,,,state[1864]=sensor_data[4].raw_force[84].fx,,xhand.py copies SDK order; xhand_control_ros2.cpp copies raw_force[k].fx/fy/fz,True
1865,observation.state,hand_tactile_sensor_4.raw_force_84.fy,tactile sensor 4 raw distributed force raw_idx 84 fy,xhand SDK sensor_data[4].raw_force[84].fy,,"measured sensor value, unless fallback",,,,state[1865]=sensor_data[4].raw_force[84].fy,,xhand.py copies SDK order; xhand_control_ros2.cpp copies raw_force[k].fx/fy/fz,True
1866,observation.state,hand_tactile_sensor_4.raw_force_84.fz,tactile sensor 4 raw distributed force raw_idx 84 fz,xhand SDK sensor_data[4].raw_force[84].fz,,"measured sensor value, unless fallback",,,,state[1866]=sensor_data[4].raw_force[84].fz,,xhand.py copies SDK order; xhand_control_ros2.cpp copies raw_force[k].fx/fy/fz,True
1867,observation.state,hand_tactile_sensor_4.raw_force_85.fx,tactile sensor 4 raw distributed force raw_idx 85 fx,xhand SDK sensor_data[4].raw_force[85].fx,,"measured sensor value, unless fallback",,,,state[1867]=sensor_data[4].raw_force[85].fx,,xhand.py copies SDK order; xhand_control_ros2.cpp copies raw_force[k].fx/fy/fz,True
1868,observation.state,hand_tactile_sensor_4.raw_force_85.fy,tactile sensor 4 raw distributed force raw_idx 85 fy,xhand SDK sensor_data[4].raw_force[85].fy,,"measured sensor value, unless fallback",,,,state[1868]=sensor_data[4].raw_force[85].fy,,xhand.py copies SDK order; xhand_control_ros2.cpp copies raw_force[k].fx/fy/fz,True
1869,observation.state,hand_tactile_sensor_4.raw_force_85.fz,tactile sensor 4 raw distributed force raw_idx 85 fz,xhand SDK sensor_data[4].raw_force[85].fz,,"measured sensor value, unless fallback",,,,state[1869]=sensor_data[4].raw_force[85].fz,,xhand.py copies SDK order; xhand_control_ros2.cpp copies raw_force[k].fx/fy/fz,True
1870,observation.state,hand_tactile_sensor_4.raw_force_86.fx,tactile sensor 4 raw distributed force raw_idx 86 fx,xhand SDK sensor_data[4].raw_force[86].fx,,"measured sensor value, unless fallback",,,,state[1870]=sensor_data[4].raw_force[86].fx,,xhand.py copies SDK order; xhand_control_ros2.cpp copies raw_force[k].fx/fy/fz,True
1871,observation.state,hand_tactile_sensor_4.raw_force_86.fy,tactile sensor 4 raw distributed force raw_idx 86 fy,xhand SDK sensor_data[4].raw_force[86].fy,,"measured sensor value, unless fallback",,,,state[1871]=sensor_data[4].raw_force[86].fy,,xhand.py copies SDK order; xhand_control_ros2.cpp copies raw_force[k].fx/fy/fz,True
1872,observation.state,hand_tactile_sensor_4.raw_force_86.fz,tactile sensor 4 raw distributed force raw_idx 86 fz,xhand SDK sensor_data[4].raw_force[86].fz,,"measured sensor value, unless fallback",,,,state[1872]=sensor_data[4].raw_force[86].fz,,xhand.py copies SDK order; xhand_control_ros2.cpp copies raw_force[k].fx/fy/fz,True
1873,observation.state,hand_tactile_sensor_4.raw_force_87.fx,tactile sensor 4 raw distributed force raw_idx 87 fx,xhand SDK sensor_data[4].raw_force[87].fx,,"measured sensor value, unless fallback",,,,state[1873]=sensor_data[4].raw_force[87].fx,,xhand.py copies SDK order; xhand_control_ros2.cpp copies raw_force[k].fx/fy/fz,True
1874,observation.state,hand_tactile_sensor_4.raw_force_87.fy,tactile sensor 4 raw distributed force raw_idx 87 fy,xhand SDK sensor_data[4].raw_force[87].fy,,"measured sensor value, unless fallback",,,,state[1874]=sensor_data[4].raw_force[87].fy,,xhand.py copies SDK order; xhand_control_ros2.cpp copies raw_force[k].fx/fy/fz,True
1875,observation.state,hand_tactile_sensor_4.raw_force_87.fz,tactile sensor 4 raw distributed force raw_idx 87 fz,xhand SDK sensor_data[4].raw_force[87].fz,,"measured sensor value, unless fallback",,,,state[1875]=sensor_data[4].raw_force[87].fz,,xhand.py copies SDK order; xhand_control_ros2.cpp copies raw_force[k].fx/fy/fz,True
1876,observation.state,hand_tactile_sensor_4.raw_force_88.fx,tactile sensor 4 raw distributed force raw_idx 88 fx,xhand SDK sensor_data[4].raw_force[88].fx,,"measured sensor value, unless fallback",,,,state[1876]=sensor_data[4].raw_force[88].fx,,xhand.py copies SDK order; xhand_control_ros2.cpp copies raw_force[k].fx/fy/fz,True
1877,observation.state,hand_tactile_sensor_4.raw_force_88.fy,tactile sensor 4 raw distributed force raw_idx 88 fy,xhand SDK sensor_data[4].raw_force[88].fy,,"measured sensor value, unless fallback",,,,state[1877]=sensor_data[4].raw_force[88].fy,,xhand.py copies SDK order; xhand_control_ros2.cpp copies raw_force[k].fx/fy/fz,True
1878,observation.state,hand_tactile_sensor_4.raw_force_88.fz,tactile sensor 4 raw distributed force raw_idx 88 fz,xhand SDK sensor_data[4].raw_force[88].fz,,"measured sensor value, unless fallback",,,,state[1878]=sensor_data[4].raw_force[88].fz,,xhand.py copies SDK order; xhand_control_ros2.cpp copies raw_force[k].fx/fy/fz,True
1879,observation.state,hand_tactile_sensor_4.raw_force_89.fx,tactile sensor 4 raw distributed force raw_idx 89 fx,xhand SDK sensor_data[4].raw_force[89].fx,,"measured sensor value, unless fallback",,,,state[1879]=sensor_data[4].raw_force[89].fx,,xhand.py copies SDK order; xhand_control_ros2.cpp copies raw_force[k].fx/fy/fz,True
1880,observation.state,hand_tactile_sensor_4.raw_force_89.fy,tactile sensor 4 raw distributed force raw_idx 89 fy,xhand SDK sensor_data[4].raw_force[89].fy,,"measured sensor value, unless fallback",,,,state[1880]=sensor_data[4].raw_force[89].fy,,xhand.py copies SDK order; xhand_control_ros2.cpp copies raw_force[k].fx/fy/fz,True
1881,observation.state,hand_tactile_sensor_4.raw_force_89.fz,tactile sensor 4 raw distributed force raw_idx 89 fz,xhand SDK sensor_data[4].raw_force[89].fz,,"measured sensor value, unless fallback",,,,state[1881]=sensor_data[4].raw_force[89].fz,,xhand.py copies SDK order; xhand_control_ros2.cpp copies raw_force[k].fx/fy/fz,True
1882,observation.state,hand_tactile_sensor_4.raw_force_90.fx,tactile sensor 4 raw distributed force raw_idx 90 fx,xhand SDK sensor_data[4].raw_force[90].fx,,"measured sensor value, unless fallback",,,,state[1882]=sensor_data[4].raw_force[90].fx,,xhand.py copies SDK order; xhand_control_ros2.cpp copies raw_force[k].fx/fy/fz,True
1883,observation.state,hand_tactile_sensor_4.raw_force_90.fy,tactile sensor 4 raw distributed force raw_idx 90 fy,xhand SDK sensor_data[4].raw_force[90].fy,,"measured sensor value, unless fallback",,,,state[1883]=sensor_data[4].raw_force[90].fy,,xhand.py copies SDK order; xhand_control_ros2.cpp copies raw_force[k].fx/fy/fz,True
1884,observation.state,hand_tactile_sensor_4.raw_force_90.fz,tactile sensor 4 raw distributed force raw_idx 90 fz,xhand SDK sensor_data[4].raw_force[90].fz,,"measured sensor value, unless fallback",,,,state[1884]=sensor_data[4].raw_force[90].fz,,xhand.py copies SDK order; xhand_control_ros2.cpp copies raw_force[k].fx/fy/fz,True
1885,observation.state,hand_tactile_sensor_4.raw_force_91.fx,tactile sensor 4 raw distributed force raw_idx 91 fx,xhand SDK sensor_data[4].raw_force[91].fx,,"measured sensor value, unless fallback",,,,state[1885]=sensor_data[4].raw_force[91].fx,,xhand.py copies SDK order; xhand_control_ros2.cpp copies raw_force[k].fx/fy/fz,True
1886,observation.state,hand_tactile_sensor_4.raw_force_91.fy,tactile sensor 4 raw distributed force raw_idx 91 fy,xhand SDK sensor_data[4].raw_force[91].fy,,"measured sensor value, unless fallback",,,,state[1886]=sensor_data[4].raw_force[91].fy,,xhand.py copies SDK order; xhand_control_ros2.cpp copies raw_force[k].fx/fy/fz,True
1887,observation.state,hand_tactile_sensor_4.raw_force_91.fz,tactile sensor 4 raw distributed force raw_idx 91 fz,xhand SDK sensor_data[4].raw_force[91].fz,,"measured sensor value, unless fallback",,,,state[1887]=sensor_data[4].raw_force[91].fz,,xhand.py copies SDK order; xhand_control_ros2.cpp copies raw_force[k].fx/fy/fz,True
1888,observation.state,hand_tactile_sensor_4.raw_force_92.fx,tactile sensor 4 raw distributed force raw_idx 92 fx,xhand SDK sensor_data[4].raw_force[92].fx,,"measured sensor value, unless fallback",,,,state[1888]=sensor_data[4].raw_force[92].fx,,xhand.py copies SDK order; xhand_control_ros2.cpp copies raw_force[k].fx/fy/fz,True
1889,observation.state,hand_tactile_sensor_4.raw_force_92.fy,tactile sensor 4 raw distributed force raw_idx 92 fy,xhand SDK sensor_data[4].raw_force[92].fy,,"measured sensor value, unless fallback",,,,state[1889]=sensor_data[4].raw_force[92].fy,,xhand.py copies SDK order; xhand_control_ros2.cpp copies raw_force[k].fx/fy/fz,True
1890,observation.state,hand_tactile_sensor_4.raw_force_92.fz,tactile sensor 4 raw distributed force raw_idx 92 fz,xhand SDK sensor_data[4].raw_force[92].fz,,"measured sensor value, unless fallback",,,,state[1890]=sensor_data[4].raw_force[92].fz,,xhand.py copies SDK order; xhand_control_ros2.cpp copies raw_force[k].fx/fy/fz,True
1891,observation.state,hand_tactile_sensor_4.raw_force_93.fx,tactile sensor 4 raw distributed force raw_idx 93 fx,xhand SDK sensor_data[4].raw_force[93].fx,,"measured sensor value, unless fallback",,,,state[1891]=sensor_data[4].raw_force[93].fx,,xhand.py copies SDK order; xhand_control_ros2.cpp copies raw_force[k].fx/fy/fz,True
1892,observation.state,hand_tactile_sensor_4.raw_force_93.fy,tactile sensor 4 raw distributed force raw_idx 93 fy,xhand SDK sensor_data[4].raw_force[93].fy,,"measured sensor value, unless fallback",,,,state[1892]=sensor_data[4].raw_force[93].fy,,xhand.py copies SDK order; xhand_control_ros2.cpp copies raw_force[k].fx/fy/fz,True
1893,observation.state,hand_tactile_sensor_4.raw_force_93.fz,tactile sensor 4 raw distributed force raw_idx 93 fz,xhand SDK sensor_data[4].raw_force[93].fz,,"measured sensor value, unless fallback",,,,state[1893]=sensor_data[4].raw_force[93].fz,,xhand.py copies SDK order; xhand_control_ros2.cpp copies raw_force[k].fx/fy/fz,True
1894,observation.state,hand_tactile_sensor_4.raw_force_94.fx,tactile sensor 4 raw distributed force raw_idx 94 fx,xhand SDK sensor_data[4].raw_force[94].fx,,"measured sensor value, unless fallback",,,,state[1894]=sensor_data[4].raw_force[94].fx,,xhand.py copies SDK order; xhand_control_ros2.cpp copies raw_force[k].fx/fy/fz,True
1895,observation.state,hand_tactile_sensor_4.raw_force_94.fy,tactile sensor 4 raw distributed force raw_idx 94 fy,xhand SDK sensor_data[4].raw_force[94].fy,,"measured sensor value, unless fallback",,,,state[1895]=sensor_data[4].raw_force[94].fy,,xhand.py copies SDK order; xhand_control_ros2.cpp copies raw_force[k].fx/fy/fz,True
1896,observation.state,hand_tactile_sensor_4.raw_force_94.fz,tactile sensor 4 raw distributed force raw_idx 94 fz,xhand SDK sensor_data[4].raw_force[94].fz,,"measured sensor value, unless fallback",,,,state[1896]=sensor_data[4].raw_force[94].fz,,xhand.py copies SDK order; xhand_control_ros2.cpp copies raw_force[k].fx/fy/fz,True
1897,observation.state,hand_tactile_sensor_4.raw_force_95.fx,tactile sensor 4 raw distributed force raw_idx 95 fx,xhand SDK sensor_data[4].raw_force[95].fx,,"measured sensor value, unless fallback",,,,state[1897]=sensor_data[4].raw_force[95].fx,,xhand.py copies SDK order; xhand_control_ros2.cpp copies raw_force[k].fx/fy/fz,True
1898,observation.state,hand_tactile_sensor_4.raw_force_95.fy,tactile sensor 4 raw distributed force raw_idx 95 fy,xhand SDK sensor_data[4].raw_force[95].fy,,"measured sensor value, unless fallback",,,,state[1898]=sensor_data[4].raw_force[95].fy,,xhand.py copies SDK order; xhand_control_ros2.cpp copies raw_force[k].fx/fy/fz,True
1899,observation.state,hand_tactile_sensor_4.raw_force_95.fz,tactile sensor 4 raw distributed force raw_idx 95 fz,xhand SDK sensor_data[4].raw_force[95].fz,,"measured sensor value, unless fallback",,,,state[1899]=sensor_data[4].raw_force[95].fz,,xhand.py copies SDK order; xhand_control_ros2.cpp copies raw_force[k].fx/fy/fz,True
1900,observation.state,hand_tactile_sensor_4.raw_force_96.fx,tactile sensor 4 raw distributed force raw_idx 96 fx,xhand SDK sensor_data[4].raw_force[96].fx,,"measured sensor value, unless fallback",,,,state[1900]=sensor_data[4].raw_force[96].fx,,xhand.py copies SDK order; xhand_control_ros2.cpp copies raw_force[k].fx/fy/fz,True
1901,observation.state,hand_tactile_sensor_4.raw_force_96.fy,tactile sensor 4 raw distributed force raw_idx 96 fy,xhand SDK sensor_data[4].raw_force[96].fy,,"measured sensor value, unless fallback",,,,state[1901]=sensor_data[4].raw_force[96].fy,,xhand.py copies SDK order; xhand_control_ros2.cpp copies raw_force[k].fx/fy/fz,True
1902,observation.state,hand_tactile_sensor_4.raw_force_96.fz,tactile sensor 4 raw distributed force raw_idx 96 fz,xhand SDK sensor_data[4].raw_force[96].fz,,"measured sensor value, unless fallback",,,,state[1902]=sensor_data[4].raw_force[96].fz,,xhand.py copies SDK order; xhand_control_ros2.cpp copies raw_force[k].fx/fy/fz,True
1903,observation.state,hand_tactile_sensor_4.raw_force_97.fx,tactile sensor 4 raw distributed force raw_idx 97 fx,xhand SDK sensor_data[4].raw_force[97].fx,,"measured sensor value, unless fallback",,,,state[1903]=sensor_data[4].raw_force[97].fx,,xhand.py copies SDK order; xhand_control_ros2.cpp copies raw_force[k].fx/fy/fz,True
1904,observation.state,hand_tactile_sensor_4.raw_force_97.fy,tactile sensor 4 raw distributed force raw_idx 97 fy,xhand SDK sensor_data[4].raw_force[97].fy,,"measured sensor value, unless fallback",,,,state[1904]=sensor_data[4].raw_force[97].fy,,xhand.py copies SDK order; xhand_control_ros2.cpp copies raw_force[k].fx/fy/fz,True
1905,observation.state,hand_tactile_sensor_4.raw_force_97.fz,tactile sensor 4 raw distributed force raw_idx 97 fz,xhand SDK sensor_data[4].raw_force[97].fz,,"measured sensor value, unless fallback",,,,state[1905]=sensor_data[4].raw_force[97].fz,,xhand.py copies SDK order; xhand_control_ros2.cpp copies raw_force[k].fx/fy/fz,True
1906,observation.state,hand_tactile_sensor_4.raw_force_98.fx,tactile sensor 4 raw distributed force raw_idx 98 fx,xhand SDK sensor_data[4].raw_force[98].fx,,"measured sensor value, unless fallback",,,,state[1906]=sensor_data[4].raw_force[98].fx,,xhand.py copies SDK order; xhand_control_ros2.cpp copies raw_force[k].fx/fy/fz,True
1907,observation.state,hand_tactile_sensor_4.raw_force_98.fy,tactile sensor 4 raw distributed force raw_idx 98 fy,xhand SDK sensor_data[4].raw_force[98].fy,,"measured sensor value, unless fallback",,,,state[1907]=sensor_data[4].raw_force[98].fy,,xhand.py copies SDK order; xhand_control_ros2.cpp copies raw_force[k].fx/fy/fz,True
1908,observation.state,hand_tactile_sensor_4.raw_force_98.fz,tactile sensor 4 raw distributed force raw_idx 98 fz,xhand SDK sensor_data[4].raw_force[98].fz,,"measured sensor value, unless fallback",,,,state[1908]=sensor_data[4].raw_force[98].fz,,xhand.py copies SDK order; xhand_control_ros2.cpp copies raw_force[k].fx/fy/fz,True
1909,observation.state,hand_tactile_sensor_4.raw_force_99.fx,tactile sensor 4 raw distributed force raw_idx 99 fx,xhand SDK sensor_data[4].raw_force[99].fx,,"measured sensor value, unless fallback",,,,state[1909]=sensor_data[4].raw_force[99].fx,,xhand.py copies SDK order; xhand_control_ros2.cpp copies raw_force[k].fx/fy/fz,True
1910,observation.state,hand_tactile_sensor_4.raw_force_99.fy,tactile sensor 4 raw distributed force raw_idx 99 fy,xhand SDK sensor_data[4].raw_force[99].fy,,"measured sensor value, unless fallback",,,,state[1910]=sensor_data[4].raw_force[99].fy,,xhand.py copies SDK order; xhand_control_ros2.cpp copies raw_force[k].fx/fy/fz,True
1911,observation.state,hand_tactile_sensor_4.raw_force_99.fz,tactile sensor 4 raw distributed force raw_idx 99 fz,xhand SDK sensor_data[4].raw_force[99].fz,,"measured sensor value, unless fallback",,,,state[1911]=sensor_data[4].raw_force[99].fz,,xhand.py copies SDK order; xhand_control_ros2.cpp copies raw_force[k].fx/fy/fz,True
1912,observation.state,hand_tactile_sensor_4.raw_force_100.fx,tactile sensor 4 raw distributed force raw_idx 100 fx,xhand SDK sensor_data[4].raw_force[100].fx,,"measured sensor value, unless fallback",,,,state[1912]=sensor_data[4].raw_force[100].fx,,xhand.py copies SDK order; xhand_control_ros2.cpp copies raw_force[k].fx/fy/fz,True
1913,observation.state,hand_tactile_sensor_4.raw_force_100.fy,tactile sensor 4 raw distributed force raw_idx 100 fy,xhand SDK sensor_data[4].raw_force[100].fy,,"measured sensor value, unless fallback",,,,state[1913]=sensor_data[4].raw_force[100].fy,,xhand.py copies SDK order; xhand_control_ros2.cpp copies raw_force[k].fx/fy/fz,True
1914,observation.state,hand_tactile_sensor_4.raw_force_100.fz,tactile sensor 4 raw distributed force raw_idx 100 fz,xhand SDK sensor_data[4].raw_force[100].fz,,"measured sensor value, unless fallback",,,,state[1914]=sensor_data[4].raw_force[100].fz,,xhand.py copies SDK order; xhand_control_ros2.cpp copies raw_force[k].fx/fy/fz,True
1915,observation.state,hand_tactile_sensor_4.raw_force_101.fx,tactile sensor 4 raw distributed force raw_idx 101 fx,xhand SDK sensor_data[4].raw_force[101].fx,,"measured sensor value, unless fallback",,,,state[1915]=sensor_data[4].raw_force[101].fx,,xhand.py copies SDK order; xhand_control_ros2.cpp copies raw_force[k].fx/fy/fz,True
1916,observation.state,hand_tactile_sensor_4.raw_force_101.fy,tactile sensor 4 raw distributed force raw_idx 101 fy,xhand SDK sensor_data[4].raw_force[101].fy,,"measured sensor value, unless fallback",,,,state[1916]=sensor_data[4].raw_force[101].fy,,xhand.py copies SDK order; xhand_control_ros2.cpp copies raw_force[k].fx/fy/fz,True
1917,observation.state,hand_tactile_sensor_4.raw_force_101.fz,tactile sensor 4 raw distributed force raw_idx 101 fz,xhand SDK sensor_data[4].raw_force[101].fz,,"measured sensor value, unless fallback",,,,state[1917]=sensor_data[4].raw_force[101].fz,,xhand.py copies SDK order; xhand_control_ros2.cpp copies raw_force[k].fx/fy/fz,True
1918,observation.state,hand_tactile_sensor_4.raw_force_102.fx,tactile sensor 4 raw distributed force raw_idx 102 fx,xhand SDK sensor_data[4].raw_force[102].fx,,"measured sensor value, unless fallback",,,,state[1918]=sensor_data[4].raw_force[102].fx,,xhand.py copies SDK order; xhand_control_ros2.cpp copies raw_force[k].fx/fy/fz,True
1919,observation.state,hand_tactile_sensor_4.raw_force_102.fy,tactile sensor 4 raw distributed force raw_idx 102 fy,xhand SDK sensor_data[4].raw_force[102].fy,,"measured sensor value, unless fallback",,,,state[1919]=sensor_data[4].raw_force[102].fy,,xhand.py copies SDK order; xhand_control_ros2.cpp copies raw_force[k].fx/fy/fz,True
1920,observation.state,hand_tactile_sensor_4.raw_force_102.fz,tactile sensor 4 raw distributed force raw_idx 102 fz,xhand SDK sensor_data[4].raw_force[102].fz,,"measured sensor value, unless fallback",,,,state[1920]=sensor_data[4].raw_force[102].fz,,xhand.py copies SDK order; xhand_control_ros2.cpp copies raw_force[k].fx/fy/fz,True
1921,observation.state,hand_tactile_sensor_4.raw_force_103.fx,tactile sensor 4 raw distributed force raw_idx 103 fx,xhand SDK sensor_data[4].raw_force[103].fx,,"measured sensor value, unless fallback",,,,state[1921]=sensor_data[4].raw_force[103].fx,,xhand.py copies SDK order; xhand_control_ros2.cpp copies raw_force[k].fx/fy/fz,True
1922,observation.state,hand_tactile_sensor_4.raw_force_103.fy,tactile sensor 4 raw distributed force raw_idx 103 fy,xhand SDK sensor_data[4].raw_force[103].fy,,"measured sensor value, unless fallback",,,,state[1922]=sensor_data[4].raw_force[103].fy,,xhand.py copies SDK order; xhand_control_ros2.cpp copies raw_force[k].fx/fy/fz,True
1923,observation.state,hand_tactile_sensor_4.raw_force_103.fz,tactile sensor 4 raw distributed force raw_idx 103 fz,xhand SDK sensor_data[4].raw_force[103].fz,,"measured sensor value, unless fallback",,,,state[1923]=sensor_data[4].raw_force[103].fz,,xhand.py copies SDK order; xhand_control_ros2.cpp copies raw_force[k].fx/fy/fz,True
1924,observation.state,hand_tactile_sensor_4.raw_force_104.fx,tactile sensor 4 raw distributed force raw_idx 104 fx,xhand SDK sensor_data[4].raw_force[104].fx,,"measured sensor value, unless fallback",,,,state[1924]=sensor_data[4].raw_force[104].fx,,xhand.py copies SDK order; xhand_control_ros2.cpp copies raw_force[k].fx/fy/fz,True
1925,observation.state,hand_tactile_sensor_4.raw_force_104.fy,tactile sensor 4 raw distributed force raw_idx 104 fy,xhand SDK sensor_data[4].raw_force[104].fy,,"measured sensor value, unless fallback",,,,state[1925]=sensor_data[4].raw_force[104].fy,,xhand.py copies SDK order; xhand_control_ros2.cpp copies raw_force[k].fx/fy/fz,True
1926,observation.state,hand_tactile_sensor_4.raw_force_104.fz,tactile sensor 4 raw distributed force raw_idx 104 fz,xhand SDK sensor_data[4].raw_force[104].fz,,"measured sensor value, unless fallback",,,,state[1926]=sensor_data[4].raw_force[104].fz,,xhand.py copies SDK order; xhand_control_ros2.cpp copies raw_force[k].fx/fy/fz,True
1927,observation.state,hand_tactile_sensor_4.raw_force_105.fx,tactile sensor 4 raw distributed force raw_idx 105 fx,xhand SDK sensor_data[4].raw_force[105].fx,,"measured sensor value, unless fallback",,,,state[1927]=sensor_data[4].raw_force[105].fx,,xhand.py copies SDK order; xhand_control_ros2.cpp copies raw_force[k].fx/fy/fz,True
1928,observation.state,hand_tactile_sensor_4.raw_force_105.fy,tactile sensor 4 raw distributed force raw_idx 105 fy,xhand SDK sensor_data[4].raw_force[105].fy,,"measured sensor value, unless fallback",,,,state[1928]=sensor_data[4].raw_force[105].fy,,xhand.py copies SDK order; xhand_control_ros2.cpp copies raw_force[k].fx/fy/fz,True
1929,observation.state,hand_tactile_sensor_4.raw_force_105.fz,tactile sensor 4 raw distributed force raw_idx 105 fz,xhand SDK sensor_data[4].raw_force[105].fz,,"measured sensor value, unless fallback",,,,state[1929]=sensor_data[4].raw_force[105].fz,,xhand.py copies SDK order; xhand_control_ros2.cpp copies raw_force[k].fx/fy/fz,True
1930,observation.state,hand_tactile_sensor_4.raw_force_106.fx,tactile sensor 4 raw distributed force raw_idx 106 fx,xhand SDK sensor_data[4].raw_force[106].fx,,"measured sensor value, unless fallback",,,,state[1930]=sensor_data[4].raw_force[106].fx,,xhand.py copies SDK order; xhand_control_ros2.cpp copies raw_force[k].fx/fy/fz,True
1931,observation.state,hand_tactile_sensor_4.raw_force_106.fy,tactile sensor 4 raw distributed force raw_idx 106 fy,xhand SDK sensor_data[4].raw_force[106].fy,,"measured sensor value, unless fallback",,,,state[1931]=sensor_data[4].raw_force[106].fy,,xhand.py copies SDK order; xhand_control_ros2.cpp copies raw_force[k].fx/fy/fz,True
1932,observation.state,hand_tactile_sensor_4.raw_force_106.fz,tactile sensor 4 raw distributed force raw_idx 106 fz,xhand SDK sensor_data[4].raw_force[106].fz,,"measured sensor value, unless fallback",,,,state[1932]=sensor_data[4].raw_force[106].fz,,xhand.py copies SDK order; xhand_control_ros2.cpp copies raw_force[k].fx/fy/fz,True
1933,observation.state,hand_tactile_sensor_4.raw_force_107.fx,tactile sensor 4 raw distributed force raw_idx 107 fx,xhand SDK sensor_data[4].raw_force[107].fx,,"measured sensor value, unless fallback",,,,state[1933]=sensor_data[4].raw_force[107].fx,,xhand.py copies SDK order; xhand_control_ros2.cpp copies raw_force[k].fx/fy/fz,True
1934,observation.state,hand_tactile_sensor_4.raw_force_107.fy,tactile sensor 4 raw distributed force raw_idx 107 fy,xhand SDK sensor_data[4].raw_force[107].fy,,"measured sensor value, unless fallback",,,,state[1934]=sensor_data[4].raw_force[107].fy,,xhand.py copies SDK order; xhand_control_ros2.cpp copies raw_force[k].fx/fy/fz,True
1935,observation.state,hand_tactile_sensor_4.raw_force_107.fz,tactile sensor 4 raw distributed force raw_idx 107 fz,xhand SDK sensor_data[4].raw_force[107].fz,,"measured sensor value, unless fallback",,,,state[1935]=sensor_data[4].raw_force[107].fz,,xhand.py copies SDK order; xhand_control_ros2.cpp copies raw_force[k].fx/fy/fz,True
1936,observation.state,hand_tactile_sensor_4.raw_force_108.fx,tactile sensor 4 raw distributed force raw_idx 108 fx,xhand SDK sensor_data[4].raw_force[108].fx,,"measured sensor value, unless fallback",,,,state[1936]=sensor_data[4].raw_force[108].fx,,xhand.py copies SDK order; xhand_control_ros2.cpp copies raw_force[k].fx/fy/fz,True
1937,observation.state,hand_tactile_sensor_4.raw_force_108.fy,tactile sensor 4 raw distributed force raw_idx 108 fy,xhand SDK sensor_data[4].raw_force[108].fy,,"measured sensor value, unless fallback",,,,state[1937]=sensor_data[4].raw_force[108].fy,,xhand.py copies SDK order; xhand_control_ros2.cpp copies raw_force[k].fx/fy/fz,True
1938,observation.state,hand_tactile_sensor_4.raw_force_108.fz,tactile sensor 4 raw distributed force raw_idx 108 fz,xhand SDK sensor_data[4].raw_force[108].fz,,"measured sensor value, unless fallback",,,,state[1938]=sensor_data[4].raw_force[108].fz,,xhand.py copies SDK order; xhand_control_ros2.cpp copies raw_force[k].fx/fy/fz,True
1939,observation.state,hand_tactile_sensor_4.raw_force_109.fx,tactile sensor 4 raw distributed force raw_idx 109 fx,xhand SDK sensor_data[4].raw_force[109].fx,,"measured sensor value, unless fallback",,,,state[1939]=sensor_data[4].raw_force[109].fx,,xhand.py copies SDK order; xhand_control_ros2.cpp copies raw_force[k].fx/fy/fz,True
1940,observation.state,hand_tactile_sensor_4.raw_force_109.fy,tactile sensor 4 raw distributed force raw_idx 109 fy,xhand SDK sensor_data[4].raw_force[109].fy,,"measured sensor value, unless fallback",,,,state[1940]=sensor_data[4].raw_force[109].fy,,xhand.py copies SDK order; xhand_control_ros2.cpp copies raw_force[k].fx/fy/fz,True
1941,observation.state,hand_tactile_sensor_4.raw_force_109.fz,tactile sensor 4 raw distributed force raw_idx 109 fz,xhand SDK sensor_data[4].raw_force[109].fz,,"measured sensor value, unless fallback",,,,state[1941]=sensor_data[4].raw_force[109].fz,,xhand.py copies SDK order; xhand_control_ros2.cpp copies raw_force[k].fx/fy/fz,True
1942,observation.state,hand_tactile_sensor_4.raw_force_110.fx,tactile sensor 4 raw distributed force raw_idx 110 fx,xhand SDK sensor_data[4].raw_force[110].fx,,"measured sensor value, unless fallback",,,,state[1942]=sensor_data[4].raw_force[110].fx,,xhand.py copies SDK order; xhand_control_ros2.cpp copies raw_force[k].fx/fy/fz,True
1943,observation.state,hand_tactile_sensor_4.raw_force_110.fy,tactile sensor 4 raw distributed force raw_idx 110 fy,xhand SDK sensor_data[4].raw_force[110].fy,,"measured sensor value, unless fallback",,,,state[1943]=sensor_data[4].raw_force[110].fy,,xhand.py copies SDK order; xhand_control_ros2.cpp copies raw_force[k].fx/fy/fz,True
1944,observation.state,hand_tactile_sensor_4.raw_force_110.fz,tactile sensor 4 raw distributed force raw_idx 110 fz,xhand SDK sensor_data[4].raw_force[110].fz,,"measured sensor value, unless fallback",,,,state[1944]=sensor_data[4].raw_force[110].fz,,xhand.py copies SDK order; xhand_control_ros2.cpp copies raw_force[k].fx/fy/fz,True
1945,observation.state,hand_tactile_sensor_4.raw_force_111.fx,tactile sensor 4 raw distributed force raw_idx 111 fx,xhand SDK sensor_data[4].raw_force[111].fx,,"measured sensor value, unless fallback",,,,state[1945]=sensor_data[4].raw_force[111].fx,,xhand.py copies SDK order; xhand_control_ros2.cpp copies raw_force[k].fx/fy/fz,True
1946,observation.state,hand_tactile_sensor_4.raw_force_111.fy,tactile sensor 4 raw distributed force raw_idx 111 fy,xhand SDK sensor_data[4].raw_force[111].fy,,"measured sensor value, unless fallback",,,,state[1946]=sensor_data[4].raw_force[111].fy,,xhand.py copies SDK order; xhand_control_ros2.cpp copies raw_force[k].fx/fy/fz,True
1947,observation.state,hand_tactile_sensor_4.raw_force_111.fz,tactile sensor 4 raw distributed force raw_idx 111 fz,xhand SDK sensor_data[4].raw_force[111].fz,,"measured sensor value, unless fallback",,,,state[1947]=sensor_data[4].raw_force[111].fz,,xhand.py copies SDK order; xhand_control_ros2.cpp copies raw_force[k].fx/fy/fz,True
1948,observation.state,hand_tactile_sensor_4.raw_force_112.fx,tactile sensor 4 raw distributed force raw_idx 112 fx,xhand SDK sensor_data[4].raw_force[112].fx,,"measured sensor value, unless fallback",,,,state[1948]=sensor_data[4].raw_force[112].fx,,xhand.py copies SDK order; xhand_control_ros2.cpp copies raw_force[k].fx/fy/fz,True
1949,observation.state,hand_tactile_sensor_4.raw_force_112.fy,tactile sensor 4 raw distributed force raw_idx 112 fy,xhand SDK sensor_data[4].raw_force[112].fy,,"measured sensor value, unless fallback",,,,state[1949]=sensor_data[4].raw_force[112].fy,,xhand.py copies SDK order; xhand_control_ros2.cpp copies raw_force[k].fx/fy/fz,True
1950,observation.state,hand_tactile_sensor_4.raw_force_112.fz,tactile sensor 4 raw distributed force raw_idx 112 fz,xhand SDK sensor_data[4].raw_force[112].fz,,"measured sensor value, unless fallback",,,,state[1950]=sensor_data[4].raw_force[112].fz,,xhand.py copies SDK order; xhand_control_ros2.cpp copies raw_force[k].fx/fy/fz,True
1951,observation.state,hand_tactile_sensor_4.raw_force_113.fx,tactile sensor 4 raw distributed force raw_idx 113 fx,xhand SDK sensor_data[4].raw_force[113].fx,,"measured sensor value, unless fallback",,,,state[1951]=sensor_data[4].raw_force[113].fx,,xhand.py copies SDK order; xhand_control_ros2.cpp copies raw_force[k].fx/fy/fz,True
1952,observation.state,hand_tactile_sensor_4.raw_force_113.fy,tactile sensor 4 raw distributed force raw_idx 113 fy,xhand SDK sensor_data[4].raw_force[113].fy,,"measured sensor value, unless fallback",,,,state[1952]=sensor_data[4].raw_force[113].fy,,xhand.py copies SDK order; xhand_control_ros2.cpp copies raw_force[k].fx/fy/fz,True
1953,observation.state,hand_tactile_sensor_4.raw_force_113.fz,tactile sensor 4 raw distributed force raw_idx 113 fz,xhand SDK sensor_data[4].raw_force[113].fz,,"measured sensor value, unless fallback",,,,state[1953]=sensor_data[4].raw_force[113].fz,,xhand.py copies SDK order; xhand_control_ros2.cpp copies raw_force[k].fx/fy/fz,True
1954,observation.state,hand_tactile_sensor_4.raw_force_114.fx,tactile sensor 4 raw distributed force raw_idx 114 fx,xhand SDK sensor_data[4].raw_force[114].fx,,"measured sensor value, unless fallback",,,,state[1954]=sensor_data[4].raw_force[114].fx,,xhand.py copies SDK order; xhand_control_ros2.cpp copies raw_force[k].fx/fy/fz,True
1955,observation.state,hand_tactile_sensor_4.raw_force_114.fy,tactile sensor 4 raw distributed force raw_idx 114 fy,xhand SDK sensor_data[4].raw_force[114].fy,,"measured sensor value, unless fallback",,,,state[1955]=sensor_data[4].raw_force[114].fy,,xhand.py copies SDK order; xhand_control_ros2.cpp copies raw_force[k].fx/fy/fz,True
1956,observation.state,hand_tactile_sensor_4.raw_force_114.fz,tactile sensor 4 raw distributed force raw_idx 114 fz,xhand SDK sensor_data[4].raw_force[114].fz,,"measured sensor value, unless fallback",,,,state[1956]=sensor_data[4].raw_force[114].fz,,xhand.py copies SDK order; xhand_control_ros2.cpp copies raw_force[k].fx/fy/fz,True
1957,observation.state,hand_tactile_sensor_4.raw_force_115.fx,tactile sensor 4 raw distributed force raw_idx 115 fx,xhand SDK sensor_data[4].raw_force[115].fx,,"measured sensor value, unless fallback",,,,state[1957]=sensor_data[4].raw_force[115].fx,,xhand.py copies SDK order; xhand_control_ros2.cpp copies raw_force[k].fx/fy/fz,True
1958,observation.state,hand_tactile_sensor_4.raw_force_115.fy,tactile sensor 4 raw distributed force raw_idx 115 fy,xhand SDK sensor_data[4].raw_force[115].fy,,"measured sensor value, unless fallback",,,,state[1958]=sensor_data[4].raw_force[115].fy,,xhand.py copies SDK order; xhand_control_ros2.cpp copies raw_force[k].fx/fy/fz,True
1959,observation.state,hand_tactile_sensor_4.raw_force_115.fz,tactile sensor 4 raw distributed force raw_idx 115 fz,xhand SDK sensor_data[4].raw_force[115].fz,,"measured sensor value, unless fallback",,,,state[1959]=sensor_data[4].raw_force[115].fz,,xhand.py copies SDK order; xhand_control_ros2.cpp copies raw_force[k].fx/fy/fz,True
1960,observation.state,hand_tactile_sensor_4.raw_force_116.fx,tactile sensor 4 raw distributed force raw_idx 116 fx,xhand SDK sensor_data[4].raw_force[116].fx,,"measured sensor value, unless fallback",,,,state[1960]=sensor_data[4].raw_force[116].fx,,xhand.py copies SDK order; xhand_control_ros2.cpp copies raw_force[k].fx/fy/fz,True
1961,observation.state,hand_tactile_sensor_4.raw_force_116.fy,tactile sensor 4 raw distributed force raw_idx 116 fy,xhand SDK sensor_data[4].raw_force[116].fy,,"measured sensor value, unless fallback",,,,state[1961]=sensor_data[4].raw_force[116].fy,,xhand.py copies SDK order; xhand_control_ros2.cpp copies raw_force[k].fx/fy/fz,True
1962,observation.state,hand_tactile_sensor_4.raw_force_116.fz,tactile sensor 4 raw distributed force raw_idx 116 fz,xhand SDK sensor_data[4].raw_force[116].fz,,"measured sensor value, unless fallback",,,,state[1962]=sensor_data[4].raw_force[116].fz,,xhand.py copies SDK order; xhand_control_ros2.cpp copies raw_force[k].fx/fy/fz,True
1963,observation.state,hand_tactile_sensor_4.raw_force_117.fx,tactile sensor 4 raw distributed force raw_idx 117 fx,xhand SDK sensor_data[4].raw_force[117].fx,,"measured sensor value, unless fallback",,,,state[1963]=sensor_data[4].raw_force[117].fx,,xhand.py copies SDK order; xhand_control_ros2.cpp copies raw_force[k].fx/fy/fz,True
1964,observation.state,hand_tactile_sensor_4.raw_force_117.fy,tactile sensor 4 raw distributed force raw_idx 117 fy,xhand SDK sensor_data[4].raw_force[117].fy,,"measured sensor value, unless fallback",,,,state[1964]=sensor_data[4].raw_force[117].fy,,xhand.py copies SDK order; xhand_control_ros2.cpp copies raw_force[k].fx/fy/fz,True
1965,observation.state,hand_tactile_sensor_4.raw_force_117.fz,tactile sensor 4 raw distributed force raw_idx 117 fz,xhand SDK sensor_data[4].raw_force[117].fz,,"measured sensor value, unless fallback",,,,state[1965]=sensor_data[4].raw_force[117].fz,,xhand.py copies SDK order; xhand_control_ros2.cpp copies raw_force[k].fx/fy/fz,True
1966,observation.state,hand_tactile_sensor_4.raw_force_118.fx,tactile sensor 4 raw distributed force raw_idx 118 fx,xhand SDK sensor_data[4].raw_force[118].fx,,"measured sensor value, unless fallback",,,,state[1966]=sensor_data[4].raw_force[118].fx,,xhand.py copies SDK order; xhand_control_ros2.cpp copies raw_force[k].fx/fy/fz,True
1967,observation.state,hand_tactile_sensor_4.raw_force_118.fy,tactile sensor 4 raw distributed force raw_idx 118 fy,xhand SDK sensor_data[4].raw_force[118].fy,,"measured sensor value, unless fallback",,,,state[1967]=sensor_data[4].raw_force[118].fy,,xhand.py copies SDK order; xhand_control_ros2.cpp copies raw_force[k].fx/fy/fz,True
1968,observation.state,hand_tactile_sensor_4.raw_force_118.fz,tactile sensor 4 raw distributed force raw_idx 118 fz,xhand SDK sensor_data[4].raw_force[118].fz,,"measured sensor value, unless fallback",,,,state[1968]=sensor_data[4].raw_force[118].fz,,xhand.py copies SDK order; xhand_control_ros2.cpp copies raw_force[k].fx/fy/fz,True
1969,observation.state,hand_tactile_sensor_4.raw_force_119.fx,tactile sensor 4 raw distributed force raw_idx 119 fx,xhand SDK sensor_data[4].raw_force[119].fx,,"measured sensor value, unless fallback",,,,state[1969]=sensor_data[4].raw_force[119].fx,,xhand.py copies SDK order; xhand_control_ros2.cpp copies raw_force[k].fx/fy/fz,True
1970,observation.state,hand_tactile_sensor_4.raw_force_119.fy,tactile sensor 4 raw distributed force raw_idx 119 fy,xhand SDK sensor_data[4].raw_force[119].fy,,"measured sensor value, unless fallback",,,,state[1970]=sensor_data[4].raw_force[119].fy,,xhand.py copies SDK order; xhand_control_ros2.cpp copies raw_force[k].fx/fy/fz,True
1971,observation.state,hand_tactile_sensor_4.raw_force_119.fz,tactile sensor 4 raw distributed force raw_idx 119 fz,xhand SDK sensor_data[4].raw_force[119].fz,,"measured sensor value, unless fallback",,,,state[1971]=sensor_data[4].raw_force[119].fz,,xhand.py copies SDK order; xhand_control_ros2.cpp copies raw_force[k].fx/fy/fz,True
