# https://github.com/mikedh/trimesh
v -0.00240000 0.00398748 0.03960000
v -0.00390000 0.00398748 0.03960000
v -0.00240000 -0.00398748 0.03960000
v -0.00390000 -0.00398748 0.03960000
v -0.00300000 0.00605000 0.01270000
v -0.00310411 0.00605000 0.01270680
v -0.00310411 0.00726716 0.01270680
v -0.00348676 0.00605000 0.01286512
v -0.00348676 0.00726716 0.01286512
v -0.00373898 0.00605000 0.01319356
v -0.00373898 0.00726716 0.01319356
v -0.00379320 0.00605000 0.01360410
v -0.00379320 0.00726716 0.01360410
v -0.00363488 0.00605000 0.01398676
v -0.00363488 0.00726716 0.01398676
v -0.00330644 0.00605000 0.01423898
v -0.00330644 0.00726716 0.01423898
v -0.00289589 0.00605000 0.01429319
v -0.00289589 0.00726716 0.01429319
v -0.00251324 0.00605000 0.01413488
v -0.00251324 0.00726716 0.01413488
v -0.00226102 0.00605000 0.01380645
v -0.00226102 0.00726716 0.01380645
v -0.00220680 0.00605000 0.01339589
v -0.00220680 0.00726716 0.01339589
v -0.00236512 0.00605000 0.01301324
v -0.00236512 0.00726716 0.01301324
v -0.00269356 0.00605000 0.01276101
v -0.00269356 0.00726716 0.01276101
v -0.00320000 -0.00600000 -0.00000000
v -0.00330718 -0.00711716 -0.00039999
v -0.00330718 -0.00600000 -0.00039999
v -0.00360000 -0.00711716 -0.00069282
v -0.00360000 -0.00600000 -0.00069282
v -0.00400000 -0.00711716 -0.00080000
v -0.00400000 -0.00600000 -0.00080000
v -0.00440000 -0.00711716 -0.00069282
v -0.00440000 -0.00600000 -0.00069282
v -0.00469282 -0.00711716 -0.00039999
v -0.00469282 -0.00600000 -0.00039999
v -0.00480000 -0.00711716 -0.00000000
v -0.00480000 -0.00600000 -0.00000000
v -0.00469282 -0.00711716 0.00040001
v -0.00469282 -0.00600000 0.00040001
v -0.00440000 -0.00711716 0.00069281
v -0.00440000 -0.00600000 0.00069281
v -0.00400000 -0.00711716 0.00080000
v -0.00400000 -0.00600000 0.00080000
v -0.00360000 -0.00711716 0.00069281
v -0.00360000 -0.00600000 0.00069281
v -0.00330718 -0.00711716 0.00040001
v -0.00330718 -0.00600000 0.00040001
v -0.00320000 -0.00711716 -0.00000000
v 0.00076056 -0.00600000 0.00099200
v 0.00076056 -0.00696716 0.00099200
v 0.00088389 -0.00696716 0.00088389
v 0.00115466 -0.00600000 0.00047882
v 0.00016267 -0.00600000 0.00123937
v 0.00032352 -0.00696716 0.00120741
v 0.00062500 -0.00696716 0.00108254
v -0.00062500 -0.00696716 0.00108254
v -0.00047881 -0.00696716 0.00115466
v -0.00047881 -0.00600000 0.00115466
v -0.00032352 -0.00696716 0.00120741
v 0.00000000 -0.00600000 0.00125000
v 0.00000000 -0.00696716 0.00125000
v 0.00016267 -0.00696716 0.00123937
v -0.00088388 -0.00696716 0.00088389
v -0.00099199 -0.00600000 0.00076055
v -0.00099199 -0.00696716 0.00076055
v -0.00123937 -0.00600000 0.00016267
v -0.00120741 -0.00696716 0.00032352
v -0.00108253 -0.00696716 0.00062500
v -0.00115466 -0.00696716 -0.00047881
v -0.00120741 -0.00696716 -0.00032352
v -0.00115466 -0.00600000 -0.00047881
v -0.00125000 -0.00696716 -0.00000000
v -0.00123937 -0.00696716 0.00016267
v -0.00076056 -0.00600000 -0.00099199
v -0.00088388 -0.00696716 -0.00088388
v -0.00108253 -0.00696716 -0.00062500
v -0.00016267 -0.00696716 -0.00123938
v -0.00032352 -0.00696716 -0.00120741
v -0.00016267 -0.00600000 -0.00123938
v -0.00062500 -0.00696716 -0.00108253
v -0.00076056 -0.00696716 -0.00099199
v 0.00000000 -0.00696716 -0.00125000
v 0.00047881 -0.00600000 -0.00115466
v 0.00032352 -0.00696716 -0.00120741
v 0.00099199 -0.00696716 -0.00076056
v 0.00088389 -0.00696716 -0.00088388
v 0.00099199 -0.00600000 -0.00076056
v 0.00062500 -0.00696716 -0.00108253
v 0.00047881 -0.00696716 -0.00115466
v 0.00108253 -0.00696716 -0.00062500
v 0.00123937 -0.00600000 -0.00016266
v 0.00120741 -0.00696716 -0.00032352
v 0.00115466 -0.00696716 0.00047882
v 0.00125000 -0.00696716 -0.00000000
v 0.00123937 -0.00696716 -0.00016266
v 0.00080000 -0.00600000 0.00400001
v 0.00069282 -0.00711716 0.00360000
v 0.00069282 -0.00600000 0.00360000
v 0.00040000 -0.00711716 0.00330718
v 0.00040000 -0.00600000 0.00330718
v 0.00000000 -0.00711716 0.00319999
v 0.00000000 -0.00600000 0.00319999
v -0.00040000 -0.00711716 0.00330718
v -0.00040000 -0.00600000 0.00330718
v -0.00069282 -0.00711716 0.00360000
v -0.00069282 -0.00600000 0.00360000
v -0.00080000 -0.00711716 0.00400001
v -0.00080000 -0.00600000 0.00400001
v -0.00069282 -0.00711716 0.00440000
v -0.00069282 -0.00600000 0.00440000
v -0.00040000 -0.00711716 0.00469282
v -0.00040000 -0.00600000 0.00469282
v 0.00000000 -0.00711716 0.00480001
v 0.00000000 -0.00600000 0.00480001
v 0.00040000 -0.00711716 0.00469282
v 0.00040000 -0.00600000 0.00469282
v 0.00069282 -0.00711716 0.00440000
v 0.00069282 -0.00600000 0.00440000
v 0.00080000 -0.00711716 0.00400001
v 0.00080000 -0.00600000 -0.00399999
v 0.00069282 -0.00711716 -0.00440000
v 0.00069282 -0.00600000 -0.00440000
v 0.00040000 -0.00711716 -0.00469282
v 0.00040000 -0.00600000 -0.00469282
v 0.00000000 -0.00711716 -0.00479999
v 0.00000000 -0.00600000 -0.00479999
v -0.00040000 -0.00711716 -0.00469282
v -0.00040000 -0.00600000 -0.00469282
v -0.00069282 -0.00711716 -0.00440000
v -0.00069282 -0.00600000 -0.00440000
v -0.00080000 -0.00711716 -0.00399999
v -0.00080000 -0.00600000 -0.00399999
v -0.00069282 -0.00711716 -0.00360000
v -0.00069282 -0.00600000 -0.00360000
v -0.00040000 -0.00711716 -0.00330718
v -0.00040000 -0.00600000 -0.00330718
v 0.00000000 -0.00711716 -0.00320000
v 0.00000000 -0.00600000 -0.00320000
v 0.00040000 -0.00711716 -0.00330718
v 0.00040000 -0.00600000 -0.00330718
v 0.00069282 -0.00711716 -0.00360000
v 0.00069282 -0.00600000 -0.00360000
v 0.00080000 -0.00711716 -0.00399999
v 0.00480000 -0.00600000 -0.00000000
v 0.00469282 -0.00711716 -0.00039999
v 0.00469282 -0.00600000 -0.00039999
v 0.00440000 -0.00711716 -0.00069282
v 0.00440000 -0.00600000 -0.00069282
v 0.00400000 -0.00711716 -0.00080000
v 0.00400000 -0.00600000 -0.00080000
v 0.00360000 -0.00711716 -0.00069282
v 0.00360000 -0.00600000 -0.00069282
v 0.00330718 -0.00711716 -0.00039999
v 0.00330718 -0.00600000 -0.00039999
v 0.00320000 -0.00711716 -0.00000000
v 0.00320000 -0.00600000 -0.00000000
v 0.00330718 -0.00711716 0.00040001
v 0.00330718 -0.00600000 0.00040001
v 0.00360000 -0.00711716 0.00069281
v 0.00360000 -0.00600000 0.00069281
v 0.00400000 -0.00711716 0.00080000
v 0.00400000 -0.00600000 0.00080000
v 0.00440000 -0.00711716 0.00069281
v 0.00440000 -0.00600000 0.00069281
v 0.00469282 -0.00711716 0.00040001
v 0.00469282 -0.00600000 0.00040001
v 0.00480000 -0.00711716 -0.00000000
v 0.00870553 -0.00598536 0.01603430
v 0.00787814 -0.00677916 0.01599163
v 0.00779856 -0.00726305 0.01598757
v 0.01059390 -0.00000000 0.01613171
v 0.01025659 0.00000000 0.01611432
v 0.01025655 -0.00007515 0.01611432
v 0.00774149 -0.00730141 0.01598462
v 0.00741025 -0.00710337 0.01596750
v 0.00657300 -0.00788473 0.01592436
v 0.00690794 -0.00737302 0.01594162
v 0.00619183 -0.00763761 0.01590471
v 0.00524680 -0.00819273 0.01585597
v 0.00877785 -0.00641830 0.01603807
v 0.00892852 -0.00624987 0.01604585
v 0.00939221 -0.00498929 0.01606972
v 0.00962552 -0.00526240 0.01608179
v 0.00966670 -0.00442273 0.01608388
v 0.00974501 -0.00504404 0.01608795
v 0.00988060 -0.00383147 0.01609492
v 0.01018433 -0.00400880 0.01611061
v 0.01000413 -0.00335943 0.01610130
v 0.01026459 -0.00374229 0.01611474
v 0.01021177 -0.00178284 0.01611200
v 0.01047035 -0.00261894 0.01612535
v 0.01051181 -0.00225446 0.01612750
v 0.01059283 -0.00040583 0.01613167
v 0.00314119 -0.00832404 0.01574737
v -0.00126903 -0.00797143 0.01551992
v -0.00240010 -0.00832000 0.01545578
v -0.00209999 -0.00797151 0.01547703
v -0.00240000 -0.00797145 0.01546158
v 0.00542158 -0.00780933 0.01586498
v 0.00502683 -0.00786679 0.01584463
v 0.00343269 -0.00832054 0.01576240
v 0.00430877 -0.00793322 0.01580758
v 0.00267549 -0.00797142 0.01572335
v 0.00233373 -0.00832488 -0.00096370
v 0.00230750 -0.00815000 -0.00044491
v 0.00205722 -0.00815000 -0.00113593
v 0.00146163 -0.00832443 -0.00205825
v 0.00165216 -0.00832446 -0.00190874
v 0.00136064 -0.00815000 -0.00191602
v 0.00188313 -0.00832454 -0.00168140
v 0.00219142 -0.00832474 -0.00125380
v 0.00044491 -0.00815000 -0.00230751
v 0.00096285 -0.00832450 -0.00233367
v 0.00121950 -0.00832444 -0.00221035
v -0.00044491 -0.00815000 -0.00230751
v -0.00064967 -0.00815000 -0.00225841
v -0.00096483 -0.00832538 -0.00233381
v -0.00188218 -0.00832452 -0.00168245
v -0.00168199 -0.00832530 -0.00188364
v -0.00156522 -0.00815000 -0.00175288
v -0.00149812 -0.00832537 -0.00203301
v -0.00121400 -0.00832541 -0.00221446
v -0.00208259 -0.00832277 -0.00142381
v -0.00217076 -0.00815000 -0.00090017
v -0.00233172 -0.00832060 -0.00095734
v -0.00230750 -0.00815000 -0.00044491
v -0.00233309 -0.00832058 -0.00095396
v -0.00233309 -0.00832058 0.00095397
v -0.00230750 -0.00815000 0.00044490
v -0.00221701 -0.00832160 0.00120139
v -0.00205722 -0.00815000 0.00113593
v -0.00204295 -0.00832312 0.00148071
v -0.00169693 -0.00832530 0.00187017
v -0.00136064 -0.00815000 0.00191603
v -0.00144433 -0.00832538 0.00207159
v -0.00098316 -0.00832539 0.00232614
v -0.00044491 -0.00815000 0.00230750
v -0.00096483 -0.00832538 0.00233380
v 0.00044491 -0.00815000 0.00230750
v 0.00064967 -0.00815000 0.00225842
v 0.00096285 -0.00832450 0.00233367
v 0.00233373 -0.00832488 0.00096370
v 0.00217076 -0.00815000 0.00090016
v 0.00230750 -0.00815000 0.00044490
v 0.00133728 -0.00832443 0.00214113
v 0.00156522 -0.00815000 0.00175288
v 0.00167654 -0.00832446 0.00188735
v 0.00205767 -0.00832464 0.00146282
v -0.00275000 0.00605000 0.01545580
v -0.00275000 0.00405000 0.01545580
v -0.00475000 0.00605000 0.01545580
v -0.00475000 0.00405000 0.01545580
v -0.00575000 0.00670000 0.01645580
v -0.00575000 0.00670000 0.02860001
v -0.00240000 0.00670000 0.02860001
v -0.00525000 0.00670000 0.01558977
v -0.00561602 0.00670000 0.01595580
v -0.00475000 0.00670000 0.01545580
v -0.00240000 0.00670000 0.01545580
v -0.00198463 0.00405000 0.01530357
v -0.00198463 0.00605000 0.01530357
v -0.00133579 0.00405000 0.01487002
v -0.00133579 0.00605000 0.01487002
v -0.00090224 0.00405000 0.01422116
v -0.00090224 0.00605000 0.01422116
v -0.00075000 0.00405000 0.01345581
v -0.00075000 0.00605000 0.01345581
v -0.00166737 -0.00832531 -0.00496265
v -0.00177272 -0.00832523 -0.00475098
v -0.00240022 -0.00832000 -0.00710704
v -0.00166737 -0.00832531 -0.00303735
v -0.00149191 -0.00832537 -0.00278293
v -0.00240000 -0.00832000 -0.00106132
v -0.00192270 -0.00832417 -0.00407514
v -0.00192416 -0.00832416 -0.00400001
v -0.00182563 -0.00832499 -0.00338955
v 0.00239043 -0.00832494 -0.00105579
v 0.00268516 -0.00832531 -0.00140642
v 0.00140233 -0.00832443 -0.00268208
v 0.00172288 -0.00832448 -0.00314249
v 0.00346357 -0.00832000 -0.00184354
v 0.00166663 -0.00832446 -0.00303777
v 0.00340315 -0.00832103 -0.00182596
v 0.00321749 -0.00832338 -0.00175701
v 0.00283104 -0.00832529 -0.00152980
v 0.00303765 -0.00832469 -0.00166683
v 0.00190976 -0.00832455 -0.00423816
v 0.00346357 -0.00832000 -0.00665407
v 0.00192456 -0.00832456 -0.00399999
v 0.00189710 -0.00832454 -0.00367612
v 0.00175963 -0.00832449 -0.00477933
v 0.00166663 -0.00832446 -0.00496224
v 0.00319199 -0.00832362 -0.00678896
v 0.00146011 -0.00832443 -0.00525360
v 0.00283049 -0.00832529 -0.00694560
v 0.00103676 -0.00832448 -0.00562135
v 0.00199440 -0.00832460 -0.00722988
v 0.00096225 -0.00832450 -0.00566667
v 0.00113780 -0.00832446 -0.00741321
v 0.00052579 -0.00832468 -0.00585148
v 0.00045439 -0.00832472 -0.00748624
v 0.00000000 -0.00832497 -0.00592497
v -0.00042836 -0.00832519 -0.00748775
v -0.00016372 -0.00832506 -0.00591809
v -0.00129825 -0.00832541 -0.00738679
v -0.00083202 -0.00832535 -0.00573629
v -0.00205378 -0.00832302 -0.00721456
v -0.00096269 -0.00832538 -0.00566743
v -0.00139253 -0.00832539 -0.00532966
v -0.00575000 0.00405000 0.01645580
v -0.00575000 0.00405000 0.01199999
v -0.00575000 -0.00500000 0.01199999
v -0.00575000 -0.00591603 0.01749579
v -0.00575000 -0.00555000 0.01712978
v -0.00575000 -0.00670000 0.01545580
v -0.00575000 -0.00500000 0.01545580
v -0.00575000 -0.00505000 0.01699580
v -0.00575000 0.00505000 0.01699580
v -0.00575000 0.00605000 0.02860001
v -0.00575000 0.00605000 0.01799580
v -0.00575000 0.00591602 0.01749579
v -0.00575000 -0.00605000 0.01799580
v -0.00575000 -0.00670000 0.02860001
v -0.00575000 -0.00605000 0.02860001
v -0.00575000 0.00555000 0.01712978
v -0.00750000 -0.00500000 0.01545580
v -0.00800000 -0.00500000 0.01495580
v -0.00800000 -0.00500000 -0.00000000
v -0.00561602 -0.00500000 0.01150000
v -0.00525000 -0.00500000 0.01113397
v 0.00209016 -0.00500000 0.01121683
v 0.00383983 -0.00500000 0.01185559
v 0.00191526 -0.00500000 0.00714785
v 0.00728579 -0.00500000 0.01359179
v 0.00615346 -0.00500000 0.01274034
v 0.00024020 -0.00500000 0.01100001
v 0.00000000 -0.00500000 0.00740000
v -0.00475000 -0.00500000 0.01100001
v -0.00191526 -0.00500000 0.00714785
v -0.00370000 -0.00500000 0.00640859
v -0.00523259 -0.00500000 0.00523259
v 0.00370000 -0.00500000 0.00640859
v 0.00508819 -0.00500000 0.01016314
v 0.00538896 -0.00500000 0.01154758
v 0.00528888 -0.00500000 0.00876069
v 0.00529479 -0.00500000 0.00874162
v 0.00531764 -0.00500000 0.00866510
v 0.00523259 -0.00500000 0.00523259
v 0.00640859 -0.00500000 0.00370000
v 0.00714785 -0.00500000 0.00191526
v 0.00772058 -0.00500000 0.00090264
v 0.00740000 -0.00500000 -0.00000000
v 0.00793704 -0.00500000 -0.00030850
v 0.00714785 -0.00500000 -0.00191526
v 0.00785119 -0.00500000 -0.00153582
v 0.00640859 -0.00500000 -0.00370000
v 0.00724183 -0.00500000 -0.00339939
v 0.00523259 -0.00500000 -0.00523259
v 0.00619748 -0.00500000 -0.00505878
v 0.00370000 -0.00500000 -0.00640859
v 0.00478087 -0.00500000 -0.00641430
v 0.00307709 -0.00500000 -0.00738454
v 0.00191526 -0.00500000 -0.00714785
v 0.00118849 -0.00500000 -0.00791122
v 0.00000000 -0.00500000 -0.00739999
v -0.00077151 -0.00500000 -0.00796271
v -0.00191526 -0.00500000 -0.00714785
v -0.00268516 -0.00500000 -0.00753591
v -0.00370000 -0.00500000 -0.00640859
v -0.00443752 -0.00500000 -0.00665645
v -0.00523259 -0.00500000 -0.00523259
v -0.00592335 -0.00500000 -0.00537717
v -0.00640859 -0.00500000 -0.00370000
v -0.00705337 -0.00500000 -0.00377490
v -0.00714785 -0.00500000 -0.00191526
v -0.00775973 -0.00500000 -0.00194590
v -0.00740000 -0.00500000 -0.00000000
v -0.00714785 -0.00500000 0.00191526
v -0.00640859 -0.00500000 0.00370000
v 0.00310007 -0.00832433 0.00170094
v 0.00343268 -0.00832054 0.00183484
v 0.00186118 -0.00832453 0.00351029
v 0.00380451 -0.00831131 0.00763367
v 0.00346357 -0.00832000 0.00750001
v 0.00392334 -0.00830696 0.00764906
v 0.00489693 -0.00823636 0.00845055
v 0.00491331 -0.00823455 0.00845843
v 0.00489437 -0.00823664 0.00851723
v 0.00486765 -0.00823954 0.00860332
v 0.00475879 -0.00825077 0.00897024
v 0.00464727 -0.00826125 0.00962758
v 0.00463544 -0.00826231 0.00979212
v 0.00346357 -0.00832000 0.00184354
v 0.00479300 -0.00824734 0.01119727
v 0.00477014 -0.00824964 0.01111330
v 0.00465154 -0.00826087 0.01045589
v 0.00487926 -0.00823828 0.00843401
v 0.00414642 -0.00829661 0.00776733
v 0.00433265 -0.00828556 0.00789361
v 0.00474254 -0.00825236 0.00827315
v 0.00167654 -0.00832446 0.00305514
v 0.00279939 -0.00832531 0.00150512
v 0.00303765 -0.00832469 0.00166683
v 0.00166663 -0.00832446 0.00303776
v 0.00136815 -0.00832443 0.00264664
v 0.00028342 -0.00832481 0.00590384
v 0.00000000 -0.00832497 0.00592497
v -0.00029784 -0.00832513 0.00590195
v 0.00083888 -0.00832455 0.00573210
v 0.00096225 -0.00832450 0.00566667
v 0.00131783 -0.00832443 0.00540241
v 0.00166663 -0.00832446 0.00496223
v 0.00167654 -0.00832446 0.00494486
v 0.00186141 -0.00832453 0.00448882
v 0.00192456 -0.00832456 0.00400026
v -0.00142428 -0.00832539 0.00270441
v -0.00240000 -0.00832000 0.00106132
v -0.00166737 -0.00832531 0.00303735
v -0.00174972 -0.00832527 0.00319680
v -0.00189154 -0.00832444 0.00435434
v -0.00192416 -0.00832416 0.00399999
v -0.00190983 -0.00832428 0.00376460
v -0.00169628 -0.00832530 0.00491072
v -0.00166737 -0.00832531 0.00496265
v -0.00134117 -0.00832540 0.00538146
v -0.00096269 -0.00832538 0.00566743
v -0.00085998 -0.00832536 0.00572263
v 0.00502152 -0.00822208 0.01182121
v 0.00534495 -0.00817836 0.01240517
v 0.00573409 -0.00811031 0.01290931
v 0.00656781 -0.00788654 0.01363286
v 0.00627166 -0.00798044 0.01341590
v 0.00620298 -0.00799975 0.01336007
v 0.00677311 -0.00781080 0.01376481
v 0.00729624 -0.00756712 0.01403832
v 0.00773962 -0.00730265 0.01424120
v 0.00818323 -0.00697612 0.01444478
v 0.00877668 -0.00641956 0.01471829
v 0.00895618 -0.00621755 0.01480131
v 0.00958811 -0.00532688 0.01509449
v 0.00962530 -0.00526277 0.01511179
v 0.01006839 -0.00432651 0.01531890
v 0.01018385 -0.00401022 0.01537297
v 0.01037374 -0.00323735 0.01545973
v 0.01047030 -0.00261931 0.01550631
v 0.01052176 -0.00214964 0.01553120
v 0.01058255 -0.00106736 0.01556089
v 0.01059390 0.00000000 0.01556651
v 0.00187502 0.00832453 0.01487237
v 0.00157102 0.00832444 0.01455198
v 0.00167648 0.00832446 0.01567183
v 0.00002148 0.00832496 0.00199988
v -0.00018311 0.00832507 0.00199160
v 0.00152534 0.00832444 0.01251310
v 0.00156174 0.00832444 -0.00124939
v 0.00168130 0.00832446 -0.00108315
v 0.00199440 0.00832460 -0.00722988
v 0.00177091 0.00832449 -0.00092945
v 0.00188726 0.00832454 -0.00066202
v 0.00319199 0.00832362 -0.00678896
v 0.00283049 0.00832529 -0.00694560
v 0.00161852 0.00832445 0.01238636
v 0.00193624 0.00832456 0.01207961
v 0.00170719 0.00832447 0.00104187
v 0.00205551 0.00832464 0.01199758
v 0.00245579 0.00832502 0.01181046
v 0.00194506 0.00832457 -0.00046557
v 0.00200000 0.00832460 -0.00000000
v 0.00314990 0.00832397 0.01173237
v 0.00195582 0.00832458 0.00041805
v 0.00190283 0.00832455 0.00061583
v 0.00177091 0.00832449 0.00092944
v 0.00258091 0.00832519 0.01177499
v 0.00276648 0.00832533 0.01174010
v 0.00301389 0.00832480 0.01172526
v 0.00024108 0.00832484 -0.00198542
v 0.00043904 0.00832473 -0.00195122
v 0.00063624 0.00832463 -0.00189610
v 0.00106015 0.00832448 -0.00169590
v 0.00113613 0.00832446 -0.00164597
v 0.00122799 0.00832444 -0.00157862
v -0.00178583 0.00832519 0.00090046
v -0.00194638 0.00832396 0.00046001
v -0.00240000 0.00832000 0.01183480
v -0.00064170 0.00832529 0.00189426
v -0.00083202 0.00832535 0.00181872
v -0.00123254 0.00832541 0.00157507
v -0.00168441 0.00832530 0.00107832
v -0.00138712 0.00832540 0.00144081
v -0.00149702 0.00832537 0.00132625
v -0.00087608 0.00832536 -0.00179792
v -0.00068766 0.00832530 -0.00187807
v -0.00240022 0.00832000 -0.00710704
v -0.00198321 0.00832364 0.00025859
v -0.00198892 0.00832359 -0.00021018
v -0.00195701 0.00832387 -0.00041242
v -0.00180725 0.00832510 -0.00085665
v -0.00171018 0.00832529 -0.00103696
v -0.00149702 0.00832537 -0.00132625
v -0.00142181 0.00832539 -0.00140657
v -0.00127054 0.00832541 -0.00154458
v 0.00113780 0.00832446 -0.00741321
v 0.00045439 0.00832472 -0.00748624
v -0.00002725 0.00832499 -0.00199981
v -0.00042836 0.00832519 -0.00748775
v -0.00023157 0.00832510 -0.00198655
v -0.00129825 0.00832540 -0.00738679
v -0.00205378 0.00832302 -0.00721456
v -0.00232174 0.00832068 0.01186438
v -0.00197276 0.00832373 0.01205401
v -0.00165006 0.00832532 0.01234700
v -0.00159110 0.00832534 0.01241980
v -0.00155382 0.00832536 0.01247021
v -0.00134445 0.00832540 0.01285875
v -0.00129449 0.00832540 0.01300676
v -0.00123969 0.00832541 0.01326896
v -0.00029802 0.00832513 0.01557000
v -0.00122551 0.00832541 0.01344286
v -0.00122734 0.00832541 0.01359874
v -0.00130653 0.00832540 0.01403311
v -0.00135503 0.00832540 0.01416793
v -0.00157065 0.00832535 0.01455301
v -0.00167039 0.00832531 0.01467638
v -0.00240000 0.00832000 0.01516521
v -0.00240010 0.00832000 0.01545578
v -0.00199845 0.00832351 0.01496364
v -0.00192048 0.00832419 0.01490797
v 0.00148420 0.00832443 0.01442247
v 0.00130339 0.00832443 0.01401973
v 0.00128039 0.00832444 0.01393768
v 0.00159172 0.00832445 0.00121097
v 0.00126609 0.00832444 0.00154823
v 0.00110115 0.00832447 0.00166957
v 0.00135995 0.00832443 0.01282263
v 0.00122556 0.00832444 0.01350000
v 0.00128162 0.00832444 0.01305753
v 0.00132735 0.00832443 0.01290767
v 0.00068224 0.00832461 0.00188003
v 0.00048644 0.00832470 0.00193994
v 0.00024108 0.00832484 0.00198541
v 0.00239291 0.00832495 0.01516789
v 0.00232246 0.00832487 0.01514046
v 0.00199982 0.00832460 0.01496589
v 0.00323329 0.00832322 0.01525780
v 0.00313720 0.00832407 0.01526876
v 0.00314119 0.00832404 0.01574737
v 0.00297201 0.00832497 0.01527475
v 0.00254187 0.00832513 0.01521499
v 0.00475843 0.00825080 0.00897167
v 0.00486765 0.00823953 0.00860332
v 0.00489218 0.00823688 0.00844705
v 0.00489437 0.00823664 0.00851723
v 0.00491331 0.00823455 0.00845843
v 0.00464727 0.00826125 0.00962758
v 0.00356850 0.00831788 0.01182602
v 0.00463544 0.00826231 0.00979212
v 0.00371491 0.00831412 0.01188724
v 0.00465154 0.00826087 0.01045589
v 0.00477014 0.00824964 0.01111330
v 0.00479300 0.00824734 0.01119727
v 0.00407529 0.00830023 0.01211904
v 0.00502152 0.00822207 0.01182121
v 0.00420576 0.00829334 0.01224088
v 0.00437365 0.00828281 0.01244372
v 0.00446652 0.00827613 0.01258959
v 0.00454734 0.00826980 0.01274937
v 0.00467749 0.00825851 0.01317586
v 0.00469881 0.00825654 0.01333782
v 0.00468336 0.00825797 0.01378894
v 0.00501321 0.00822307 0.01584393
v 0.00465570 0.00826050 0.01392950
v 0.00458652 0.00826654 0.01415533
v 0.00450042 0.00827354 0.01434812
v 0.00443641 0.00827837 0.01446123
v 0.00416296 0.00829572 0.01480195
v 0.00406253 0.00830085 0.01489159
v 0.00369924 0.00831457 0.01512012
v 0.00355602 0.00831815 0.01517846
v 0.00460718 0.00826478 0.00816503
v 0.00433590 0.00828535 0.00789603
v 0.00487926 0.00823828 0.00843401
v 0.00449818 0.00827371 0.00802910
v 0.00346357 0.00832000 -0.00665406
v 0.00346357 0.00832000 0.00750001
v 0.00392178 0.00830702 0.00764836
v 0.01057854 0.00120044 0.01555891
v 0.01059283 0.00040583 0.01613167
v 0.01051181 0.00225446 0.01612750
v 0.01050463 0.00232510 0.01552290
v 0.01047035 0.00261894 0.01612535
v 0.01047033 0.00261909 0.01550633
v 0.01041017 0.00302828 0.01547730
v 0.01026459 0.00374229 0.01611474
v 0.01026116 0.00375515 0.01540747
v 0.01018433 0.00400880 0.01611061
v 0.01018403 0.00400967 0.01537306
v 0.00974501 0.00504404 0.01608795
v 0.01000876 0.00447561 0.01529062
v 0.00962552 0.00526240 0.01608179
v 0.00976556 0.00500441 0.01517702
v 0.00962500 0.00526330 0.01511164
v 0.00892852 0.00624987 0.01604585
v 0.00934970 0.00570223 0.01498373
v 0.00877785 0.00641829 0.01603807
v 0.00885876 0.00632941 0.01475625
v 0.00877767 0.00641848 0.01471875
v 0.00779856 0.00726305 0.01598757
v 0.00856406 0.00663702 0.01462014
v 0.00774149 0.00730141 0.01598462
v 0.00796865 0.00714247 0.01434621
v 0.00774055 0.00730203 0.01424162
v 0.00657300 0.00788473 0.01592436
v 0.00729624 0.00756712 0.01403832
v 0.00534495 0.00817836 0.01240517
v 0.00573409 0.00811032 0.01290931
v 0.00677311 0.00781080 0.01376481
v 0.00656781 0.00788654 0.01363286
v 0.00524680 0.00819273 0.01585597
v 0.00627166 0.00798044 0.01341590
v 0.00620298 0.00799975 0.01336007
v -0.00540000 -0.00605000 0.02860001
v -0.00540000 -0.00555000 0.02860001
v -0.00540000 -0.00605000 0.01799580
v -0.00540000 -0.00591603 0.01749579
v -0.00540000 -0.00555000 0.03505000
v -0.00540000 0.00555000 0.03505000
v -0.00540000 0.00555000 0.02860001
v -0.00540000 -0.00505000 0.01699580
v -0.00540000 -0.00555000 0.01712978
v -0.00540000 0.00605000 0.01799580
v -0.00540000 0.00591602 0.01749579
v -0.00540000 0.00555000 0.01712978
v -0.00540000 0.00605000 0.02860001
v -0.00540000 0.00505000 0.01699580
v -0.00540000 -0.00532519 0.03661361
v -0.00540000 -0.00466896 0.03805056
v -0.00540000 -0.00363448 0.03924441
v -0.00540000 -0.00230555 0.04009846
v -0.00540000 -0.00078985 0.04054351
v -0.00540000 0.00078985 0.04054351
v -0.00540000 0.00230555 0.04009846
v -0.00540000 0.00363448 0.03924441
v -0.00540000 0.00532519 0.03661361
v -0.00540000 0.00466896 0.03805056
v -0.00490000 0.00605000 0.02860001
v -0.00240000 0.00605000 0.02860001
v 0.00870553 0.00598535 0.01603430
v 0.00787814 0.00677916 0.01599163
v 0.00741025 0.00710337 0.01596750
v 0.00690794 0.00737302 0.01594162
v 0.01021177 0.00178283 0.01611200
v 0.01000413 0.00335943 0.01610130
v 0.00988060 0.00383147 0.01609492
v 0.00966670 0.00442273 0.01608388
v 0.00939221 0.00498929 0.01606972
v 0.01025655 0.00007515 0.01611432
v 0.00277105 0.00797156 0.01572822
v 0.00434044 0.00793129 0.01580916
v 0.00502683 0.00786675 0.01584457
v 0.00545672 0.00780324 0.01586674
v 0.00621006 0.00763249 0.01590559
v -0.00209999 0.00797150 0.01547703
v -0.00240000 0.00797145 0.01546158
v -0.00800000 -0.00731996 0.01495580
v -0.00800000 -0.00731996 -0.00000000
v 0.00130000 -0.00600000 -0.00000000
v 0.00120085 -0.00709944 0.00049797
v 0.00112583 -0.00600000 0.00065000
v 0.00112583 -0.00709944 0.00065000
v 0.00108708 -0.00600000 0.00071291
v 0.00091924 -0.00709944 0.00091924
v 0.00065000 -0.00600000 0.00112583
v 0.00065000 -0.00709944 0.00112583
v 0.00033646 -0.00709944 0.00125570
v 0.00000000 -0.00600000 0.00130001
v 0.00000000 -0.00709944 0.00130001
v -0.00033646 -0.00709944 0.00125570
v -0.00065000 -0.00600000 0.00112583
v -0.00065000 -0.00709944 0.00112583
v -0.00091924 -0.00709944 0.00091924
v -0.00112583 -0.00600000 0.00065000
v -0.00112583 -0.00709944 0.00065000
v -0.00125570 -0.00709944 0.00033647
v -0.00130000 -0.00600000 -0.00000000
v -0.00130000 -0.00709944 -0.00000000
v -0.00125570 -0.00709944 -0.00033647
v -0.00112583 -0.00600000 -0.00065001
v -0.00112583 -0.00709944 -0.00065001
v -0.00071292 -0.00600000 -0.00108709
v -0.00091924 -0.00709944 -0.00091924
v -0.00065000 -0.00600000 -0.00112583
v -0.00065000 -0.00709944 -0.00112583
v -0.00033646 -0.00709944 -0.00125571
v 0.00000000 -0.00600000 -0.00129999
v 0.00000000 -0.00709944 -0.00129999
v 0.00033646 -0.00709944 -0.00125571
v 0.00065000 -0.00600000 -0.00112583
v 0.00065000 -0.00709944 -0.00112583
v 0.00071292 -0.00600000 -0.00108709
v 0.00091924 -0.00709944 -0.00091924
v 0.00108708 -0.00600000 -0.00071292
v 0.00112583 -0.00600000 -0.00065001
v 0.00112583 -0.00709944 -0.00065001
v 0.00125570 -0.00709944 -0.00033647
v 0.00130000 -0.00709944 -0.00000000
v 0.00485000 -0.00600000 -0.00000000
v 0.00485000 -0.00724944 -0.00000000
v 0.00473612 -0.00600000 0.00042499
v 0.00473612 -0.00724944 0.00042499
v 0.00442500 -0.00600000 0.00073612
v 0.00442500 -0.00724944 0.00073612
v 0.00400000 -0.00600000 0.00085001
v 0.00400000 -0.00724944 0.00085001
v 0.00357500 -0.00600000 0.00073612
v 0.00357500 -0.00724944 0.00073612
v 0.00326388 -0.00600000 0.00042499
v 0.00326388 -0.00724944 0.00042499
v 0.00315000 -0.00600000 -0.00000000
v 0.00315000 -0.00724944 -0.00000000
v 0.00326388 -0.00600000 -0.00042500
v 0.00326388 -0.00724944 -0.00042500
v 0.00357500 -0.00600000 -0.00073612
v 0.00357500 -0.00724944 -0.00073612
v 0.00400000 -0.00600000 -0.00084999
v 0.00400000 -0.00724944 -0.00084999
v 0.00442500 -0.00600000 -0.00073612
v 0.00442500 -0.00724944 -0.00073612
v 0.00473612 -0.00600000 -0.00042500
v 0.00473612 -0.00724944 -0.00042500
v 0.00085000 -0.00600000 0.00400001
v 0.00085000 -0.00724944 0.00400001
v 0.00073612 -0.00600000 0.00442500
v 0.00073612 -0.00724944 0.00442500
v 0.00042500 -0.00600000 0.00473612
v 0.00042500 -0.00724944 0.00473612
v 0.00000000 -0.00600000 0.00485000
v 0.00000000 -0.00724944 0.00485000
v -0.00042500 -0.00600000 0.00473612
v -0.00042500 -0.00724944 0.00473612
v -0.00073612 -0.00600000 0.00442500
v -0.00073612 -0.00724944 0.00442500
v -0.00085000 -0.00600000 0.00400001
v -0.00085000 -0.00724944 0.00400001
v -0.00073612 -0.00600000 0.00357500
v -0.00073612 -0.00724944 0.00357500
v -0.00042500 -0.00600000 0.00326387
v -0.00042500 -0.00724944 0.00326387
v 0.00000000 -0.00600000 0.00315000
v 0.00000000 -0.00724944 0.00315000
v 0.00042500 -0.00600000 0.00326387
v 0.00042500 -0.00724944 0.00326387
v 0.00073612 -0.00600000 0.00357500
v 0.00073612 -0.00724944 0.00357500
v -0.00315000 -0.00600000 -0.00000000
v -0.00315000 -0.00724944 -0.00000000
v -0.00326388 -0.00600000 0.00042499
v -0.00326388 -0.00724944 0.00042499
v -0.00357500 -0.00600000 0.00073612
v -0.00357500 -0.00724944 0.00073612
v -0.00400000 -0.00600000 0.00085001
v -0.00400000 -0.00724944 0.00085001
v -0.00442500 -0.00600000 0.00073612
v -0.00442500 -0.00724944 0.00073612
v -0.00473612 -0.00600000 0.00042499
v -0.00473612 -0.00724944 0.00042499
v -0.00485000 -0.00600000 -0.00000000
v -0.00485000 -0.00724944 -0.00000000
v -0.00473612 -0.00600000 -0.00042500
v -0.00473612 -0.00724944 -0.00042500
v -0.00442500 -0.00600000 -0.00073612
v -0.00442500 -0.00724944 -0.00073612
v -0.00400000 -0.00600000 -0.00084999
v -0.00400000 -0.00724944 -0.00084999
v -0.00357500 -0.00600000 -0.00073612
v -0.00357500 -0.00724944 -0.00073612
v -0.00326388 -0.00600000 -0.00042500
v -0.00326388 -0.00724944 -0.00042500
v 0.00085000 -0.00600000 -0.00399999
v 0.00085000 -0.00724944 -0.00399999
v 0.00073612 -0.00600000 -0.00357500
v 0.00073612 -0.00724944 -0.00357500
v 0.00042500 -0.00600000 -0.00326388
v 0.00042500 -0.00724944 -0.00326388
v 0.00000000 -0.00600000 -0.00315000
v 0.00000000 -0.00724944 -0.00315000
v -0.00042500 -0.00600000 -0.00326388
v -0.00042500 -0.00724944 -0.00326388
v -0.00073612 -0.00600000 -0.00357500
v -0.00073612 -0.00724944 -0.00357500
v -0.00085000 -0.00600000 -0.00399999
v -0.00085000 -0.00724944 -0.00399999
v -0.00073612 -0.00600000 -0.00442501
v -0.00073612 -0.00724944 -0.00442501
v -0.00042500 -0.00600000 -0.00473613
v -0.00042500 -0.00724944 -0.00473613
v 0.00000000 -0.00600000 -0.00485000
v 0.00000000 -0.00724944 -0.00485000
v 0.00042500 -0.00600000 -0.00473613
v 0.00042500 -0.00724944 -0.00473613
v 0.00073612 -0.00600000 -0.00442501
v 0.00073612 -0.00724944 -0.00442501
v -0.00623904 -0.00809173 -0.00427014
v -0.00538912 -0.00819520 -0.00113714
v -0.00669112 -0.00801715 -0.00356004
v -0.00707888 -0.00793961 -0.00276356
v -0.00732300 -0.00788325 -0.00208455
v -0.00554119 -0.00817972 -0.00089002
v -0.00752641 -0.00783123 -0.00123869
v -0.00566233 -0.00816652 -0.00059770
v -0.00762579 -0.00780398 -0.00037301
v -0.00575577 -0.00815577 0.00000021
v -0.00763565 -0.00780121 -0.00000000
v -0.00566223 -0.00816653 0.00059800
v -0.00554119 -0.00817972 0.00089002
v -0.00538912 -0.00819520 0.00113714
v -0.00491801 -0.00823599 0.00159001
v -0.00472742 -0.00824969 0.00170065
v -0.00538912 -0.00819520 0.01545000
v -0.00763565 -0.00780121 0.01532015
v -0.00750580 -0.00783673 0.01545000
v -0.00509139 -0.00822218 0.00145918
v -0.00431493 -0.00827441 0.00184776
v -0.00400008 -0.00828916 0.00188915
v -0.00387782 -0.00829401 0.00189006
v -0.00344395 -0.00830756 0.00182471
v -0.00303921 -0.00831551 0.00165713
v -0.00268467 -0.00831914 0.00139750
v -0.00268379 -0.00831914 -0.00139667
v -0.00303823 -0.00831552 -0.00165656
v -0.00344404 -0.00830755 -0.00182474
v -0.00289041 -0.00831739 -0.00692293
v -0.00387675 -0.00829405 -0.00189003
v -0.00368468 -0.00830072 -0.00654142
v -0.00568040 -0.00816447 -0.00496183
v -0.00539519 -0.00819461 -0.00525992
v -0.00509219 -0.00822211 -0.00145850
v -0.00491801 -0.00823599 -0.00159002
v -0.00443618 -0.00826780 -0.00606799
v -0.00400008 -0.00828916 -0.00188916
v -0.00505121 -0.00822550 -0.00558078
v -0.00431341 -0.00827449 -0.00184810
v -0.00472705 -0.00824971 -0.00170083
v -0.00750288 -0.00783750 0.01545292
v -0.00716263 -0.00792098 0.01545408
v -0.00531904 -0.00820194 0.01545559
v -0.00334286 -0.00830995 0.01545580
v -0.00510769 -0.00822081 0.01545580
v -0.00531652 -0.00820218 0.01545580
v -0.00643939 -0.00806060 0.01545580
v -0.00750000 -0.00783827 0.01545580
v -0.00255767 -0.00782000 -0.00758013
v -0.00268516 -0.00781985 -0.00753591
v -0.00775971 -0.00738007 -0.00194600
v -0.00789014 -0.00734827 -0.00132126
v -0.00799010 -0.00732257 -0.00039788
v -0.00704130 -0.00752530 -0.00379737
v -0.00743711 -0.00745110 -0.00294778
v -0.00768479 -0.00739750 -0.00222352
v -0.00657675 -0.00759714 -0.00455481
v -0.00599901 -0.00766766 -0.00529263
v -0.00534450 -0.00772716 -0.00595284
v -0.00470176 -0.00776860 -0.00647251
v -0.00307730 -0.00781742 -0.00738445
v -0.00391334 -0.00780097 -0.00697751
v -0.00443758 -0.00778152 -0.00665642
v -0.00218604 -0.00782304 -0.00769553
v -0.00138476 -0.00782541 -0.00787924
v 0.00121354 -0.00782446 -0.00790742
v 0.00048440 -0.00782472 -0.00798533
v -0.00045717 -0.00782519 -0.00798692
v -0.00077151 -0.00782532 -0.00796271
v 0.00448353 -0.00782000 -0.00662555
v 0.00369447 -0.00782000 -0.00709583
v 0.00368686 -0.00782005 -0.00709979
v 0.00340000 -0.00782364 -0.00724155
v 0.00301861 -0.00782529 -0.00740864
v 0.00212769 -0.00782460 -0.00771187
v 0.00639407 -0.00782000 -0.00480789
v 0.00619748 -0.00782000 -0.00505878
v 0.00551421 -0.00782000 -0.00579599
v 0.00478087 -0.00782000 -0.00641430
v 0.00709904 -0.00782000 -0.00368831
v 0.00724183 -0.00782000 -0.00339939
v 0.00760985 -0.00782000 -0.00246783
v 0.00785119 -0.00782000 -0.00153582
v 0.00270096 -0.00790000 -0.00075001
v 0.00325000 -0.00790000 -0.00129904
v 0.00270096 -0.00790000 0.00075000
v 0.00250000 -0.00790000 -0.00000000
v 0.00230000 -0.00810000 -0.00000000
v 0.00325000 -0.00790000 0.00129904
v 0.00400000 -0.00790000 0.00149999
v 0.00400000 -0.00790000 -0.00150000
v 0.00400000 -0.00832000 -0.00192000
v 0.00475000 -0.00790000 -0.00129904
v 0.00496000 -0.00832000 -0.00166276
v 0.00529904 -0.00790000 -0.00075001
v 0.00566277 -0.00832000 -0.00095999
v 0.00550000 -0.00790000 -0.00000000
v 0.00592000 -0.00832000 -0.00000000
v 0.00529904 -0.00790000 0.00075000
v 0.00566277 -0.00832000 0.00096001
v 0.00475000 -0.00790000 0.00129904
v 0.00496000 -0.00832000 0.00166277
v 0.00400000 -0.00832000 0.00192000
v 0.00129904 -0.00790000 0.00325000
v 0.00075000 -0.00790000 0.00270097
v 0.00000000 -0.00810000 0.00229999
v 0.00000000 -0.00790000 0.00250000
v -0.00075000 -0.00790000 0.00270097
v -0.00129904 -0.00790000 0.00325000
v -0.00150000 -0.00790000 0.00400001
v -0.00129904 -0.00790000 0.00475000
v -0.00075000 -0.00790000 0.00529905
v 0.00000000 -0.00790000 0.00550000
v 0.00075000 -0.00790000 0.00529905
v 0.00129904 -0.00790000 0.00475000
v 0.00150000 -0.00790000 0.00400001
v -0.00475000 -0.00790000 0.00129904
v -0.00270096 -0.00790000 -0.00075001
v -0.00325000 -0.00790000 -0.00129904
v -0.00400000 -0.00790000 -0.00150000
v -0.00475000 -0.00790000 -0.00129904
v -0.00529904 -0.00790000 -0.00075001
v -0.00550000 -0.00790000 -0.00000000
v -0.00529904 -0.00790000 0.00075000
v -0.00400000 -0.00790000 0.00149999
v -0.00325000 -0.00790000 0.00129904
v -0.00270096 -0.00790000 0.00075000
v -0.00250000 -0.00790000 -0.00000000
v -0.00230000 -0.00810000 -0.00000000
v -0.00075000 -0.00790000 -0.00270096
v -0.00129904 -0.00790000 -0.00325000
v 0.00000000 -0.00810000 -0.00230000
v 0.00000000 -0.00790000 -0.00250000
v 0.00075000 -0.00790000 -0.00270096
v 0.00129904 -0.00790000 -0.00325000
v 0.00150000 -0.00790000 -0.00399999
v 0.00129904 -0.00790000 -0.00475000
v 0.00075000 -0.00790000 -0.00529903
v 0.00000000 -0.00790000 -0.00550001
v -0.00075000 -0.00790000 -0.00529903
v -0.00129904 -0.00790000 -0.00475000
v -0.00150000 -0.00790000 -0.00399999
v -0.00370000 -0.00600000 0.00640859
v -0.00523259 -0.00600000 0.00523259
v -0.00640859 -0.00600000 0.00370000
v -0.00714785 -0.00600000 0.00191526
v -0.00740000 -0.00600000 -0.00000000
v -0.00732030 -0.00600000 -0.00108314
v 0.00108314 -0.00600000 0.00732030
v 0.00000000 -0.00600000 0.00740000
v -0.00191526 -0.00600000 0.00714785
v 0.00191526 -0.00600000 0.00714785
v 0.00107500 -0.00600000 -0.00107500
v 0.00370000 -0.00600000 0.00640859
v 0.00523259 -0.00600000 0.00523259
v 0.00640859 -0.00600000 0.00370000
v 0.00714785 -0.00600000 0.00191526
v 0.00740000 -0.00600000 -0.00000000
v 0.00714785 -0.00600000 -0.00191526
v -0.00714785 -0.00600000 -0.00191526
v -0.00640859 -0.00600000 -0.00370000
v -0.00523259 -0.00600000 -0.00523259
v -0.00370000 -0.00600000 -0.00640859
v -0.00191526 -0.00600000 -0.00714785
v 0.00000000 -0.00600000 -0.00739999
v 0.00191526 -0.00600000 -0.00714785
v 0.00640859 -0.00600000 -0.00370000
v 0.00523259 -0.00600000 -0.00523259
v 0.00370000 -0.00600000 -0.00640859
v -0.00798838 -0.00742713 0.01496742
v -0.00795406 -0.00752931 -0.00000000
v -0.00795406 -0.00752931 0.01500174
v -0.00782469 -0.00770020 -0.00000000
v -0.00782469 -0.00770020 0.01513111
v -0.00240000 -0.00670000 0.01545580
v -0.00490000 -0.00605000 0.02860001
v -0.00240000 -0.00670000 0.02860001
v -0.00240000 -0.00605000 0.02860001
v -0.00490000 0.00605000 0.03505000
v -0.00240000 0.00605000 0.03505000
v -0.00240000 0.00508958 0.03832088
v -0.00390000 0.00396191 0.03962229
v -0.00490000 0.00508958 0.03832088
v -0.00490000 0.00396191 0.03962229
v -0.00490000 0.00251326 0.04055327
v -0.00390000 0.00251326 0.04055327
v -0.00490000 0.00086101 0.04103842
v -0.00390000 0.00086101 0.04103842
v -0.00490000 -0.00086100 0.04103842
v -0.00390000 -0.00086100 0.04103842
v -0.00490000 -0.00251326 0.04055327
v -0.00390000 -0.00251326 0.04055327
v -0.00490000 -0.00396191 0.03962229
v -0.00390000 -0.00396191 0.03962229
v -0.00490000 -0.00508958 0.03832088
v -0.00240000 -0.00508958 0.03832088
v -0.00490000 -0.00580493 0.03675449
v -0.00240000 -0.00580493 0.03675449
v -0.00490000 -0.00605000 0.03505000
v -0.00240000 -0.00605000 0.03505000
v -0.00240000 0.00580493 0.03675449
v -0.00490000 0.00580493 0.03675449
v 0.00024020 0.00405000 0.01100001
v -0.00475000 0.00405000 0.01100001
v 0.00531764 -0.00773960 0.00866510
v 0.00529479 -0.00774239 0.00874162
v 0.00772058 -0.00782000 0.00090264
v 0.00563929 -0.00782000 0.00762603
v 0.00534438 -0.00773665 0.00857872
v 0.00786620 -0.00782000 0.00030376
v 0.00793201 -0.00782000 -0.00092481
v 0.00793704 -0.00782000 -0.00030850
v -0.00249955 -0.00820956 -0.00740284
v -0.00247944 -0.00825301 -0.00734267
v -0.00298561 -0.00824971 -0.00715314
v -0.00245300 -0.00829135 -0.00726381
v -0.00253724 -0.00807000 -0.00751633
v -0.00253464 -0.00808386 -0.00750844
v -0.00305398 -0.00806680 -0.00732198
v -0.00255704 -0.00787077 -0.00757761
v -0.00388721 -0.00804863 -0.00691685
v -0.00457627 -0.00819552 -0.00626646
v -0.00380367 -0.00823120 -0.00675753
v -0.00585024 -0.00808472 -0.00511965
v -0.00520702 -0.00815003 -0.00576121
v -0.00641892 -0.00800717 -0.00440340
v -0.00687692 -0.00792793 -0.00366902
v -0.00726772 -0.00784586 -0.00284651
v -0.00751260 -0.00778642 -0.00214625
v -0.00467308 -0.00801353 -0.00641394
v -0.00531367 -0.00796881 -0.00589650
v -0.00596570 -0.00790469 -0.00523952
v -0.00654080 -0.00782867 -0.00450614
v -0.00700276 -0.00775117 -0.00375432
v -0.00739590 -0.00767106 -0.00291243
v -0.00764165 -0.00761315 -0.00219582
v -0.00771585 -0.00773170 -0.00127487
v -0.00781488 -0.00770310 -0.00038384
v -0.00784522 -0.00755993 -0.00130424
v -0.00794426 -0.00753214 -0.00039266
v -0.00217721 -0.00801410 -0.00765859
v -0.00214899 -0.00817616 -0.00755425
v 0.00296371 -0.00817877 -0.00727296
v 0.00340000 -0.00816668 -0.00709020
v 0.00340000 -0.00827556 -0.00692122
v 0.00340000 -0.00801633 -0.00719880
v -0.00045490 -0.00801654 -0.00794894
v -0.00137819 -0.00801675 -0.00784175
v 0.00048220 -0.00801606 -0.00794733
v 0.00120781 -0.00801580 -0.00786980
v 0.00211746 -0.00801596 -0.00767520
v 0.00300444 -0.00801658 -0.00737333
v 0.00208853 -0.00817818 -0.00757073
v 0.00119140 -0.00817800 -0.00776266
v 0.00047572 -0.00817827 -0.00783915
v -0.00044863 -0.00817875 -0.00784072
v -0.00135944 -0.00817896 -0.00773500
v 0.00340000 -0.00832000 -0.00672572
v 0.00290263 -0.00828717 -0.00712276
v 0.00204532 -0.00828656 -0.00741434
v 0.00116681 -0.00828639 -0.00760234
v 0.00046596 -0.00828666 -0.00767723
v -0.00043931 -0.00828714 -0.00767878
v -0.00133137 -0.00828734 -0.00757525
v -0.00210565 -0.00828462 -0.00739835
v -0.00561602 0.00405000 0.01595580
v -0.00025148 0.00405000 0.01113483
v 0.00024744 0.00405000 0.01100001
v -0.00525000 0.00405000 0.01113397
v -0.00561602 0.00405000 0.01150000
v -0.00525000 0.00405000 0.01558977
v -0.00075000 0.00405000 0.01199999
v -0.00061645 0.00405000 0.01150074
v -0.00075000 0.00605000 0.01199999
v -0.00061645 0.00605000 0.01150074
v -0.00025148 0.00605000 0.01113483
v 0.00024744 0.00605000 0.01100001
v 0.00515490 -0.00832000 0.00750001
v 0.00724294 -0.00832000 0.00075479
v 0.00737400 -0.00832000 0.00021578
v 0.00713424 -0.00832000 -0.00231359
v 0.00665535 -0.00832000 -0.00345779
v 0.00420331 -0.00832000 -0.00621146
v 0.00516957 -0.00832000 -0.00543374
v 0.00599444 -0.00832000 -0.00450741
v 0.00736050 -0.00832000 -0.00143984
v 0.00743323 -0.00832000 -0.00088993
v 0.00743775 -0.00832000 -0.00033523
v 0.00516780 -0.00831983 0.00750190
v 0.00353408 -0.00828759 -0.00681582
v 0.00354349 -0.00828910 -0.00680584
v 0.00362369 -0.00817522 -0.00696570
v 0.00362684 -0.00817355 -0.00696594
v 0.00367187 -0.00801245 -0.00706418
v 0.00368020 -0.00799306 -0.00706843
v 0.00760584 -0.00825301 -0.00148782
v 0.00753034 -0.00828910 -0.00147306
v 0.00729885 -0.00828910 -0.00236698
v 0.00430030 -0.00828910 -0.00635478
v 0.00528885 -0.00828910 -0.00555912
v 0.00613276 -0.00828910 -0.00461140
v 0.00680892 -0.00828910 -0.00353757
v 0.00778545 -0.00807000 -0.00152296
v 0.00770747 -0.00817355 -0.00150770
v 0.00747055 -0.00817355 -0.00242265
v 0.00758046 -0.00799306 -0.00245829
v 0.00782086 -0.00799306 -0.00152989
v 0.00636937 -0.00799306 -0.00478932
v 0.00707162 -0.00799306 -0.00367405
v 0.00549291 -0.00799306 -0.00577361
v 0.00446621 -0.00799306 -0.00659996
v 0.00696909 -0.00817355 -0.00362079
v 0.00627702 -0.00817355 -0.00471988
v 0.00541327 -0.00817355 -0.00568989
v 0.00440145 -0.00817355 -0.00650427
v 0.00508586 -0.00815710 0.00866867
v 0.00511089 -0.00815403 0.00858706
v 0.00524032 -0.00797732 0.00871868
v 0.00526393 -0.00797431 0.00864053
v 0.00527329 -0.00789433 0.00873074
v 0.00529268 -0.00779352 0.00873942
v 0.00786519 -0.00807000 -0.00092013
v 0.00787015 -0.00807000 -0.00031208
v 0.00780026 -0.00807000 0.00029197
v 0.00765659 -0.00807000 0.00088283
v 0.00768262 -0.00825301 -0.00090736
v 0.00768740 -0.00825301 -0.00032187
v 0.00762010 -0.00825301 0.00025977
v 0.00748176 -0.00825301 0.00082871
v 0.00519976 -0.00809283 0.00854336
v 0.00528058 -0.00798325 0.00856548
v 0.00529425 -0.00795646 0.00856900
v 0.00534412 -0.00774977 0.00857898
v 0.00506788 -0.00818912 0.00850509
v 0.00510943 -0.00816589 0.00851734
v 0.00513097 -0.00815157 0.00852363
v 0.00540226 -0.00824865 0.00757137
v 0.00557430 -0.00806627 0.00761667
v 0.00977130 0.00428548 0.01484409
v 0.01000322 0.00362558 0.01496094
v 0.00728579 0.00650000 0.01359179
v 0.01024880 -0.00210436 0.01508467
v 0.01010693 -0.00314711 0.01501320
v 0.00982744 -0.00414511 0.01487239
v 0.00938203 -0.00507353 0.01464796
v 0.00880014 -0.00589378 0.01435478
v 0.00809252 -0.00658839 0.01399825
v 0.00728579 -0.00712601 0.01359179
v 0.00383983 0.00650000 0.01185559
v 0.01030771 -0.00105373 0.01511437
v 0.01031888 0.00000000 0.01511998
v 0.00728579 0.00712601 0.01359179
v 0.00789689 0.00674004 0.01389968
v 0.00844056 0.00627847 0.01417361
v 0.00871069 0.00599649 0.01430972
v 0.00916219 0.00541965 0.01453720
v 0.00954584 0.00477582 0.01473050
v 0.01014181 0.00294689 0.01503077
v 0.01023231 0.00227312 0.01507637
v 0.01030379 0.00118386 0.01511238
v 0.00024020 0.00605000 0.01100001
v 0.00024020 0.00650000 0.01100001
v 0.00209016 0.00650000 0.01121683
v 0.00528888 -0.00774239 0.00876069
v 0.00519589 -0.00775318 0.00908683
v 0.00510082 -0.00776324 0.00967113
v 0.00509073 -0.00776425 0.00981739
v 0.00542018 -0.00772563 0.01162103
v 0.00538897 -0.00772978 0.01154761
v 0.00522502 -0.00774990 0.01106641
v 0.00520555 -0.00775210 0.01099178
v 0.00510446 -0.00776288 0.01040742
v 0.00508819 -0.00776451 0.01016314
v 0.00569394 -0.00768401 0.01214009
v 0.00601932 -0.00762002 0.01258822
v 0.00646149 -0.00749991 0.01303853
v 0.00640547 -0.00751763 0.01298891
v 0.00615411 -0.00758792 0.01274104
v 0.00686814 -0.00734516 0.01334868
v 0.00734714 0.00732333 0.01367904
v 0.00735088 0.00748094 0.01383859
v 0.00800472 0.00705841 0.01415159
v 0.00797923 0.00691545 0.01399296
v 0.00858354 0.00655827 0.01442957
v 0.00887008 0.00625465 0.01456752
v 0.00975211 0.00494994 0.01499343
v 0.00934756 0.00563661 0.01479786
v 0.00998897 0.00442969 0.01510823
v 0.01023395 0.00372338 0.01522645
v 0.01047214 0.00231222 0.01534283
v 0.01037914 0.00300817 0.01529698
v 0.01054516 0.00119632 0.01537899
v 0.01056042 0.00000000 0.01538662
v 0.00853987 0.00643150 0.01427169
v 0.00881784 0.00613720 0.01440999
v 0.00928164 0.00553727 0.01464090
v 0.00967509 0.00486981 0.01483689
v 0.00990585 0.00436314 0.01495194
v 0.01014382 0.00367810 0.01507044
v 0.01028546 0.00297976 0.01514108
v 0.01037711 0.00229408 0.01518699
v 0.01044929 0.00119054 0.01522320
v 0.01046446 0.00000000 0.01523082
v 0.01054914 -0.00106397 0.01538099
v 0.01045325 -0.00105922 0.01522519
v 0.01004735 -0.00428258 0.01513675
v 0.01034328 -0.00321508 0.01527929
v 0.01048904 -0.00213842 0.01535117
v 0.00957948 -0.00526716 0.01490994
v 0.00896481 -0.00614433 0.01461316
v 0.00821332 -0.00689357 0.01425166
v 0.00735088 -0.00748094 0.01383859
v 0.01039378 -0.00212262 0.01519535
v 0.01025013 -0.00318357 0.01512340
v 0.00996303 -0.00421911 0.01498051
v 0.00950715 -0.00517824 0.01475322
v 0.00890980 -0.00603020 0.01445576
v 0.00818115 -0.00675608 0.01409332
v 0.00734714 -0.00732333 0.01367904
v 0.00646272 -0.00771807 0.01310929
v 0.00640325 -0.00773692 0.01305814
v 0.00508324 -0.00815728 0.00867773
v 0.00523559 -0.00797747 0.00873464
v 0.00513955 -0.00798919 0.00906774
v 0.00504144 -0.00800030 0.00966409
v 0.00504519 -0.00799989 0.01041525
v 0.00503103 -0.00800142 0.00981331
v 0.00514954 -0.00798800 0.01101170
v 0.00537137 -0.00795942 0.01165460
v 0.00516965 -0.00798558 0.01108792
v 0.00565564 -0.00791465 0.01218591
v 0.00599583 -0.00784608 0.01264578
v 0.00498135 -0.00816927 0.00902554
v 0.00487716 -0.00818068 0.00964832
v 0.00486611 -0.00818183 0.00980416
v 0.00488114 -0.00818026 0.01043282
v 0.00499196 -0.00816805 0.01105569
v 0.00501333 -0.00816557 0.01113526
v 0.00522731 -0.00813882 0.01172693
v 0.00552978 -0.00809292 0.01228151
v 0.00589323 -0.00802243 0.01276126
v 0.00633063 -0.00790981 0.01319125
v 0.00639467 -0.00789033 0.01324457
v 0.00686256 -0.00772099 0.01357777
v 0.00689654 -0.00755444 0.01342894
v 0.00161359 0.00805000 0.01292738
v 0.00150000 0.00805000 0.01350000
v 0.00151303 0.00835000 0.01369731
v 0.00161359 0.00835000 0.01292738
v 0.00208564 0.00835000 0.01231091
v 0.00208564 0.00805000 0.01231091
v 0.00280269 0.00835000 0.01201303
v 0.00280269 0.00805000 0.01201303
v 0.00357261 0.00835000 0.01211360
v 0.00357261 0.00805000 0.01211360
v 0.00418910 0.00835000 0.01258564
v 0.00418910 0.00805000 0.01258564
v 0.00448697 0.00835000 0.01330270
v 0.00448697 0.00805000 0.01330270
v 0.00438640 0.00835000 0.01407261
v 0.00438640 0.00805000 0.01407261
v 0.00391436 0.00835000 0.01468910
v 0.00391436 0.00805000 0.01468910
v 0.00319731 0.00835000 0.01498696
v 0.00319731 0.00805000 0.01498696
v 0.00242739 0.00835000 0.01488641
v 0.00242739 0.00805000 0.01488641
v 0.00181090 0.00835000 0.01441435
v 0.00181090 0.00805000 0.01441435
v 0.00151303 0.00805000 0.01369731
v 0.00232166 0.00835000 0.01304672
v 0.00291320 0.00835000 0.01329104
v 0.00315751 0.00835000 0.01269951
v 0.00254672 0.00835000 0.01417833
v 0.00279104 0.00835000 0.01358680
v 0.00219950 0.00835000 0.01334248
v 0.00367834 0.00835000 0.01395328
v 0.00308681 0.00835000 0.01370896
v 0.00284249 0.00835000 0.01430049
v 0.00345328 0.00835000 0.01282166
v 0.00320896 0.00835000 0.01341319
v 0.00380049 0.00835000 0.01365751
v 0.00258848 0.00785000 0.01315692
v 0.00291320 0.00785000 0.01329104
v 0.00304731 0.00785000 0.01296632
v 0.00334308 0.00785000 0.01308848
v 0.00320896 0.00785000 0.01341319
v 0.00353368 0.00785000 0.01354731
v 0.00341152 0.00785000 0.01384307
v 0.00308681 0.00785000 0.01370896
v 0.00295269 0.00785000 0.01403367
v 0.00265692 0.00785000 0.01391153
v 0.00279104 0.00785000 0.01358680
v 0.00246632 0.00785000 0.01345269
v -0.00364513 0.00733787 0.01399462
v -0.00380601 0.00733787 0.01360579
v -0.00375091 0.00733787 0.01318861
v -0.00349462 0.00733787 0.01285487
v -0.00310579 0.00733787 0.01269400
v -0.00268861 0.00733787 0.01274909
v -0.00235487 0.00733787 0.01300539
v -0.00219399 0.00733787 0.01339420
v -0.00224908 0.00733787 0.01381139
v -0.00250538 0.00733787 0.01414512
v -0.00289421 0.00733787 0.01430601
v -0.00331139 0.00733787 0.01425092
v -0.00288939 0.00739944 0.01434277
v -0.00300000 0.00739944 0.01435000
v -0.00257500 0.00739944 0.01423612
v -0.00248282 0.00739944 0.01417455
v -0.00226388 0.00739944 0.01392500
v -0.00221483 0.00739944 0.01382559
v -0.00215000 0.00739944 0.01350000
v -0.00215723 0.00739944 0.01338939
v -0.00226388 0.00739944 0.01307499
v -0.00232545 0.00739944 0.01298281
v -0.00257500 0.00739944 0.01276387
v -0.00267441 0.00739944 0.01271483
v -0.00300000 0.00739944 0.01265000
v -0.00311061 0.00739944 0.01265722
v -0.00342500 0.00739944 0.01276387
v -0.00351718 0.00739944 0.01282544
v -0.00373612 0.00739944 0.01307499
v -0.00378517 0.00739944 0.01317441
v -0.00385000 0.00739944 0.01350000
v -0.00384277 0.00739944 0.01361061
v -0.00373612 0.00739944 0.01392500
v -0.00332559 0.00739944 0.01428518
v -0.00342500 0.00739944 0.01423612
v -0.00367456 0.00739944 0.01401718
v -0.00438559 0.00805000 0.01292543
v -0.00450000 0.00805000 0.01350000
v -0.00448725 0.00835000 0.01369519
v -0.00438559 0.00835000 0.01292543
v -0.00391267 0.00835000 0.01230961
v -0.00391267 0.00805000 0.01230961
v -0.00319520 0.00835000 0.01201275
v -0.00319520 0.00805000 0.01201275
v -0.00242543 0.00835000 0.01211440
v -0.00242543 0.00805000 0.01211440
v -0.00180961 0.00835000 0.01258732
v -0.00180961 0.00805000 0.01258732
v -0.00151275 0.00835000 0.01330480
v -0.00151275 0.00805000 0.01330480
v -0.00161441 0.00835000 0.01407458
v -0.00161441 0.00805000 0.01407458
v -0.00208733 0.00835000 0.01469040
v -0.00208733 0.00805000 0.01469040
v -0.00280480 0.00835000 0.01498724
v -0.00280480 0.00805000 0.01498724
v -0.00357457 0.00835000 0.01488559
v -0.00357457 0.00805000 0.01488559
v -0.00419039 0.00835000 0.01441267
v -0.00419039 0.00805000 0.01441267
v -0.00448725 0.00805000 0.01369519
v -0.00254576 0.00835000 0.01282230
v -0.00279092 0.00835000 0.01341349
v -0.00219973 0.00835000 0.01365864
v -0.00345423 0.00835000 0.01417769
v -0.00320908 0.00835000 0.01358650
v -0.00380027 0.00835000 0.01334135
v -0.00308651 0.00835000 0.01329091
v -0.00284136 0.00835000 0.01269974
v -0.00367770 0.00835000 0.01304577
v -0.00232230 0.00835000 0.01395424
v -0.00291349 0.00835000 0.01370908
v -0.00315864 0.00835000 0.01430027
v -0.00341104 0.00785000 0.01315634
v -0.00308651 0.00785000 0.01329091
v -0.00295193 0.00785000 0.01296639
v -0.00265634 0.00785000 0.01308897
v -0.00279092 0.00785000 0.01341349
v -0.00246639 0.00785000 0.01354806
v -0.00258896 0.00785000 0.01384365
v -0.00291349 0.00785000 0.01370908
v -0.00304807 0.00785000 0.01403361
v -0.00334366 0.00785000 0.01391104
v -0.00320908 0.00785000 0.01358650
v -0.00353361 0.00785000 0.01345193
v 0.00528888 0.00650000 0.00876069
v 0.00529479 0.00650000 0.00874162
v 0.00528888 0.00774239 0.00876069
v 0.00529479 0.00774239 0.00874162
v 0.00527329 0.00789433 0.00873074
v 0.00529268 0.00779352 0.00873942
v 0.00508324 0.00815728 0.00867773
v 0.00508586 0.00815710 0.00866867
v 0.00523559 0.00797747 0.00873464
v 0.00524032 0.00797732 0.00871868
v 0.00498102 0.00816931 0.00902690
v 0.00503103 0.00800142 0.00981331
v 0.00510082 0.00776324 0.00967113
v 0.00504144 0.00800030 0.00966409
v 0.00519558 0.00775322 0.00908811
v 0.00513924 0.00798922 0.00906904
v 0.00516965 0.00798558 0.01108792
v 0.00520555 0.00775210 0.01099178
v 0.00514954 0.00798800 0.01101170
v 0.00510446 0.00776288 0.01040742
v 0.00504519 0.00799989 0.01041525
v 0.00508819 0.00776450 0.01016314
v 0.00509073 0.00776425 0.00981739
v 0.00487716 0.00818068 0.00964832
v 0.00486611 0.00818183 0.00980416
v 0.00488114 0.00818026 0.01043282
v 0.00499196 0.00816805 0.01105569
v 0.00501333 0.00816557 0.01113526
v 0.00522731 0.00813882 0.01172693
v 0.00552978 0.00809292 0.01228151
v 0.00589323 0.00802243 0.01276126
v 0.00537137 0.00795942 0.01165460
v 0.00565564 0.00791465 0.01218591
v 0.00599583 0.00784608 0.01264578
v 0.00569394 0.00768401 0.01214009
v 0.00542018 0.00772563 0.01162103
v 0.00538897 0.00772978 0.01154761
v 0.00522502 0.00774990 0.01106641
v 0.00640547 0.00751763 0.01298891
v 0.00615411 0.00758792 0.01274104
v 0.00601932 0.00762002 0.01258822
v 0.00633063 0.00790981 0.01319125
v 0.00640325 0.00773692 0.01305814
v 0.00639467 0.00789033 0.01324457
v 0.00686256 0.00772099 0.01357777
v 0.00646272 0.00771807 0.01310929
v 0.00689654 0.00755444 0.01342894
v 0.00646149 0.00749991 0.01303853
v 0.00686814 0.00734516 0.01334868
v 0.00615346 0.00650000 0.01274034
v 0.00538896 0.00650000 0.01154758
v 0.00508819 0.00650000 0.01016314
v 0.00519976 0.00809283 0.00854336
v 0.00513097 0.00815157 0.00852363
v 0.00511089 0.00815403 0.00858706
v 0.00506788 0.00818912 0.00850509
v 0.00510943 0.00816589 0.00851734
v 0.00528058 0.00798325 0.00856548
v 0.00526393 0.00797431 0.00864053
v 0.00529425 0.00795646 0.00856900
v 0.00534412 0.00774977 0.00857898
v 0.00531764 0.00773960 0.00866510
v 0.00534438 0.00773665 0.00857872
v 0.00540226 0.00824865 0.00757137
v 0.00516780 0.00831983 0.00750190
v 0.00549504 0.00817354 0.00759682
v 0.00557430 0.00806627 0.00761667
v 0.00563929 0.00782000 0.00762603
v 0.00772058 0.00782000 0.00090264
v 0.00768422 0.00801134 0.00089139
v 0.00758068 0.00817355 0.00085933
v 0.00742573 0.00828194 0.00081137
v 0.00724294 0.00832000 0.00075479
v 0.00515490 0.00832000 0.00750001
v 0.00794214 0.00782000 -0.00071950
v 0.00785119 0.00782000 -0.00153582
v 0.00782086 0.00799306 -0.00152989
v 0.00789820 0.00782000 0.00010070
v 0.00786049 0.00801134 0.00009554
v 0.00775310 0.00817355 0.00008088
v 0.00759238 0.00828194 0.00005893
v 0.00740280 0.00832000 0.00003303
v 0.00790409 0.00801134 -0.00071840
v 0.00779575 0.00817355 -0.00071529
v 0.00763360 0.00828194 -0.00071064
v 0.00744234 0.00832000 -0.00070514
v 0.00770747 0.00817355 -0.00150770
v 0.00753034 0.00828910 -0.00147306
v 0.00736050 0.00832000 -0.00143984
v 0.00729885 0.00828910 -0.00236698
v 0.00760985 0.00782000 -0.00246783
v 0.00448353 0.00782000 -0.00662555
v 0.00369447 0.00782000 -0.00709583
v 0.00446621 0.00799306 -0.00659996
v 0.00368020 0.00799306 -0.00706843
v 0.00724183 0.00782000 -0.00339939
v 0.00709904 0.00782000 -0.00368831
v 0.00707162 0.00799306 -0.00367405
v 0.00639407 0.00782000 -0.00480789
v 0.00636937 0.00799306 -0.00478932
v 0.00619748 0.00782000 -0.00505878
v 0.00549291 0.00799306 -0.00577361
v 0.00551421 0.00782000 -0.00579599
v 0.00478087 0.00782000 -0.00641430
v 0.00758046 0.00799306 -0.00245829
v 0.00713424 0.00832000 -0.00231359
v 0.00680892 0.00828910 -0.00353757
v 0.00665535 0.00832000 -0.00345779
v 0.00613276 0.00828910 -0.00461140
v 0.00599444 0.00832000 -0.00450741
v 0.00528885 0.00828910 -0.00555912
v 0.00516957 0.00832000 -0.00543374
v 0.00430030 0.00828910 -0.00635478
v 0.00420331 0.00832000 -0.00621146
v 0.00354349 0.00828910 -0.00680584
v 0.00362684 0.00817355 -0.00696594
v 0.00440145 0.00817355 -0.00650427
v 0.00541327 0.00817355 -0.00568989
v 0.00627702 0.00817355 -0.00471988
v 0.00696909 0.00817355 -0.00362079
v 0.00747055 0.00817355 -0.00242265
v 0.00368686 0.00782005 -0.00709979
v 0.00340000 0.00811277 -0.00713943
v 0.00340000 0.00817938 -0.00707632
v 0.00362369 0.00817522 -0.00696570
v 0.00340000 0.00822191 -0.00702134
v 0.00353256 0.00828905 -0.00681219
v 0.00340000 0.00829613 -0.00686297
v 0.00340000 0.00832000 -0.00672572
v 0.00340000 0.00782364 -0.00724155
v 0.00340000 0.00797693 -0.00721491
v 0.00367187 0.00801245 -0.00706418
v -0.00210565 0.00828462 -0.00739835
v -0.00245300 0.00829135 -0.00726381
v -0.00214899 0.00817616 -0.00755425
v -0.00249955 0.00820956 -0.00740284
v -0.00247944 0.00825301 -0.00734267
v -0.00254630 0.00801102 -0.00754394
v -0.00253724 0.00807000 -0.00751633
v -0.00217721 0.00801410 -0.00765859
v -0.00253464 0.00808385 -0.00750844
v -0.00218604 0.00782304 -0.00769553
v -0.00255767 0.00782000 -0.00758013
v -0.00255704 0.00787077 -0.00757761
v 0.00300444 0.00801658 -0.00737333
v 0.00296371 0.00817877 -0.00727296
v -0.00137819 0.00801675 -0.00784175
v -0.00133137 0.00828734 -0.00757525
v -0.00043931 0.00828714 -0.00767878
v 0.00046596 0.00828666 -0.00767723
v 0.00116681 0.00828639 -0.00760234
v 0.00204532 0.00828656 -0.00741434
v 0.00290263 0.00828717 -0.00712276
v 0.00208853 0.00817818 -0.00757073
v 0.00119140 0.00817801 -0.00776266
v 0.00047572 0.00817827 -0.00783915
v -0.00044863 0.00817875 -0.00784072
v -0.00135944 0.00817896 -0.00773500
v 0.00211746 0.00801596 -0.00767520
v 0.00120781 0.00801580 -0.00786980
v 0.00048220 0.00801606 -0.00794733
v -0.00045490 0.00801654 -0.00794894
v 0.00301861 0.00782529 -0.00740864
v 0.00212769 0.00782460 -0.00771187
v 0.00121354 0.00782446 -0.00790742
v 0.00048440 0.00782472 -0.00798533
v -0.00045717 0.00782519 -0.00798692
v -0.00077151 0.00782532 -0.00796271
v -0.00138476 0.00782541 -0.00787924
v -0.00305398 0.00806680 -0.00732198
v -0.00268516 0.00781985 -0.00753591
v -0.00298561 0.00824971 -0.00715314
v -0.00307730 0.00781742 -0.00738445
v -0.00391334 0.00780097 -0.00697751
v -0.00443758 0.00778152 -0.00665642
v -0.00467308 0.00801353 -0.00641394
v -0.00388721 0.00804862 -0.00691685
v -0.00289041 0.00831739 -0.00692293
v -0.00380367 0.00823120 -0.00675753
v -0.00368468 0.00830072 -0.00654142
v -0.00457627 0.00819552 -0.00626646
v -0.00443618 0.00826780 -0.00606799
v -0.00520702 0.00815003 -0.00576121
v -0.00505121 0.00822550 -0.00558078
v -0.00470176 0.00776860 -0.00647251
v -0.00534450 0.00772716 -0.00595284
v -0.00531367 0.00796881 -0.00589650
v -0.00599901 0.00766766 -0.00529263
v -0.00596570 0.00790469 -0.00523952
v -0.00657675 0.00759714 -0.00455481
v -0.00654080 0.00782867 -0.00450614
v -0.00704130 0.00752529 -0.00379737
v -0.00700276 0.00775117 -0.00375432
v -0.00743711 0.00745110 -0.00294778
v -0.00739590 0.00767106 -0.00291243
v -0.00768479 0.00739750 -0.00222352
v -0.00764165 0.00761315 -0.00219582
v -0.00775971 0.00738007 -0.00194600
v -0.00784522 0.00755992 -0.00130424
v -0.00789014 0.00734827 -0.00132126
v -0.00799010 0.00732257 -0.00039788
v -0.00794426 0.00753214 -0.00039266
v -0.00800000 0.00731996 -0.00000000
v -0.00795406 0.00752931 -0.00000000
v -0.00585024 0.00808472 -0.00511965
v -0.00641892 0.00800717 -0.00440340
v -0.00687692 0.00792793 -0.00366902
v -0.00726772 0.00784586 -0.00284651
v -0.00751260 0.00778642 -0.00214625
v -0.00771585 0.00773170 -0.00127487
v -0.00781488 0.00770310 -0.00038384
v -0.00782469 0.00770020 -0.00000000
v -0.00539519 0.00819461 -0.00525992
v -0.00568040 0.00816447 -0.00496183
v -0.00623904 0.00809173 -0.00427014
v -0.00669112 0.00801715 -0.00356004
v -0.00707888 0.00793961 -0.00276356
v -0.00732300 0.00788325 -0.00208455
v -0.00752641 0.00783123 -0.00123869
v -0.00762579 0.00780398 -0.00037301
v -0.00763565 0.00780121 -0.00000000
v 0.00772058 0.00650000 0.00090264
v 0.00793704 0.00650000 -0.00030850
v 0.00785119 0.00650000 -0.00153582
v 0.00531764 0.00650000 0.00866510
v -0.00465400 0.00825457 0.01391208
v -0.00276984 0.00831853 0.01525350
v -0.00280522 0.00831823 0.01525748
v -0.00436629 0.00827167 0.01454757
v -0.00428577 0.00827592 0.01465133
v -0.00398335 0.00828985 0.01493530
v -0.00362192 0.00830266 0.01513861
v -0.00322089 0.00831246 0.01524857
v -0.00451338 0.00826332 0.01430321
v -0.00465389 0.00825457 0.01308742
v -0.00470144 0.00825144 0.01350044
v -0.00398424 0.00828981 0.01206535
v -0.00405672 0.00828675 0.01212172
v -0.00428671 0.00827587 0.01234978
v -0.00451311 0.00826333 0.01269626
v -0.00362200 0.00830266 0.01186143
v -0.00322225 0.00831244 0.01175164
v -0.00280743 0.00831821 0.01174231
v -0.00373612 0.00605000 0.01392500
v -0.00385000 0.00605000 0.01350000
v -0.00342500 0.00605000 0.01423612
v -0.00300000 0.00605000 0.01435000
v -0.00257500 0.00605000 0.01423612
v -0.00226388 0.00605000 0.01392500
v -0.00215000 0.00605000 0.01350000
v -0.00226388 0.00605000 0.01307499
v -0.00257500 0.00605000 0.01276387
v -0.00300000 0.00605000 0.01265000
v -0.00342500 0.00605000 0.01276387
v -0.00373612 0.00605000 0.01307499
v -0.00800000 0.00731996 0.01495580
v -0.00800000 0.00605000 0.01495580
v -0.00750000 0.00605000 0.01545580
v -0.00763565 0.00780121 0.01532015
v -0.00782469 0.00770020 0.01513111
v -0.00795406 0.00752931 0.01500174
v -0.00798838 0.00742713 0.01496742
v -0.00750580 0.00783673 0.01545000
v -0.00750000 0.00783827 0.01545580
v -0.00531646 0.00820218 0.01545133
v -0.00503656 0.00822669 0.01545580
v -0.00418131 0.00828108 0.01545580
v -0.00618923 0.00809904 0.01545580
v -0.00716226 0.00792107 0.01545426
v -0.00725474 0.00789965 0.01545580
v -0.00538912 0.00819520 0.01545000
v -0.00763565 0.00780121 0.01025000
v -0.00782469 0.00770020 0.01025000
v -0.00795406 0.00752931 0.01025000
v -0.00800000 0.00731996 0.01025000
v -0.00800000 0.00650000 0.01100001
v -0.00800000 0.00605000 0.01100001
v -0.00800000 0.00650000 -0.00000000
v 0.00307709 0.00650000 -0.00738454
v 0.00478087 0.00650000 -0.00641430
v 0.00118849 0.00650000 -0.00791122
v -0.00077151 0.00650000 -0.00796271
v -0.00268516 0.00650000 -0.00753591
v -0.00443752 0.00650000 -0.00665645
v -0.00592335 0.00650000 -0.00537717
v -0.00705337 0.00650000 -0.00377490
v -0.00775973 0.00650000 -0.00194590
v 0.00724183 0.00650000 -0.00339939
v 0.00619748 0.00650000 -0.00505878
v -0.00660128 0.00803323 -0.00262995
v 0.00024108 0.00650000 -0.00198542
v -0.00149702 0.00650000 -0.00132625
v 0.00177091 0.00650000 0.00092944
v 0.00200000 0.00650000 -0.00000000
v 0.00113613 0.00650000 0.00164597
v 0.00024108 0.00650000 0.00198541
v -0.00070921 0.00650000 0.00187003
v -0.00149702 0.00650000 0.00132625
v -0.00194189 0.00650000 0.00047864
v -0.00194189 0.00650000 -0.00047863
v -0.00200000 0.00650000 -0.00000000
v -0.00070921 0.00650000 -0.00187004
v 0.00113613 0.00650000 -0.00164597
v 0.00177091 0.00650000 -0.00092945
v -0.00451133 -0.00770000 -0.00016000
v -0.00416000 -0.00770000 -0.00016000
v -0.00451133 -0.00770000 0.00016001
v -0.00416000 -0.00770000 0.00016001
v -0.00348867 -0.00770000 -0.00016000
v -0.00348867 -0.00770000 0.00016001
v -0.00384000 -0.00770000 -0.00016000
v -0.00384000 -0.00770000 0.00016001
v -0.00384000 -0.00770000 0.00051133
v -0.00416000 -0.00770000 0.00051133
v -0.00384000 -0.00770000 -0.00051132
v -0.00416000 -0.00770000 -0.00051132
v -0.00320000 -0.00820000 0.00016001
v -0.00320000 -0.00820000 -0.00016000
v -0.00384000 -0.00820000 0.00016001
v -0.00384000 -0.00820000 0.00080000
v -0.00416000 -0.00820000 0.00080000
v -0.00416000 -0.00820000 0.00016001
v -0.00480000 -0.00820000 0.00016001
v -0.00480000 -0.00820000 -0.00016000
v -0.00416000 -0.00820000 -0.00016000
v -0.00416000 -0.00820000 -0.00080000
v -0.00384000 -0.00820000 -0.00080000
v -0.00384000 -0.00820000 -0.00016000
v -0.00400000 -0.00820000 -0.00150000
v -0.00325000 -0.00820000 -0.00129904
v -0.00270096 -0.00820000 -0.00075001
v -0.00529904 -0.00820000 -0.00075001
v -0.00475000 -0.00820000 -0.00129904
v -0.00270096 -0.00820000 0.00075000
v -0.00325000 -0.00820000 0.00129904
v -0.00250000 -0.00820000 -0.00000000
v -0.00400000 -0.00820000 0.00149999
v -0.00475000 -0.00820000 0.00129904
v -0.00529904 -0.00820000 0.00075000
v -0.00550000 -0.00820000 -0.00000000
v -0.00329599 -0.00718787 -0.00040646
v -0.00359354 -0.00718787 -0.00070401
v -0.00400000 -0.00718787 -0.00081292
v -0.00440646 -0.00718787 -0.00070401
v -0.00470401 -0.00718787 -0.00040646
v -0.00481292 -0.00718787 -0.00000000
v -0.00470401 -0.00718787 0.00040646
v -0.00440646 -0.00718787 0.00070400
v -0.00400000 -0.00718787 0.00081292
v -0.00359354 -0.00718787 0.00070400
v -0.00329599 -0.00718787 0.00040646
v -0.00318708 -0.00718787 -0.00000000
v 0.00063146 -0.00703787 0.00109371
v 0.00032687 -0.00703787 0.00121988
v 0.00000000 -0.00703787 0.00126292
v -0.00032687 -0.00703787 0.00121988
v -0.00063146 -0.00703787 0.00109371
v -0.00089302 -0.00703787 0.00089301
v -0.00109372 -0.00703787 0.00063146
v -0.00121988 -0.00703787 0.00032687
v -0.00126292 -0.00703787 -0.00000000
v -0.00121988 -0.00703787 -0.00032687
v -0.00109372 -0.00703787 -0.00063145
v -0.00089302 -0.00703787 -0.00089301
v -0.00063146 -0.00703787 -0.00109372
v -0.00032687 -0.00703787 -0.00121989
v 0.00000000 -0.00703787 -0.00126292
v 0.00032687 -0.00703787 -0.00121989
v 0.00063146 -0.00703787 -0.00109372
v 0.00089302 -0.00703787 -0.00089301
v 0.00109372 -0.00703787 -0.00063145
v 0.00121988 -0.00703787 -0.00032687
v 0.00126292 -0.00703787 -0.00000000
v 0.00116659 -0.00703787 0.00048376
v 0.00089302 -0.00703787 0.00089301
v 0.00234636 -0.00815000 -0.00013083
v -0.00234636 -0.00815000 0.00013083
v 0.00217076 -0.00855000 0.00090016
v 0.00156522 -0.00855000 0.00175288
v 0.00064967 -0.00855000 0.00225842
v -0.00039456 -0.00855000 0.00231664
v -0.00136064 -0.00855000 0.00191603
v -0.00205722 -0.00855000 0.00113593
v -0.00234636 -0.00855000 0.00013083
v -0.00217076 -0.00855000 -0.00090017
v -0.00156522 -0.00855000 -0.00175288
v -0.00064967 -0.00855000 -0.00225841
v 0.00039456 -0.00855000 -0.00231664
v 0.00136064 -0.00855000 -0.00191602
v 0.00205722 -0.00855000 -0.00113593
v 0.00234636 -0.00855000 -0.00013083
v 0.00145049 -0.00855000 0.00028755
v 0.00037897 -0.00855000 -0.00015679
v 0.00082330 -0.00855000 -0.00122832
v -0.00145049 -0.00855000 -0.00028753
v -0.00037897 -0.00855000 0.00015680
v -0.00082330 -0.00855000 0.00122832
v 0.00028754 -0.00855000 -0.00145050
v -0.00015680 -0.00855000 -0.00037897
v -0.00122832 -0.00855000 -0.00082331
v -0.00028754 -0.00855000 0.00145049
v 0.00015680 -0.00855000 0.00037896
v 0.00122832 -0.00855000 0.00082330
v 0.00105050 -0.00780000 0.00012168
v 0.00037897 -0.00780000 -0.00015679
v 0.00065744 -0.00780000 -0.00082834
v 0.00012168 -0.00780000 -0.00105050
v -0.00015680 -0.00780000 -0.00037897
v -0.00082834 -0.00780000 -0.00065744
v -0.00105051 -0.00780000 -0.00012167
v -0.00037897 -0.00780000 0.00015680
v -0.00065744 -0.00780000 0.00082834
v -0.00012168 -0.00780000 0.00105050
v 0.00015680 -0.00780000 0.00037896
v 0.00082834 -0.00780000 0.00065744
v -0.00051133 -0.00770000 0.00384000
v -0.00016000 -0.00770000 0.00384000
v -0.00051133 -0.00770000 0.00416000
v -0.00016000 -0.00770000 0.00416000
v 0.00051133 -0.00770000 0.00384000
v 0.00051133 -0.00770000 0.00416000
v 0.00016000 -0.00770000 0.00384000
v 0.00016000 -0.00770000 0.00416000
v 0.00016000 -0.00770000 0.00451133
v -0.00016000 -0.00770000 0.00451133
v 0.00016000 -0.00770000 0.00348867
v -0.00016000 -0.00770000 0.00348867
v 0.00080000 -0.00820000 0.00416000
v 0.00080000 -0.00820000 0.00384000
v 0.00016000 -0.00820000 0.00416000
v 0.00016000 -0.00820000 0.00480001
v -0.00016000 -0.00820000 0.00480001
v -0.00016000 -0.00820000 0.00416000
v -0.00080000 -0.00820000 0.00416000
v -0.00080000 -0.00820000 0.00384000
v -0.00016000 -0.00820000 0.00384000
v -0.00016000 -0.00820000 0.00319999
v 0.00016000 -0.00820000 0.00319999
v 0.00016000 -0.00820000 0.00384000
v 0.00000000 -0.00820000 0.00250000
v 0.00075000 -0.00820000 0.00270097
v 0.00129904 -0.00820000 0.00325000
v -0.00129904 -0.00820000 0.00325000
v -0.00075000 -0.00820000 0.00270097
v 0.00129904 -0.00820000 0.00475000
v 0.00075000 -0.00820000 0.00529905
v 0.00150000 -0.00820000 0.00400001
v 0.00000000 -0.00820000 0.00550000
v -0.00075000 -0.00820000 0.00529905
v -0.00129904 -0.00820000 0.00475000
v -0.00150000 -0.00820000 0.00400001
v 0.00070401 -0.00718787 0.00359355
v 0.00040646 -0.00718787 0.00329599
v 0.00000000 -0.00718787 0.00318709
v -0.00040646 -0.00718787 0.00329599
v -0.00070401 -0.00718787 0.00359355
v -0.00081292 -0.00718787 0.00400001
v -0.00070401 -0.00718787 0.00440647
v -0.00040646 -0.00718787 0.00470401
v 0.00000000 -0.00718787 0.00481292
v 0.00040646 -0.00718787 0.00470401
v 0.00070401 -0.00718787 0.00440647
v 0.00081292 -0.00718787 0.00400001
v -0.00051133 -0.00770000 -0.00416000
v -0.00016000 -0.00770000 -0.00416000
v -0.00051133 -0.00770000 -0.00384000
v -0.00016000 -0.00770000 -0.00384000
v 0.00051133 -0.00770000 -0.00416000
v 0.00051133 -0.00770000 -0.00384000
v 0.00016000 -0.00770000 -0.00416000
v 0.00016000 -0.00770000 -0.00384000
v 0.00016000 -0.00770000 -0.00348868
v -0.00016000 -0.00770000 -0.00348868
v 0.00016000 -0.00770000 -0.00451133
v -0.00016000 -0.00770000 -0.00451133
v 0.00080000 -0.00820000 -0.00384000
v 0.00080000 -0.00820000 -0.00416000
v 0.00016000 -0.00820000 -0.00384000
v 0.00016000 -0.00820000 -0.00320000
v -0.00016000 -0.00820000 -0.00320000
v -0.00016000 -0.00820000 -0.00384000
v -0.00080000 -0.00820000 -0.00384000
v -0.00080000 -0.00820000 -0.00416000
v -0.00016000 -0.00820000 -0.00416000
v -0.00016000 -0.00820000 -0.00479999
v 0.00016000 -0.00820000 -0.00479999
v 0.00016000 -0.00820000 -0.00416000
v 0.00000000 -0.00820000 -0.00550001
v 0.00075000 -0.00820000 -0.00529903
v 0.00129904 -0.00820000 -0.00475000
v -0.00129904 -0.00820000 -0.00475000
v -0.00075000 -0.00820000 -0.00529903
v 0.00129904 -0.00820000 -0.00325000
v 0.00075000 -0.00820000 -0.00270096
v 0.00150000 -0.00820000 -0.00399999
v 0.00000000 -0.00820000 -0.00250000
v -0.00075000 -0.00820000 -0.00270096
v -0.00129904 -0.00820000 -0.00325000
v -0.00150000 -0.00820000 -0.00399999
v 0.00070401 -0.00718787 -0.00440645
v 0.00040646 -0.00718787 -0.00470400
v 0.00000000 -0.00718787 -0.00481291
v -0.00040646 -0.00718787 -0.00470400
v -0.00070401 -0.00718787 -0.00440645
v -0.00081292 -0.00718787 -0.00399999
v -0.00070401 -0.00718787 -0.00359354
v -0.00040646 -0.00718787 -0.00329599
v 0.00000000 -0.00718787 -0.00318708
v 0.00040646 -0.00718787 -0.00329599
v 0.00070401 -0.00718787 -0.00359354
v 0.00081292 -0.00718787 -0.00399999
v 0.00348867 -0.00770000 -0.00016000
v 0.00384000 -0.00770000 -0.00016000
v 0.00348867 -0.00770000 0.00016001
v 0.00384000 -0.00770000 0.00016001
v 0.00451132 -0.00770000 -0.00016000
v 0.00451132 -0.00770000 0.00016001
v 0.00416000 -0.00770000 -0.00016000
v 0.00416000 -0.00770000 0.00016001
v 0.00416000 -0.00770000 0.00051133
v 0.00384000 -0.00770000 0.00051133
v 0.00416000 -0.00770000 -0.00051132
v 0.00384000 -0.00770000 -0.00051132
v 0.00480000 -0.00820000 0.00016001
v 0.00480000 -0.00820000 -0.00016000
v 0.00416000 -0.00820000 0.00016001
v 0.00416000 -0.00820000 0.00080000
v 0.00384000 -0.00820000 0.00080000
v 0.00384000 -0.00820000 0.00016001
v 0.00320000 -0.00820000 0.00016001
v 0.00320000 -0.00820000 -0.00016000
v 0.00384000 -0.00820000 -0.00016000
v 0.00384000 -0.00820000 -0.00080000
v 0.00416000 -0.00820000 -0.00080000
v 0.00416000 -0.00820000 -0.00016000
v 0.00400000 -0.00820000 -0.00150000
v 0.00475000 -0.00820000 -0.00129904
v 0.00529904 -0.00820000 -0.00075001
v 0.00270096 -0.00820000 -0.00075001
v 0.00325000 -0.00820000 -0.00129904
v 0.00529904 -0.00820000 0.00075000
v 0.00475000 -0.00820000 0.00129904
v 0.00550000 -0.00820000 -0.00000000
v 0.00400000 -0.00820000 0.00149999
v 0.00325000 -0.00820000 0.00129904
v 0.00270096 -0.00820000 0.00075000
v 0.00250000 -0.00820000 -0.00000000
v 0.00470401 -0.00718787 -0.00040646
v 0.00440646 -0.00718787 -0.00070401
v 0.00400000 -0.00718787 -0.00081292
v 0.00359354 -0.00718787 -0.00070401
v 0.00329599 -0.00718787 -0.00040646
v 0.00318708 -0.00718787 -0.00000000
v 0.00329599 -0.00718787 0.00040646
v 0.00359354 -0.00718787 0.00070400
v 0.00400000 -0.00718787 0.00081292
v 0.00440646 -0.00718787 0.00070400
v 0.00470401 -0.00718787 0.00040646
v 0.00481292 -0.00718787 -0.00000000
v 0.00605047 -0.00343836 0.03876188
v 0.00617618 -0.00267953 0.03898458
v 0.00545366 -0.00267995 0.03973834
v 0.00884869 -0.00343836 0.03241177
v 0.00902242 -0.00268834 0.03244910
v 0.00853177 -0.00268442 0.03443472
v 0.00919145 -0.00343836 0.03043856
v 0.00919633 -0.00343836 0.03040518
v 0.00935687 -0.00269269 0.03043949
v -0.00210000 -0.00160048 0.04232934
v -0.00210000 -0.00260745 0.04212819
v -0.00149367 -0.00250000 0.04211062
v -0.00026599 -0.00267297 0.04195105
v -0.00000527 -0.00250000 0.04196770
v 0.00075186 -0.00267498 0.04181586
v 0.00141254 -0.00250000 0.04174359
v 0.00176494 -0.00267714 0.04161619
v 0.00146407 -0.00152632 0.04192194
v 0.01059568 -0.00000000 0.01648383
v 0.01044021 -0.00000000 0.02034665
v 0.01059393 -0.00007581 0.01648252
v 0.01038134 -0.00189043 0.02034293
v 0.01054887 -0.00180577 0.01648027
v 0.01029801 -0.00271443 0.02033567
v 0.01045735 -0.00271674 0.01647568
v 0.00937836 -0.00343836 0.02904667
v 0.00960733 -0.00269738 0.02842258
v 0.00945048 -0.00343836 0.02845210
v 0.00999481 -0.00343836 0.02292403
v 0.00835535 -0.00343836 0.03435250
v 0.00820254 -0.00268277 0.03540687
v 0.00826456 -0.00343836 0.03463578
v 0.00763821 -0.00343836 0.03622107
v 0.00780740 -0.00268148 0.03635596
v 0.00762374 -0.00343836 0.03625204
v 0.00734304 -0.00268047 0.03727590
v 0.00745441 -0.00343836 0.03660072
v 0.00665556 -0.00343836 0.03796431
v 0.00680247 -0.00267978 0.03815655
v 0.00662340 -0.00343836 0.03801113
v 0.00648872 -0.00343836 0.03820151
v 0.00463309 -0.00268074 0.04039109
v 0.00458152 -0.00343836 0.04010956
v 0.00535980 -0.00343836 0.03948438
v 0.00372525 -0.00343836 0.04062222
v 0.00411830 -0.00343836 0.04040654
v 0.00450334 -0.00343836 0.04016320
v 0.00372852 -0.00268071 0.04092081
v 0.00276390 -0.00267925 0.04132436
v 0.00263415 -0.00343836 0.04108244
v 0.00185521 -0.00343836 0.04131427
v 0.00099811 -0.00343836 0.04149920
v -0.00011069 -0.00343836 0.04166229
v -0.00027414 -0.00343836 0.04168129
v -0.00164708 -0.00343836 0.04181033
v -0.00209999 -0.00343837 0.04184556
v -0.00149991 -0.00193483 0.04223152
v -0.00149654 -0.00099691 0.04235008
v -0.00210000 -0.00038050 0.04242951
v -0.00149333 -0.00000000 0.04238963
v -0.00210000 -0.00000000 0.04243499
v 0.00970353 -0.00186591 0.02844147
v 0.00945979 -0.00185896 0.03046384
v 0.00913266 -0.00185243 0.03248285
v 0.00864829 -0.00184652 0.03448406
v 0.00832165 -0.00184407 0.03546685
v 0.00792921 -0.00184224 0.03642841
v 0.00746718 -0.00184099 0.03736316
v 0.00692672 -0.00184027 0.03826110
v 0.00629568 -0.00184001 0.03910860
v 0.00556150 -0.00184036 0.03988294
v 0.00472275 -0.00184091 0.04055454
v 0.00379613 -0.00184027 0.04109766
v 0.00280898 -0.00183780 0.04150815
v 0.00179055 -0.00183459 0.04180260
v 0.00799699 -0.00093991 0.03647029
v 0.00789456 -0.00000000 0.03675835
v 0.00753749 -0.00093910 0.03741418
v 0.00741661 -0.00000000 0.03769325
v 0.00699833 -0.00093867 0.03832291
v 0.00687979 -0.00000000 0.03855443
v 0.00636525 -0.00093853 0.03918242
v 0.00148199 -0.00000000 0.04201654
v 0.00148086 -0.00042675 0.04200944
v 0.00224032 -0.00000000 0.04183492
v 0.00180370 -0.00093413 0.04190993
v 0.00323177 -0.00000000 0.04150587
v 0.00283361 -0.00093643 0.04161468
v 0.00412690 -0.00000000 0.04109041
v 0.00383421 -0.00093827 0.04120108
v 0.00479168 -0.00000000 0.04068249
v 0.00477426 -0.00093890 0.04065102
v 0.00549896 -0.00000000 0.04012954
v 0.00562419 -0.00093869 0.03996894
v 0.00614496 -0.00000000 0.03948908
v 0.00627954 -0.00000000 0.03933598
v 0.00838714 -0.00094119 0.03550136
v 0.00871188 -0.00094292 0.03451245
v 0.00919243 -0.00094714 0.03250244
v 0.01016960 -0.00000000 0.02430203
v 0.01009888 -0.00187982 0.02439681
v 0.01001144 -0.00270700 0.02438414
v 0.01015874 -0.00343836 0.02047205
v 0.01033246 -0.00343838 0.01646949
v 0.00993359 -0.00000000 0.02687579
v 0.00969090 -0.00000000 0.02918990
v 0.00942545 -0.00000000 0.03124459
v 0.00925529 -0.00000000 0.03227282
v 0.00897641 -0.00000000 0.03360416
v 0.00862292 -0.00000000 0.03487922
v 0.00818067 -0.00000000 0.03610246
v -0.00209999 -0.00555464 0.04027925
v -0.00210001 -0.00559704 0.04022774
v -0.00041554 -0.00568168 0.03993928
v -0.00210089 -0.00451411 0.04124762
v -0.00210001 -0.00494310 0.04090825
v -0.00029752 -0.00500517 0.04064690
v -0.00209982 -0.00579240 0.03997451
v -0.00209998 -0.00589463 0.03982918
v -0.00047957 -0.00598639 0.03953056
v 0.00538779 -0.00673428 0.03401755
v 0.00596250 -0.00683751 0.03221217
v 0.00615808 -0.00669272 0.03238831
v 0.00605861 -0.00686035 0.03180182
v 0.00651541 -0.00678687 0.03064059
v 0.00630373 -0.00693292 0.03048168
v 0.00646066 -0.00699690 0.02930526
v 0.00400366 -0.00657686 0.03649724
v 0.00459103 -0.00663456 0.03564397
v 0.00485713 -0.00650443 0.03566204
v 0.00470218 -0.00664671 0.03545463
v 0.00526607 -0.00655150 0.03488600
v 0.00561675 -0.00659858 0.03407669
v 0.00438378 -0.00645736 0.03639382
v 0.00384007 -0.00641028 0.03706390
v 0.00310933 -0.00650360 0.03742975
v 0.00322433 -0.00636321 0.03765394
v 0.00291232 -0.00648903 0.03759085
v 0.00244474 -0.00645590 0.03792411
v 0.00254447 -0.00631613 0.03815149
v 0.00163197 -0.00640167 0.03837354
v 0.00181602 -0.00626906 0.03855461
v 0.00098793 -0.00636049 0.03864275
v 0.00105525 -0.00622199 0.03887255
v 0.00022546 -0.00631278 0.03888871
v -0.00210002 -0.00616969 0.03938897
v -0.00054657 -0.00626509 0.03908262
v 0.00112133 -0.00607816 0.03909451
v 0.00628956 -0.00438149 0.03748892
v 0.00679625 -0.00439768 0.03665219
v 0.00723545 -0.00441387 0.03577693
v 0.00504541 -0.00434910 0.03898831
v 0.00465972 -0.00519137 0.03838912
v 0.00570824 -0.00436529 0.03827438
v 0.00528581 -0.00522241 0.03768739
v 0.00583444 -0.00525344 0.03691773
v 0.00631216 -0.00528448 0.03609934
v 0.00672575 -0.00531551 0.03524433
v 0.00761209 -0.00443006 0.03487282
v 0.00737673 -0.00537758 0.03345750
v 0.00317833 -0.00512930 0.03951453
v 0.00395432 -0.00516034 0.03900275
v 0.00429911 -0.00433291 0.03960955
v 0.00347852 -0.00431671 0.04012361
v 0.00234886 -0.00509827 0.03992236
v -0.00019520 -0.00425194 0.04121718
v 0.00075192 -0.00426813 0.04105625
v 0.00168733 -0.00428433 0.04083425
v 0.00260165 -0.00430052 0.04052828
v -0.00210001 -0.00421956 0.04144315
v 0.00059871 -0.00503620 0.04047066
v 0.00148380 -0.00506723 0.04023641
v 0.00895724 -0.00621693 0.01639958
v 0.00918296 -0.00593622 0.01641118
v 0.00902202 -0.00581206 0.02022511
v 0.00920969 -0.00590071 0.01641255
v 0.00939836 -0.00525387 0.02030164
v 0.00968708 -0.00516083 0.01643701
v 0.00981987 -0.00490680 0.01644377
v 0.00971516 -0.00467295 0.02036345
v 0.01020212 -0.00393533 0.01646305
v 0.00996731 -0.00406424 0.02042134
v 0.01029617 -0.00359213 0.01646772
v 0.00900114 -0.00454341 0.02817072
v 0.00874455 -0.00451103 0.03011440
v 0.00837354 -0.00556379 0.02783024
v 0.00813723 -0.00550172 0.02972379
v 0.00782513 -0.00543965 0.03160535
v 0.00840821 -0.00447864 0.03204544
v 0.00792842 -0.00444626 0.03394556
v 0.00819262 -0.00696917 0.01636013
v 0.00872729 -0.00647214 0.01638773
v 0.00859062 -0.00632948 0.02013796
v 0.00875277 -0.00568793 0.02403252
v 0.00910978 -0.00515330 0.02416527
v 0.00941602 -0.00460819 0.02427219
v 0.00966670 -0.00403156 0.02437514
v 0.00672169 -0.00662880 0.03079477
v 0.00674893 -0.00688102 0.02886617
v 0.00696882 -0.00672057 0.02900326
v 0.00677236 -0.00720040 0.02553409
v 0.00714612 -0.00681234 0.02720068
v 0.00692727 -0.00735399 0.02267863
v 0.00189819 -0.00612405 0.03877622
v 0.00264226 -0.00616994 0.03837153
v 0.00333705 -0.00621582 0.03787105
v 0.00396680 -0.00626171 0.03727673
v 0.00452347 -0.00630760 0.03660126
v 0.00500877 -0.00635348 0.03586316
v 0.00542872 -0.00639937 0.03508016
v 0.00578959 -0.00644525 0.03426345
v 0.00634897 -0.00653702 0.03255920
v 0.00703777 -0.00769617 0.01630036
v 0.00757876 -0.00740699 0.01632838
v 0.00701408 -0.00750534 0.01985946
v 0.00758186 -0.00717943 0.01996189
v 0.00741465 -0.00699588 0.02358575
v 0.00790101 -0.00661276 0.02374652
v 0.00758885 -0.00644347 0.02742688
v 0.00799921 -0.00604420 0.02761632
v 0.00738852 -0.00635883 0.02926203
v 0.00777911 -0.00597287 0.02947837
v 0.00711638 -0.00627419 0.03108582
v 0.00748521 -0.00590155 0.03132875
v 0.00671506 -0.00618954 0.03288174
v 0.00705857 -0.00583023 0.03315049
v 0.00612179 -0.00610490 0.03461577
v 0.00643466 -0.00575891 0.03490864
v 0.00574167 -0.00606258 0.03544638
v 0.00603692 -0.00572325 0.03575028
v 0.00530078 -0.00602025 0.03624231
v 0.00557672 -0.00568759 0.03655630
v 0.00479269 -0.00597793 0.03699204
v 0.00504747 -0.00565193 0.03731486
v 0.00421120 -0.00593561 0.03767739
v 0.00444279 -0.00561627 0.03800724
v 0.00355455 -0.00589329 0.03827927
v 0.00283102 -0.00585097 0.03878464
v 0.00205680 -0.00580864 0.03919151
v 0.00124886 -0.00576632 0.03950951
v 0.00764925 -0.00736299 0.01633203
v 0.00810895 -0.00678205 0.02005696
v 0.00834846 -0.00618684 0.02388185
v -0.00064256 -0.00672150 0.03808849
v 0.00471436 -0.00817376 0.01898832
v 0.00505084 -0.00821837 0.01619907
v 0.00539172 -0.00817024 0.01621646
v 0.00334980 -0.00696073 0.03589830
v 0.00384724 -0.00700060 0.03526014
v -0.00209931 -0.00664176 0.03840627
v -0.00209868 -0.00687768 0.03776836
v -0.00073915 -0.00709975 0.03694987
v 0.00278579 -0.00692086 0.03646252
v 0.00546198 -0.00719996 0.03146403
v 0.00495509 -0.00748978 0.03062889
v 0.00525348 -0.00755478 0.02906316
v 0.00185649 -0.00807115 0.02921918
v 0.00152623 -0.00806043 0.02966359
v 0.00079993 -0.00821322 0.02680169
v 0.00050049 -0.00820856 0.02711382
v 0.00016946 -0.00820391 0.02738038
v -0.00039786 -0.00828304 0.02444026
v -0.00170990 -0.00831150 0.02189037
v -0.00132772 -0.00831235 0.02176393
v -0.00094205 -0.00827990 0.02473476
v -0.00209999 -0.00832504 0.01583101
v -0.00064989 -0.00831405 0.02128137
v -0.00096495 -0.00831320 0.02156780
v 0.00007477 -0.00828618 0.02401030
v 0.00472240 -0.00776940 0.02824534
v 0.00444619 -0.00771772 0.02971521
v 0.00419220 -0.00793397 0.02736422
v 0.00497167 -0.00712021 0.03306210
v 0.00449803 -0.00742477 0.03214346
v 0.00578227 -0.00727970 0.02981111
v -0.00000739 -0.00831744 0.01962489
v -0.00009127 -0.00831659 0.02007396
v 0.00208635 -0.00825045 0.02346542
v 0.00191825 -0.00824114 0.02436942
v 0.00313691 -0.00814618 0.02545361
v 0.00292613 -0.00812474 0.02659352
v 0.00393803 -0.00789401 0.02873029
v 0.00402264 -0.00766604 0.03113755
v 0.00385271 -0.00735977 0.03356916
v 0.00465259 -0.00708034 0.03382890
v 0.00427967 -0.00704047 0.03456497
v 0.00115160 -0.00804971 0.03005872
v 0.00073747 -0.00803899 0.03039686
v 0.00029342 -0.00802827 0.03067685
v -0.00055642 -0.00819460 0.02777844
v -0.00017055 -0.00801755 0.03090437
v 0.00021594 -0.00769418 0.03389426
v 0.00077331 -0.00771416 0.03362215
v 0.00130678 -0.00773414 0.03328706
v 0.00180434 -0.00775413 0.03288220
v 0.00225450 -0.00777411 0.03240895
v 0.00265142 -0.00779409 0.03187656
v 0.00299633 -0.00781407 0.03129855
v 0.00214340 -0.00808187 0.02873674
v 0.00129313 -0.00822253 0.02606813
v -0.00040347 -0.00831490 0.02091750
v -0.00151538 -0.00827676 0.02492471
v -0.00132115 -0.00818529 0.02803711
v -0.00112712 -0.00799611 0.03123762
v -0.00093317 -0.00765421 0.03429236
v -0.00083614 -0.00740766 0.03568049
v -0.00209710 -0.00741094 0.03572963
v -0.00022047 -0.00831574 0.02050844
v 0.00165948 -0.00823184 0.02524416
v 0.00260200 -0.00810331 0.02769686
v 0.00354786 -0.00785404 0.03005250
v 0.00342428 -0.00761437 0.03247739
v 0.00305020 -0.00758853 0.03309855
v 0.00261977 -0.00756269 0.03367029
v 0.00213166 -0.00753685 0.03417794
v 0.00159220 -0.00751101 0.03461154
v 0.00101384 -0.00748517 0.03496951
v 0.00040959 -0.00745934 0.03525926
v 0.00344939 -0.00732727 0.03422950
v 0.00298539 -0.00729476 0.03483662
v 0.00245926 -0.00726226 0.03537473
v 0.00187784 -0.00722976 0.03583308
v 0.00216255 -0.00688098 0.03694126
v 0.00125453 -0.00719726 0.03620999
v 0.00149442 -0.00684111 0.03733276
v 0.00060334 -0.00716475 0.03651343
v 0.00079642 -0.00680124 0.03764555
v -0.00209727 -0.00735599 0.03599325
v 0.00587384 -0.00794481 0.01945938
v 0.00622137 -0.00799344 0.01625871
v 0.00645052 -0.00775816 0.01966937
v 0.00667909 -0.00784603 0.01628205
v 0.00647349 -0.00791766 0.01627156
v 0.00237110 -0.00828769 0.01977596
v 0.00356596 -0.00827482 0.01846465
v 0.00349553 -0.00823194 0.02080214
v 0.00462740 -0.00809383 0.02178970
v 0.00633663 -0.00759867 0.02306171
v 0.00613045 -0.00743918 0.02644589
v 0.00576866 -0.00781480 0.02267161
v 0.00557733 -0.00768479 0.02587624
v 0.00502139 -0.00787275 0.02525413
v 0.00446659 -0.00801390 0.02458454
v 0.00336355 -0.00818906 0.02313420
v 0.00226659 -0.00826907 0.02162576
v 0.00008237 -0.00831913 0.01871086
v 0.00013427 -0.00832083 0.01779179
v -0.00209649 -0.00761425 0.03459032
v -0.00209573 -0.00789294 0.03237848
v -0.00209535 -0.00817599 0.02822904
v -0.00209540 -0.00820563 0.02749575
v -0.00209683 -0.00831066 0.02198341
v -0.00209757 -0.00831894 0.02031918
v 0.00435484 -0.00797394 0.02597841
v 0.00489945 -0.00782108 0.02675411
v 0.00544508 -0.00761979 0.02747440
v 0.00598816 -0.00735944 0.02813354
v 0.00397396 -0.00830487 0.01614396
v 0.00357580 -0.00831771 0.01612353
v 0.00243319 -0.00832493 0.01606479
v -0.00240000 0.00782991 0.02811150
v -0.00240000 0.00794806 0.02318373
v -0.00240000 0.00795600 0.02225578
v -0.00240000 -0.00794806 0.02318373
v -0.00240000 -0.00782992 0.02811150
v -0.00240000 -0.00795601 0.02225578
v -0.00240000 -0.00522038 0.04015563
v -0.00240000 -0.00452716 0.04082198
v -0.00240000 0.00673264 0.03707609
v -0.00240000 0.00709334 0.03554837
v -0.00240000 0.00522038 0.04015563
v -0.00240000 0.00543037 0.03989694
v -0.00240000 -0.00673265 0.03707609
v -0.00240000 -0.00659296 0.03753494
v -0.00240000 -0.00613360 0.03871915
v -0.00240000 -0.00597336 0.03904165
v -0.00240000 -0.00543038 0.03989694
v -0.00240000 -0.00709334 0.03554837
v -0.00240000 -0.00719053 0.03502239
v -0.00240000 -0.00303805 0.04164526
v -0.00240000 -0.00205111 0.04191625
v -0.00240000 -0.00169489 0.04197928
v -0.00240000 -0.00021021 0.04210119
v -0.00240000 -0.00778878 0.02899118
v -0.00240000 -0.00754110 0.03238817
v -0.00240000 -0.00746612 0.03308602
v -0.00240000 0.00719052 0.03502239
v -0.00240000 0.00746612 0.03308602
v -0.00240000 0.00754110 0.03238817
v -0.00240000 0.00778878 0.02899118
v -0.00240000 0.00597335 0.03904165
v -0.00240000 0.00613359 0.03871915
v -0.00240000 0.00659296 0.03753494
v -0.00240000 -0.00000000 0.04210278
v -0.00240000 0.00021021 0.04210119
v -0.00240000 0.00169489 0.04197928
v -0.00240000 0.00205111 0.04191625
v -0.00240000 0.00303805 0.04164526
v -0.00240000 0.00335924 0.04151782
v -0.00240000 -0.00426268 0.04101802
v -0.00240000 -0.00335924 0.04151782
v -0.00240000 0.00426268 0.04101802
v -0.00240000 0.00452715 0.04082198
v -0.00209999 0.00794806 0.02318373
v -0.00209999 0.00778878 0.02899118
v -0.00209999 0.00746612 0.03308602
v -0.00209999 0.00709334 0.03554837
v -0.00209999 0.00659296 0.03753494
v -0.00209999 0.00597335 0.03904165
v -0.00209999 0.00522038 0.04015563
v -0.00209999 0.00426268 0.04101802
v -0.00209999 0.00303805 0.04164526
v -0.00209999 0.00169489 0.04197928
v -0.00210000 -0.00000000 0.04210278
v -0.00209999 -0.00794806 0.02318373
v -0.00209999 -0.00169489 0.04197928
v -0.00209999 -0.00303805 0.04164526
v -0.00209999 -0.00426268 0.04101802
v -0.00209999 -0.00522038 0.04015563
v -0.00209999 -0.00597336 0.03904165
v -0.00209999 -0.00659296 0.03753494
v -0.00209999 -0.00709334 0.03554837
v -0.00209999 -0.00746612 0.03308602
v -0.00209999 -0.00778878 0.02899118
v -0.00210001 0.00421956 0.04144315
v -0.00210089 0.00451411 0.04124762
v -0.00210001 0.00494310 0.04090825
v -0.00209999 0.00555463 0.04027925
v -0.00210001 0.00559704 0.04022774
v -0.00209999 0.00343836 0.04184556
v -0.00209994 0.00267566 0.04210983
v -0.00209868 0.00687767 0.03776836
v -0.00209727 0.00735598 0.03599325
v -0.00209982 0.00579240 0.03997451
v -0.00209998 0.00589462 0.03982918
v -0.00210002 0.00616969 0.03938897
v -0.00209931 0.00664176 0.03840627
v -0.00209710 0.00741093 0.03572963
v -0.00209649 0.00761425 0.03459032
v -0.00209573 0.00789294 0.03237848
v -0.00210001 0.00176858 0.04230414
v -0.00210007 0.00068874 0.04241619
v -0.00209999 0.00832504 0.01583101
v -0.00209757 0.00831894 0.02031918
v -0.00209535 0.00817598 0.02822904
v -0.00209540 0.00820563 0.02749575
v -0.00209683 0.00831065 0.02198341
v 0.00646066 0.00699690 0.02930526
v 0.00677236 0.00720039 0.02553409
v 0.00613045 0.00743918 0.02644589
v 0.00587384 0.00794481 0.01945938
v 0.00539172 0.00817024 0.01621646
v 0.00505084 0.00821836 0.01619907
v 0.00356596 0.00827482 0.01846465
v 0.00357580 0.00831770 0.01612353
v 0.00243319 0.00832493 0.01606479
v 0.00397396 0.00830486 0.01614396
v 0.00578227 0.00727970 0.02981111
v 0.00525348 0.00755478 0.02906316
v 0.00495509 0.00748978 0.03062889
v -0.00009127 0.00831659 0.02007396
v -0.00000739 0.00831744 0.01962489
v -0.00040347 0.00831489 0.02091750
v -0.00022047 0.00831574 0.02050844
v 0.00129313 0.00822253 0.02606813
v 0.00208635 0.00825045 0.02346542
v 0.00191825 0.00824114 0.02436942
v 0.00165948 0.00823183 0.02524416
v -0.00170990 0.00831150 0.02189037
v -0.00132772 0.00831235 0.02176393
v -0.00096495 0.00831320 0.02156780
v -0.00039786 0.00828304 0.02444026
v -0.00094205 0.00827990 0.02473476
v -0.00151538 0.00827675 0.02492471
v 0.00313691 0.00814618 0.02545361
v 0.00292613 0.00812474 0.02659352
v 0.00260200 0.00810330 0.02769686
v 0.00214340 0.00808186 0.02873674
v 0.00546198 0.00719995 0.03146403
v 0.00449803 0.00742477 0.03214346
v 0.00497167 0.00712021 0.03306210
v 0.00299633 0.00781407 0.03129855
v 0.00265142 0.00779409 0.03187656
v 0.00305020 0.00758853 0.03309855
v 0.00261977 0.00756269 0.03367029
v 0.00298539 0.00729476 0.03483662
v 0.00245926 0.00726226 0.03537473
v 0.00344939 0.00732726 0.03422950
v 0.00385271 0.00735977 0.03356916
v 0.00342428 0.00761437 0.03247739
v 0.00402264 0.00766604 0.03113755
v 0.00444619 0.00771772 0.02971521
v 0.00472240 0.00776940 0.02824534
v 0.00465259 0.00708034 0.03382890
v 0.00427967 0.00704047 0.03456497
v 0.00354786 0.00785404 0.03005250
v 0.00393803 0.00789400 0.02873029
v 0.00419220 0.00793397 0.02736422
v -0.00093317 0.00765421 0.03429236
v -0.00017055 0.00801754 0.03090437
v -0.00112712 0.00799611 0.03123762
v -0.00055642 0.00819460 0.02777844
v -0.00132115 0.00818529 0.02803711
v 0.00016946 0.00820391 0.02738038
v 0.00029342 0.00802826 0.03067685
v 0.00073747 0.00803898 0.03039686
v 0.00077331 0.00771416 0.03362215
v 0.00130678 0.00773414 0.03328706
v 0.00101384 0.00748517 0.03496951
v 0.00159220 0.00751101 0.03461154
v 0.00125453 0.00719725 0.03620999
v 0.00384724 0.00700060 0.03526014
v 0.00334980 0.00696072 0.03589830
v 0.00278579 0.00692085 0.03646252
v 0.00216255 0.00688098 0.03694126
v 0.00079642 0.00680124 0.03764555
v 0.00060334 0.00716475 0.03651343
v 0.00040959 0.00745933 0.03525926
v 0.00021594 0.00769417 0.03389426
v -0.00054657 0.00626509 0.03908262
v 0.00022546 0.00631278 0.03888871
v -0.00064256 0.00672150 0.03808849
v -0.00073915 0.00709974 0.03694987
v -0.00083614 0.00740766 0.03568049
v 0.00471436 0.00817376 0.01898832
v 0.00462740 0.00809383 0.02178970
v 0.00576866 0.00781480 0.02267161
v 0.00622137 0.00799344 0.01625871
v 0.00645052 0.00775815 0.01966937
v 0.00647349 0.00791765 0.01627156
v 0.00667909 0.00784602 0.01628205
v 0.00701408 0.00750534 0.01985946
v 0.00703777 0.00769616 0.01630036
v 0.00598816 0.00735944 0.02813354
v 0.00544508 0.00761979 0.02747440
v 0.00692727 0.00735399 0.02267863
v 0.00633663 0.00759867 0.02306171
v 0.00557733 0.00768479 0.02587624
v 0.00502139 0.00787275 0.02525413
v 0.00489945 0.00782107 0.02675411
v 0.00435484 0.00797393 0.02597841
v 0.00008237 0.00831913 0.01871086
v 0.00013427 0.00832083 0.01779179
v 0.00226659 0.00826907 0.02162576
v 0.00237110 0.00828769 0.01977596
v 0.00336355 0.00818906 0.02313420
v 0.00349553 0.00823194 0.02080214
v 0.00446659 0.00801390 0.02458454
v 0.00050049 0.00820856 0.02711382
v 0.00115160 0.00804970 0.03005872
v 0.00180434 0.00775412 0.03288220
v 0.00152623 0.00806042 0.02966359
v 0.00079993 0.00821322 0.02680169
v 0.00007477 0.00828618 0.02401030
v -0.00064989 0.00831404 0.02128137
v 0.00098793 0.00636049 0.03864275
v 0.00149442 0.00684111 0.03733276
v 0.00187784 0.00722976 0.03583308
v 0.00213166 0.00753685 0.03417794
v 0.00225450 0.00777411 0.03240895
v 0.00185649 0.00807114 0.02921918
v 0.00163197 0.00640167 0.03837354
v 0.00244474 0.00645589 0.03792411
v 0.00291232 0.00648902 0.03759085
v 0.00310933 0.00650360 0.03742975
v 0.00400366 0.00657686 0.03649724
v 0.00459103 0.00663455 0.03564397
v 0.00470218 0.00664670 0.03545463
v 0.00538779 0.00673428 0.03401755
v 0.00596250 0.00683751 0.03221217
v 0.00605861 0.00686034 0.03180182
v 0.00630373 0.00693292 0.03048168
v 0.00758186 0.00717942 0.01996189
v 0.01029617 0.00359213 0.01646772
v 0.01020212 0.00393533 0.01646305
v 0.00996731 0.00406424 0.02042134
v 0.00920969 0.00590071 0.01641255
v 0.00918296 0.00593622 0.01641118
v 0.00902202 0.00581206 0.02022511
v 0.00444279 0.00561626 0.03800724
v 0.00421120 0.00593561 0.03767739
v 0.00355455 0.00589329 0.03827927
v -0.00047957 0.00598639 0.03953056
v 0.00189819 0.00612405 0.03877622
v 0.00264226 0.00616993 0.03837153
v 0.00254447 0.00631613 0.03815149
v 0.00322433 0.00636320 0.03765394
v 0.00384007 0.00641028 0.03706390
v 0.00438378 0.00645735 0.03639382
v 0.00485713 0.00650443 0.03566204
v 0.00526607 0.00655150 0.03488600
v 0.00561675 0.00659857 0.03407669
v 0.00615808 0.00669272 0.03238831
v 0.00333705 0.00621582 0.03787105
v 0.00396680 0.00626171 0.03727673
v 0.00452347 0.00630759 0.03660126
v 0.00500877 0.00635348 0.03586316
v 0.00542872 0.00639936 0.03508016
v 0.00578959 0.00644525 0.03426345
v 0.00634897 0.00653702 0.03255920
v 0.00651541 0.00678687 0.03064059
v 0.00672169 0.00662879 0.03079477
v 0.00696882 0.00672056 0.02900326
v 0.00181602 0.00626906 0.03855461
v 0.00105525 0.00622198 0.03887255
v 0.00112133 0.00607816 0.03909451
v -0.00041554 0.00568168 0.03993928
v 0.00672575 0.00531551 0.03524433
v 0.00631216 0.00528447 0.03609934
v 0.00679625 0.00439768 0.03665219
v 0.00628956 0.00438148 0.03748892
v 0.00583444 0.00525344 0.03691773
v 0.00570824 0.00436529 0.03827438
v 0.00528581 0.00522241 0.03768739
v 0.00504541 0.00434910 0.03898831
v 0.00465972 0.00519137 0.03838912
v 0.00429911 0.00433290 0.03960955
v 0.00395432 0.00516033 0.03900275
v 0.00347852 0.00431671 0.04012361
v -0.00019520 0.00425194 0.04121718
v 0.00075192 0.00426813 0.04105625
v 0.00059871 0.00503619 0.04047066
v 0.00148380 0.00506723 0.04023641
v 0.00168733 0.00428433 0.04083425
v 0.00234886 0.00509827 0.03992236
v 0.00260165 0.00430052 0.04052828
v 0.00317833 0.00512930 0.03951453
v 0.00264873 0.00343835 0.04107742
v 0.00362813 0.00343835 0.04067093
v 0.00372525 0.00343835 0.04062222
v 0.00413159 0.00343835 0.04039870
v 0.00450334 0.00343835 0.04016320
v 0.00537110 0.00343835 0.03947395
v -0.00029752 0.00500516 0.04064690
v 0.00981987 0.00490680 0.01644377
v 0.00968708 0.00516083 0.01643701
v 0.00971516 0.00467295 0.02036345
v 0.00939836 0.00525387 0.02030164
v 0.00941602 0.00460818 0.02427219
v 0.00910978 0.00515329 0.02416527
v 0.00837354 0.00556379 0.02783024
v 0.00966670 0.00403155 0.02437514
v 0.00900114 0.00454341 0.02817072
v 0.00945048 0.00343836 0.02845210
v 0.00945709 0.00343836 0.02839611
v 0.00723545 0.00441387 0.03577693
v 0.00761209 0.00443006 0.03487282
v 0.00737673 0.00537758 0.03345750
v 0.00792842 0.00444625 0.03394556
v 0.00782513 0.00543965 0.03160535
v 0.00840821 0.00447864 0.03204544
v 0.00813723 0.00550172 0.02972379
v 0.00874455 0.00451103 0.03011440
v 0.00999494 0.00343836 0.02292234
v 0.01015874 0.00343836 0.02047205
v 0.01016685 0.00343836 0.02032538
v 0.01033246 0.00343838 0.01646949
v 0.00757876 0.00740699 0.01632838
v 0.00764925 0.00736298 0.01633203
v 0.00819262 0.00696917 0.01636013
v 0.00872729 0.00647214 0.01638773
v 0.00810895 0.00678204 0.02005696
v 0.00741465 0.00699588 0.02358575
v 0.00674893 0.00688101 0.02886617
v 0.00714612 0.00681234 0.02720068
v 0.00895724 0.00621693 0.01639958
v 0.00859062 0.00632948 0.02013796
v 0.00790101 0.00661276 0.02374652
v 0.00479269 0.00597793 0.03699204
v 0.00504747 0.00565193 0.03731486
v 0.00530078 0.00602025 0.03624231
v 0.00557672 0.00568759 0.03655630
v 0.00574167 0.00606257 0.03544638
v 0.00603692 0.00572325 0.03575028
v 0.00612179 0.00610489 0.03461577
v 0.00643466 0.00575891 0.03490864
v 0.00671506 0.00618954 0.03288174
v 0.00705857 0.00583023 0.03315049
v 0.00711638 0.00627418 0.03108582
v 0.00748521 0.00590155 0.03132875
v 0.00738852 0.00635883 0.02926203
v 0.00777911 0.00597287 0.02947837
v 0.00758885 0.00644347 0.02742688
v 0.00799921 0.00604419 0.02761632
v 0.00834846 0.00618683 0.02388185
v 0.00875277 0.00568792 0.02403252
v 0.00283102 0.00585096 0.03878464
v 0.00205680 0.00580864 0.03919151
v 0.00124886 0.00576632 0.03950951
v 0.00172268 0.00343835 0.04134718
v 0.00101496 0.00343835 0.04149613
v -0.00027414 0.00343835 0.04168129
v -0.00161829 0.00343835 0.04180801
v 0.00600626 0.00343836 0.03881371
v 0.00649327 0.00343836 0.03819522
v 0.00662341 0.00343836 0.03801113
v 0.00745850 0.00343836 0.03659259
v 0.00762375 0.00343836 0.03625204
v 0.00826767 0.00343836 0.03462633
v 0.00835192 0.00343836 0.03436352
v 0.00885096 0.00343836 0.03240082
v 0.00919633 0.00343836 0.03040518
v 0.00937827 0.00343836 0.02904746
v 0.01059393 0.00007581 0.01648252
v 0.01054887 0.00180577 0.01648027
v 0.01038134 0.00189043 0.02034293
v 0.00141254 0.00250000 0.04174359
v 0.00144963 0.00192092 0.04186286
v 0.00179055 0.00183459 0.04180260
v -0.00149927 0.00151913 0.04229517
v -0.00149394 0.00041361 0.04238296
v 0.00372852 0.00268070 0.04092081
v 0.00276390 0.00267925 0.04132436
v 0.00176494 0.00267713 0.04161619
v 0.00075186 0.00267497 0.04181586
v -0.00026599 0.00267297 0.04195105
v 0.00463309 0.00268074 0.04039109
v 0.00545366 0.00267995 0.03973834
v 0.00617618 0.00267953 0.03898458
v 0.00680247 0.00267977 0.03815655
v 0.00734304 0.00268047 0.03727590
v 0.00780740 0.00268148 0.03635596
v 0.00820254 0.00268277 0.03540687
v 0.00853177 0.00268442 0.03443472
v 0.00902242 0.00268834 0.03244910
v 0.00935687 0.00269269 0.03043949
v 0.00960733 0.00269738 0.02842258
v 0.01001144 0.00270699 0.02438414
v 0.01029801 0.00271443 0.02033567
v 0.01045735 0.00271674 0.01647568
v 0.01009888 0.00187981 0.02439681
v 0.00970353 0.00186591 0.02844147
v 0.00945979 0.00185896 0.03046384
v 0.00913266 0.00185242 0.03248285
v 0.00864829 0.00184651 0.03448406
v 0.00832165 0.00184407 0.03546685
v 0.00792921 0.00184224 0.03642841
v 0.00746718 0.00184099 0.03736316
v 0.00692672 0.00184026 0.03826110
v 0.00629568 0.00184001 0.03910860
v 0.00556150 0.00184035 0.03988294
v 0.00472275 0.00184091 0.04055454
v 0.00379613 0.00184026 0.04109766
v 0.00280898 0.00183780 0.04150815
v -0.00000527 0.00250000 0.04196770
v -0.00149367 0.00250000 0.04211062
v 0.00799699 0.00093991 0.03647029
v 0.00838714 0.00094118 0.03550136
v 0.00871188 0.00094292 0.03451245
v 0.00919243 0.00094714 0.03250244
v 0.00562419 0.00093868 0.03996894
v 0.00636525 0.00093852 0.03918242
v 0.00699833 0.00093867 0.03832291
v 0.00753749 0.00093910 0.03741418
v 0.00147539 0.00099001 0.04197772
v 0.00180370 0.00093413 0.04190993
v 0.00283361 0.00093642 0.04161468
v 0.00383421 0.00093826 0.04120108
v 0.00477426 0.00093890 0.04065102
v 0.00400000 -0.00600000 -0.00000000
v 0.00000000 -0.00600000 -0.00399999
v 0.00000000 -0.00600000 0.00400001
v 0.00000000 -0.00600000 -0.00000000
v -0.00400000 -0.00600000 -0.00000000
v -0.00300000 0.00605000 0.01350000
v -0.00137760 0.00250000 0.04165481
v -0.00137760 -0.00250000 0.04165481
v 0.00118841 -0.00250000 0.04133303
v 0.00118841 0.00250000 0.04133303
v 0.00057706 -0.00250000 0.04086374
v 0.00057706 0.00250000 0.04086374
v -0.00018664 -0.00250000 0.04075995
v -0.00018664 0.00250000 0.04075995
v -0.00090105 -0.00250000 0.04104909
v -0.00090105 0.00250000 0.04104909
v 0.00560000 0.00050044 0.03646153
v 0.00560000 -0.00050044 0.03646153
v 0.00557541 0.00050044 0.03677417
v 0.00557541 -0.00050044 0.03677417
v 0.00542234 0.00050044 0.03728560
v 0.00542234 -0.00050044 0.03728560
v 0.00560000 -0.00000000 0.03146154
v 0.00560000 -0.00116800 0.03638633
v 0.00560000 -0.00084609 0.03137103
v 0.00560000 -0.00180209 0.03616445
v 0.00560000 -0.00237091 0.03580703
v 0.00560000 -0.00165389 0.03110359
v 0.00560000 -0.00238685 0.03067136
v 0.00560000 -0.00350044 0.03346154
v 0.00560000 -0.00301179 0.03009385
v 0.00560000 -0.00350044 0.02939723
v 0.00560000 0.00350044 0.02939723
v 0.00560000 0.00301179 0.03009385
v 0.00560000 0.00350044 0.03346154
v 0.00560000 0.00238685 0.03067136
v 0.00560000 0.00342522 0.03412910
v 0.00560000 0.00165389 0.03110359
v 0.00560000 0.00320334 0.03476319
v 0.00560000 0.00284593 0.03533201
v 0.00560000 0.00084609 0.03137103
v 0.00560000 0.00237091 0.03580703
v 0.00560000 0.00116800 0.03638633
v 0.00560000 0.00180209 0.03616445
v 0.00560000 -0.00342522 0.03412910
v 0.00560000 -0.00320335 0.03476319
v 0.00560000 -0.00284594 0.03533201
v 0.00560000 -0.00238685 0.02425171
v 0.00560000 -0.00350044 0.01587416
v 0.00560000 -0.00301179 0.02482921
v 0.00560000 -0.00350044 0.02552584
v 0.00560000 0.00165389 0.02381947
v 0.00560000 0.00238685 0.02425171
v 0.00560000 0.00350044 0.01587416
v 0.00560000 0.00301179 0.02482921
v 0.00560000 0.00350044 0.02552584
v 0.00560000 -0.00165389 0.02381947
v 0.00560000 -0.00084609 0.02355204
v 0.00560000 0.00000000 0.01587416
v 0.00560000 -0.00000000 0.02346153
v 0.00560000 0.00084609 0.02355204
v -0.00240000 0.00550044 0.01546158
v -0.00240000 -0.00000000 0.01546155
v 0.00360000 0.00550044 0.01577100
v 0.00386528 0.00548307 0.01578471
v 0.00430884 0.00537064 0.01580758
v 0.00553948 0.00398951 0.01587105
v 0.00537483 0.00442302 0.01586255
v 0.00509680 0.00482702 0.01584822
v 0.00501412 0.00491474 0.01584396
v 0.00472482 0.00515469 0.01582904
v -0.00240000 -0.00550044 0.01546158
v 0.00360000 -0.00550044 0.01577100
v 0.00384603 -0.00548525 0.01578347
v 0.00472673 -0.00515286 0.01582664
v 0.00510157 -0.00482153 0.01584545
v 0.00428019 -0.00538122 0.01580486
v 0.00536613 -0.00443894 0.01585963
v 0.00553511 -0.00400576 0.01586969
v -0.00240000 -0.00550044 0.01710300
v -0.00240000 -0.00505000 0.01699580
v -0.00240000 0.00505000 0.01699580
v -0.00240000 0.00550044 0.01710298
v 0.00360000 0.00550044 0.01710298
v 0.00555262 0.00393317 0.02893983
v 0.00557541 0.00381308 0.03346154
v 0.00540629 0.00435910 0.03346154
v 0.00533256 0.00449956 0.02746434
v 0.00535467 0.00446026 0.02785754
v 0.00507094 0.00485555 0.03346154
v 0.00545621 0.00424508 0.02846239
v 0.00549392 0.00414322 0.02864207
v 0.00555215 0.00393531 0.02598594
v 0.00549739 0.00413292 0.02626444
v 0.00536745 0.00443645 0.02696009
v 0.00535425 0.00446103 0.02706942
v 0.00460000 0.00523249 0.03346154
v 0.00460000 0.00523249 0.01701259
v 0.00395315 0.00546901 0.01708782
v 0.00429224 0.00537682 0.01705071
v 0.00508240 0.00050044 0.03780411
v 0.00507094 0.00050044 0.03781664
v 0.00507094 0.00146954 0.03770745
v 0.00460000 0.00050044 0.03819358
v 0.00460000 0.00155342 0.03807494
v 0.00507094 0.00239005 0.03738536
v 0.00460000 0.00255360 0.03772497
v 0.00507094 0.00321580 0.03686650
v 0.00460000 0.00345082 0.03716120
v 0.00507094 0.00390540 0.03617691
v 0.00460000 0.00420010 0.03641193
v 0.00507094 0.00442426 0.03535114
v 0.00460000 0.00476387 0.03551470
v 0.00507094 0.00474636 0.03443064
v 0.00460000 0.00511385 0.03451452
v 0.00540629 0.00135907 0.03722346
v 0.00540629 0.00050044 0.03732020
v 0.00540629 0.00217465 0.03693807
v 0.00540629 0.00290628 0.03647836
v 0.00540629 0.00351727 0.03586738
v 0.00540629 0.00397698 0.03513575
v 0.00540629 0.00426236 0.03432018
v 0.00557541 0.00123757 0.03669113
v 0.00557541 0.00373003 0.03419867
v 0.00557541 0.00348503 0.03489883
v 0.00557541 0.00309037 0.03552693
v 0.00557541 0.00256584 0.03605147
v 0.00557541 0.00193774 0.03644612
v 0.00550938 0.00269860 0.02510294
v 0.00550938 0.00213864 0.02458550
v 0.00550938 0.00148190 0.02419820
v 0.00550938 0.00075811 0.02395859
v 0.00525504 -0.00000000 0.02421713
v 0.00550938 -0.00000000 0.02387748
v 0.00525504 0.00283921 0.02589150
v 0.00543699 0.00302157 0.02579064
v 0.00550938 0.00313643 0.02572714
v 0.00558331 0.00334120 0.02561389
v 0.00525504 0.00244286 0.02532646
v 0.00525504 0.00193597 0.02485804
v 0.00525504 0.00134147 0.02450745
v 0.00525504 0.00068626 0.02429054
v 0.00488843 -0.00000000 0.02441904
v 0.00488843 0.00229084 0.02545933
v 0.00488843 0.00266252 0.02598919
v 0.00496810 0.00268677 0.02597579
v 0.00488843 0.00064356 0.02448788
v 0.00488843 0.00125799 0.02469128
v 0.00488843 0.00181550 0.02502006
v 0.00460000 0.00262533 0.02600977
v 0.00460000 0.00225884 0.02548729
v 0.00460000 0.00179014 0.02505417
v 0.00460000 0.00124042 0.02472998
v 0.00460000 0.00063457 0.02452941
v 0.00460000 -0.00000000 0.02446154
v 0.00558331 0.00334120 0.02930918
v 0.00544699 0.00371768 0.02705623
v 0.00543827 0.00376497 0.02746378
v 0.00546556 0.00403805 0.02746396
v 0.00488843 0.00266252 0.02893387
v 0.00496810 0.00268677 0.02894728
v 0.00498309 0.00288083 0.02857148
v 0.00460000 0.00262533 0.02891330
v 0.00460000 0.00287361 0.02832849
v 0.00496505 0.00301389 0.02819513
v 0.00460000 0.00297725 0.02787846
v 0.00460000 0.00296164 0.02695143
v 0.00460000 0.00300862 0.02741742
v 0.00494205 0.00309100 0.02710163
v 0.00493252 0.00311534 0.02746352
v 0.00516149 0.00324597 0.02709673
v 0.00544896 0.00422788 0.02699190
v 0.00554931 0.00354714 0.02613975
v 0.00551915 0.00381620 0.02658166
v 0.00557271 0.00374904 0.02606168
v 0.00551119 0.00404541 0.02652181
v 0.00548151 0.00398232 0.02702510
v 0.00546631 0.00357563 0.02663812
v 0.00547472 0.00334320 0.02621409
v 0.00533218 0.00349978 0.02746364
v 0.00533751 0.00346210 0.02708120
v 0.00534868 0.00334699 0.02668480
v 0.00517498 0.00315432 0.02671642
v 0.00496488 0.00301464 0.02673062
v 0.00460000 0.00283119 0.02646719
v 0.00498305 0.00288177 0.02635376
v 0.00534874 0.00315422 0.02627796
v 0.00534866 0.00315289 0.02864747
v 0.00517507 0.00315343 0.02820942
v 0.00551169 0.00404368 0.02840459
v 0.00557298 0.00374701 0.02886399
v 0.00525504 0.00283921 0.02903157
v 0.00530711 0.00288164 0.02905504
v 0.00547467 0.00334160 0.02871142
v 0.00550938 0.00313643 0.02919593
v 0.00554939 0.00354530 0.02878585
v 0.00515544 0.00327539 0.02746355
v 0.00516155 0.00324564 0.02782842
v 0.00533756 0.00346167 0.02784404
v 0.00534875 0.00334589 0.02824116
v 0.00544708 0.00371714 0.02786915
v 0.00546645 0.00357428 0.02828798
v 0.00548168 0.00398169 0.02790044
v 0.00551944 0.00381463 0.02834458
v 0.00544924 0.00422718 0.02793382
v 0.00488843 0.00064356 0.03043519
v 0.00488843 -0.00000000 0.03050403
v 0.00525504 -0.00000000 0.03070594
v 0.00488843 0.00229084 0.02946374
v 0.00525504 0.00244286 0.02959661
v 0.00550938 0.00269860 0.02982013
v 0.00550938 0.00213864 0.03033757
v 0.00550938 0.00148190 0.03072487
v 0.00550938 0.00075811 0.03096448
v 0.00525504 0.00193597 0.03006503
v 0.00525504 0.00134147 0.03041561
v 0.00525504 0.00068626 0.03063252
v 0.00550938 -0.00000000 0.03104557
v 0.00488843 0.00181550 0.02990301
v 0.00488843 0.00125799 0.03023179
v 0.00460000 -0.00000000 0.03046153
v 0.00460000 0.00063457 0.03039366
v 0.00460000 0.00124042 0.03019309
v 0.00460000 0.00179014 0.02986890
v 0.00460000 0.00225884 0.02943577
v 0.00360000 -0.00550044 0.01710300
v 0.00460000 -0.00523249 0.01701259
v 0.00460000 -0.00523249 0.03346154
v 0.00507094 -0.00485555 0.03346154
v 0.00535467 -0.00446027 0.02785754
v 0.00533256 -0.00449956 0.02746434
v 0.00429224 -0.00537682 0.01705071
v 0.00395288 -0.00546906 0.01708785
v 0.00535425 -0.00446104 0.02706942
v 0.00536745 -0.00443645 0.02696009
v 0.00555215 -0.00393532 0.02598594
v 0.00549739 -0.00413293 0.02626444
v 0.00557541 -0.00381309 0.03346154
v 0.00555262 -0.00393317 0.02893983
v 0.00540629 -0.00435911 0.03346154
v 0.00549392 -0.00414323 0.02864207
v 0.00545621 -0.00424508 0.02846239
v 0.00508240 -0.00050044 0.03780411
v 0.00540629 -0.00050044 0.03732020
v 0.00540629 -0.00135908 0.03722346
v 0.00557541 -0.00123757 0.03669113
v 0.00557541 -0.00193774 0.03644612
v 0.00557541 -0.00256584 0.03605147
v 0.00557541 -0.00309037 0.03552693
v 0.00557541 -0.00348503 0.03489883
v 0.00557541 -0.00373003 0.03419867
v 0.00540629 -0.00217465 0.03693807
v 0.00540629 -0.00290628 0.03647836
v 0.00540629 -0.00351727 0.03586738
v 0.00540629 -0.00397698 0.03513575
v 0.00540629 -0.00426236 0.03432018
v 0.00507094 -0.00050044 0.03781664
v 0.00507094 -0.00146954 0.03770745
v 0.00507094 -0.00239005 0.03738536
v 0.00507094 -0.00321581 0.03686650
v 0.00507094 -0.00390540 0.03617691
v 0.00507094 -0.00442426 0.03535114
v 0.00507094 -0.00474636 0.03443064
v 0.00460000 -0.00050044 0.03819358
v 0.00460000 -0.00155342 0.03807494
v 0.00460000 -0.00255360 0.03772497
v 0.00460000 -0.00345083 0.03716120
v 0.00460000 -0.00420011 0.03641193
v 0.00460000 -0.00476387 0.03551470
v 0.00460000 -0.00511385 0.03451452
v 0.00558331 -0.00334120 0.02561389
v 0.00550938 -0.00313643 0.02572714
v 0.00550938 -0.00269860 0.02510294
v 0.00543699 -0.00302157 0.02579064
v 0.00525504 -0.00283921 0.02589150
v 0.00525504 -0.00244287 0.02532646
v 0.00488843 -0.00266252 0.02598919
v 0.00460000 -0.00262533 0.02600977
v 0.00488843 -0.00229085 0.02545933
v 0.00460000 -0.00225885 0.02548729
v 0.00488843 -0.00181550 0.02502006
v 0.00460000 -0.00179014 0.02505417
v 0.00488843 -0.00125799 0.02469128
v 0.00460000 -0.00124042 0.02472998
v 0.00488843 -0.00064356 0.02448788
v 0.00460000 -0.00063457 0.02452941
v 0.00525504 -0.00068627 0.02429054
v 0.00525504 -0.00134147 0.02450745
v 0.00525504 -0.00193598 0.02485804
v 0.00496810 -0.00268677 0.02597579
v 0.00550938 -0.00213864 0.02458550
v 0.00550938 -0.00148191 0.02419820
v 0.00550938 -0.00075811 0.02395859
v 0.00558331 -0.00334120 0.02930918
v 0.00496810 -0.00268677 0.02894728
v 0.00525504 -0.00283921 0.02903157
v 0.00525504 -0.00244287 0.02959661
v 0.00488843 -0.00064356 0.03043519
v 0.00460000 -0.00063457 0.03039366
v 0.00488843 -0.00125799 0.03023179
v 0.00460000 -0.00124042 0.03019309
v 0.00488843 -0.00181550 0.02990301
v 0.00460000 -0.00179014 0.02986890
v 0.00488843 -0.00229085 0.02946374
v 0.00460000 -0.00225885 0.02943577
v 0.00488843 -0.00266252 0.02893387
v 0.00460000 -0.00262533 0.02891330
v 0.00525504 -0.00068627 0.03063252
v 0.00525504 -0.00134147 0.03041561
v 0.00525504 -0.00193598 0.03006503
v 0.00550938 -0.00075811 0.03096448
v 0.00550938 -0.00148191 0.03072487
v 0.00550938 -0.00213864 0.03033757
v 0.00550938 -0.00269860 0.02982013
v 0.00530711 -0.00288165 0.02905504
v 0.00550938 -0.00313643 0.02919593
v 0.00534866 -0.00315289 0.02864747
v 0.00498305 -0.00288177 0.02635376
v 0.00547472 -0.00334320 0.02621409
v 0.00554931 -0.00354714 0.02613975
v 0.00551915 -0.00381620 0.02658166
v 0.00544896 -0.00422788 0.02699190
v 0.00460000 -0.00300862 0.02750604
v 0.00493252 -0.00311534 0.02746352
v 0.00496505 -0.00301390 0.02819513
v 0.00460000 -0.00287336 0.02659379
v 0.00494205 -0.00309100 0.02710163
v 0.00460000 -0.00297723 0.02704440
v 0.00496488 -0.00301464 0.02673062
v 0.00498309 -0.00288083 0.02857148
v 0.00460000 -0.00283119 0.02845587
v 0.00460000 -0.00296162 0.02797162
v 0.00551119 -0.00404541 0.02652181
v 0.00557271 -0.00374905 0.02606168
v 0.00534874 -0.00315423 0.02627796
v 0.00546631 -0.00357563 0.02663812
v 0.00544699 -0.00371768 0.02705623
v 0.00548151 -0.00398232 0.02702510
v 0.00543827 -0.00376498 0.02746378
v 0.00546556 -0.00403805 0.02746396
v 0.00548168 -0.00398169 0.02790044
v 0.00533751 -0.00346210 0.02708120
v 0.00533218 -0.00349978 0.02746364
v 0.00516149 -0.00324597 0.02709673
v 0.00515544 -0.00327539 0.02746355
v 0.00534868 -0.00334699 0.02668480
v 0.00517498 -0.00315432 0.02671642
v 0.00546645 -0.00357428 0.02828798
v 0.00534875 -0.00334589 0.02824116
v 0.00533756 -0.00346167 0.02784404
v 0.00517507 -0.00315343 0.02820942
v 0.00516155 -0.00324564 0.02782842
v 0.00557298 -0.00374702 0.02886399
v 0.00554939 -0.00354530 0.02878585
v 0.00547467 -0.00334160 0.02871142
v 0.00551944 -0.00381463 0.02834458
v 0.00544708 -0.00371715 0.02786915
v 0.00551169 -0.00404369 0.02840459
v 0.00544924 -0.00422719 0.02793382
v 0.00460000 -0.00505000 0.01699580
v 0.00460000 0.00505000 0.01699580
v -0.00300000 -0.00237554 0.01350000
v -0.00354126 -0.00200000 0.01381250
v -0.00331250 -0.00200000 0.01404127
v -0.00362500 -0.00200000 0.01350000
v -0.00268750 -0.00200000 0.01404127
v -0.00245873 -0.00200000 0.01381250
v -0.00300000 -0.00200000 0.01412500
v -0.00245873 -0.00200000 0.01318750
v -0.00268750 -0.00200000 0.01295873
v -0.00237500 -0.00200000 0.01350000
v -0.00331250 -0.00200000 0.01295873
v -0.00354126 -0.00200000 0.01318750
v -0.00300000 -0.00200000 0.01287500
v -0.00362500 0.00035000 0.01350000
v -0.00354126 0.00035000 0.01381250
v -0.00331250 0.00035000 0.01404127
v -0.00300000 0.00035000 0.01412500
v -0.00268750 0.00035000 0.01404127
v -0.00245873 0.00035000 0.01381250
v -0.00237500 0.00035000 0.01350000
v -0.00245873 0.00035000 0.01318750
v -0.00268750 0.00035000 0.01295873
v -0.00300000 0.00035000 0.01287500
v -0.00331250 0.00035000 0.01295873
v -0.00354126 0.00035000 0.01318750
v -0.00300000 0.00035000 0.01350000
v 0.00300000 -0.00037554 0.01350000
v 0.00245873 -0.00000000 0.01381250
v 0.00268750 -0.00000000 0.01404127
v 0.00237500 -0.00000000 0.01350000
v 0.00331250 -0.00000000 0.01404127
v 0.00354126 -0.00000000 0.01381250
v 0.00300000 -0.00000000 0.01412500
v 0.00354126 -0.00000000 0.01318750
v 0.00331250 -0.00000000 0.01295873
v 0.00362500 -0.00000000 0.01350000
v 0.00268750 -0.00000000 0.01295873
v 0.00245873 -0.00000000 0.01318750
v 0.00300000 -0.00000000 0.01287500
v 0.00237500 0.00035000 0.01350000
v 0.00245873 0.00035000 0.01381250
v 0.00268750 0.00035000 0.01404127
v 0.00300000 0.00035000 0.01412500
v 0.00331250 0.00035000 0.01404127
v 0.00354126 0.00035000 0.01381250
v 0.00362500 0.00035000 0.01350000
v 0.00354126 0.00035000 0.01318750
v 0.00331250 0.00035000 0.01295873
v 0.00300000 0.00035000 0.01287500
v 0.00268750 0.00035000 0.01295873
v 0.00245873 0.00035000 0.01318750
v 0.00300000 0.00035000 0.01350000
v 0.00226388 0.00605000 0.01392500
v 0.00215000 0.00605000 0.01350000
v 0.00215739 0.00739944 0.01361181
v 0.00226388 0.00739944 0.01392500
v 0.00232618 0.00739944 0.01401813
v 0.00257500 0.00605000 0.01423612
v 0.00257500 0.00739944 0.01423612
v 0.00267552 0.00739944 0.01428562
v 0.00300000 0.00605000 0.01435000
v 0.00300000 0.00739944 0.01435000
v 0.00311181 0.00739944 0.01434262
v 0.00342500 0.00605000 0.01423612
v 0.00342500 0.00739944 0.01423612
v 0.00351813 0.00739944 0.01417382
v 0.00373612 0.00605000 0.01392500
v 0.00373612 0.00739944 0.01392500
v 0.00378563 0.00739944 0.01382448
v 0.00385000 0.00605000 0.01350000
v 0.00385000 0.00739944 0.01350000
v 0.00384261 0.00739944 0.01338820
v 0.00373612 0.00605000 0.01307499
v 0.00373612 0.00739944 0.01307499
v 0.00367382 0.00739944 0.01298186
v 0.00342500 0.00605000 0.01276387
v 0.00342500 0.00739944 0.01276387
v 0.00332448 0.00739944 0.01271437
v 0.00300000 0.00605000 0.01265000
v 0.00300000 0.00739944 0.01265000
v 0.00288819 0.00739944 0.01265739
v 0.00257500 0.00605000 0.01276387
v 0.00257500 0.00739944 0.01276387
v 0.00248187 0.00739944 0.01282617
v 0.00226388 0.00605000 0.01307499
v 0.00226388 0.00739944 0.01307499
v 0.00221437 0.00739944 0.01317552
v 0.00215000 0.00739944 0.01350000
v 0.00220695 0.00726716 0.01360524
v 0.00236581 0.00726716 0.01398766
v 0.00235558 0.00733787 0.01399553
v 0.00219415 0.00733787 0.01360693
v 0.00226058 0.00726716 0.01319460
v 0.00224865 0.00733787 0.01318967
v 0.00251234 0.00726716 0.01286581
v 0.00250447 0.00733787 0.01285557
v 0.00289477 0.00726716 0.01270695
v 0.00289307 0.00733787 0.01269415
v 0.00330539 0.00726716 0.01276058
v 0.00331032 0.00733787 0.01274864
v 0.00363418 0.00726716 0.01301235
v 0.00364443 0.00733787 0.01300447
v 0.00379305 0.00726716 0.01339477
v 0.00380585 0.00733787 0.01339307
v 0.00373942 0.00726716 0.01380539
v 0.00375135 0.00733787 0.01381032
v 0.00348765 0.00726716 0.01413418
v 0.00349553 0.00733787 0.01414442
v 0.00310523 0.00726716 0.01429304
v 0.00310693 0.00733787 0.01430586
v 0.00269461 0.00726716 0.01423941
v 0.00268967 0.00733787 0.01425135
v 0.00300000 0.00605000 0.01430000
v 0.00310523 0.00605000 0.01429304
v 0.00348765 0.00605000 0.01413418
v 0.00373942 0.00605000 0.01380539
v 0.00379305 0.00605000 0.01339477
v 0.00363418 0.00605000 0.01301235
v 0.00330539 0.00605000 0.01276058
v 0.00289477 0.00605000 0.01270695
v 0.00251234 0.00605000 0.01286581
v 0.00226058 0.00605000 0.01319460
v 0.00220695 0.00605000 0.01360524
v 0.00236581 0.00605000 0.01398766
v 0.00269461 0.00605000 0.01423941
f 1 2 3
f 3 2 4
f 5 6 7
f 7 6 8
f 7 8 9
f 9 8 10
f 9 10 11
f 11 10 12
f 11 12 13
f 13 12 14
f 13 14 15
f 15 14 16
f 15 16 17
f 17 16 18
f 17 18 19
f 19 18 20
f 19 20 21
f 21 20 22
f 21 22 23
f 23 22 24
f 23 24 25
f 25 24 26
f 25 26 27
f 27 26 28
f 27 28 29
f 29 28 5
f 29 5 7
f 30 31 32
f 32 31 33
f 32 33 34
f 34 33 35
f 34 35 36
f 36 35 37
f 36 37 38
f 38 37 39
f 38 39 40
f 40 39 41
f 40 41 42
f 42 41 43
f 42 43 44
f 44 43 45
f 44 45 46
f 46 45 47
f 46 47 48
f 48 47 49
f 48 49 50
f 50 49 51
f 50 51 52
f 52 51 53
f 52 53 30
f 30 53 31
f 54 55 56
f 54 56 57
f 58 59 54
f 54 59 60
f 54 60 55
f 61 62 63
f 63 62 64
f 63 64 65
f 65 64 66
f 65 66 58
f 58 66 67
f 58 67 59
f 61 63 68
f 68 63 69
f 68 69 70
f 71 72 69
f 69 72 73
f 69 73 70
f 74 75 76
f 76 75 77
f 76 77 71
f 71 77 78
f 71 78 72
f 79 80 76
f 76 80 81
f 76 81 74
f 82 83 84
f 84 83 85
f 84 85 79
f 79 85 86
f 79 86 80
f 82 84 87
f 87 84 88
f 87 88 89
f 90 91 92
f 92 91 93
f 92 93 88
f 88 93 94
f 88 94 89
f 90 92 95
f 95 92 96
f 95 96 97
f 56 98 57
f 57 98 99
f 57 99 96
f 96 99 100
f 96 100 97
f 101 102 103
f 103 102 104
f 103 104 105
f 105 104 106
f 105 106 107
f 107 106 108
f 107 108 109
f 109 108 110
f 109 110 111
f 111 110 112
f 111 112 113
f 113 112 114
f 113 114 115
f 115 114 116
f 115 116 117
f 117 116 118
f 117 118 119
f 119 118 120
f 119 120 121
f 121 120 122
f 121 122 123
f 123 122 124
f 123 124 101
f 101 124 102
f 125 126 127
f 127 126 128
f 127 128 129
f 129 128 130
f 129 130 131
f 131 130 132
f 131 132 133
f 133 132 134
f 133 134 135
f 135 134 136
f 135 136 137
f 137 136 138
f 137 138 139
f 139 138 140
f 139 140 141
f 141 140 142
f 141 142 143
f 143 142 144
f 143 144 145
f 145 144 146
f 145 146 147
f 147 146 148
f 147 148 125
f 125 148 126
f 149 150 151
f 151 150 152
f 151 152 153
f 153 152 154
f 153 154 155
f 155 154 156
f 155 156 157
f 157 156 158
f 157 158 159
f 159 158 160
f 159 160 161
f 161 160 162
f 161 162 163
f 163 162 164
f 163 164 165
f 165 164 166
f 165 166 167
f 167 166 168
f 167 168 169
f 169 168 170
f 169 170 171
f 171 170 172
f 171 172 149
f 149 172 150
f 173 174 175
f 176 177 178
f 175 174 179
f 179 174 180
f 179 180 181
f 180 182 181
f 181 182 183
f 181 183 184
f 175 185 173
f 173 185 186
f 173 186 187
f 187 186 188
f 187 188 189
f 189 188 190
f 189 190 191
f 191 190 192
f 191 192 193
f 193 192 194
f 193 194 195
f 194 196 195
f 195 196 197
f 195 197 178
f 178 197 198
f 178 198 176
f 199 200 201
f 201 200 202
f 201 202 203
f 183 204 184
f 184 204 205
f 184 205 206
f 206 205 207
f 206 207 199
f 199 207 208
f 199 208 200
f 209 210 211
f 212 213 214
f 214 213 215
f 214 215 211
f 211 215 216
f 211 216 209
f 217 218 214
f 214 218 219
f 214 219 212
f 220 221 222
f 223 224 225
f 225 224 226
f 225 226 221
f 221 226 227
f 221 227 222
f 223 225 228
f 228 225 229
f 228 229 230
f 230 229 231
f 230 231 232
f 233 234 235
f 235 234 236
f 235 236 237
f 237 236 238
f 238 236 239
f 238 239 240
f 240 239 241
f 241 239 242
f 241 242 243
f 244 245 246
f 247 248 249
f 246 245 250
f 250 245 251
f 250 251 252
f 248 247 251
f 251 247 253
f 251 253 252
f 254 255 256
f 256 255 257
f 258 259 260
f 261 262 263
f 263 262 258
f 263 258 264
f 264 258 260
f 255 254 265
f 265 254 266
f 265 266 267
f 267 266 268
f 267 268 269
f 269 268 270
f 269 270 271
f 271 270 272
f 273 274 275
f 276 277 278
f 274 279 275
f 275 279 280
f 275 280 278
f 278 280 281
f 278 281 276
f 222 227 277
f 277 227 226
f 277 226 224
f 224 223 277
f 277 223 228
f 277 228 278
f 278 228 230
f 278 230 232
f 209 216 282
f 282 216 283
f 215 213 284
f 213 212 284
f 284 212 219
f 284 219 218
f 285 286 287
f 287 286 288
f 287 288 289
f 216 215 283
f 283 215 284
f 283 284 290
f 290 284 287
f 290 287 291
f 291 287 289
f 292 293 294
f 294 293 286
f 294 286 295
f 295 286 285
f 292 296 293
f 293 296 297
f 293 297 298
f 298 297 299
f 298 299 300
f 300 299 301
f 300 301 302
f 302 301 303
f 302 303 304
f 304 303 305
f 304 305 306
f 306 305 307
f 306 307 308
f 308 307 309
f 308 309 310
f 310 309 311
f 310 311 312
f 312 311 313
f 312 313 275
f 275 313 314
f 275 314 273
f 315 316 317
f 318 319 320
f 320 319 321
f 321 319 322
f 321 322 323
f 324 259 325
f 325 259 258
f 325 258 326
f 318 320 327
f 327 320 328
f 327 328 329
f 317 321 315
f 315 321 323
f 315 323 258
f 258 323 330
f 258 330 326
f 331 321 332
f 332 321 317
f 332 317 333
f 333 317 334
f 333 334 335
f 336 337 338
f 337 339 340
f 336 338 341
f 341 338 342
f 341 342 343
f 343 342 344
f 343 344 335
f 335 344 345
f 335 345 346
f 347 338 348
f 348 338 337
f 348 337 349
f 349 337 340
f 350 351 352
f 347 348 353
f 353 348 350
f 353 350 354
f 354 350 352
f 354 352 355
f 355 352 356
f 355 356 357
f 357 356 358
f 357 358 359
f 359 358 360
f 359 360 361
f 361 360 362
f 361 362 363
f 363 362 364
f 363 364 365
f 364 366 365
f 365 366 367
f 365 367 368
f 368 367 369
f 368 369 370
f 370 369 371
f 370 371 372
f 372 371 373
f 372 373 374
f 374 373 375
f 374 375 376
f 376 375 377
f 376 377 378
f 378 377 379
f 378 379 380
f 380 379 381
f 380 381 382
f 382 381 333
f 382 333 383
f 383 333 335
f 383 335 384
f 384 335 346
f 385 386 387
f 388 389 390
f 391 392 393
f 394 395 389
f 389 395 396
f 389 396 397
f 184 206 389
f 389 206 386
f 389 386 398
f 399 184 400
f 400 184 389
f 400 389 401
f 401 389 397
f 394 389 393
f 393 389 402
f 393 402 391
f 390 403 388
f 388 403 404
f 388 404 389
f 389 404 405
f 389 405 402
f 406 252 407
f 407 252 253
f 407 253 247
f 406 407 387
f 387 407 408
f 387 408 385
f 406 409 252
f 252 409 410
f 252 410 250
f 250 410 246
f 411 199 412
f 412 199 201
f 412 201 413
f 411 414 199
f 199 414 415
f 199 415 416
f 416 417 199
f 199 417 418
f 199 418 206
f 206 418 419
f 206 419 386
f 386 419 420
f 386 420 387
f 237 238 421
f 233 235 422
f 422 235 237
f 238 240 421
f 421 240 241
f 421 241 243
f 237 421 422
f 422 421 423
f 422 423 424
f 425 201 426
f 426 201 422
f 426 422 427
f 427 422 424
f 425 428 201
f 201 428 429
f 201 429 430
f 430 431 201
f 201 431 432
f 201 432 413
f 399 433 184
f 184 433 434
f 184 434 435
f 436 181 437
f 437 181 184
f 437 184 438
f 438 184 435
f 436 439 181
f 181 439 440
f 181 440 179
f 440 441 179
f 179 441 442
f 179 442 175
f 175 442 443
f 175 443 185
f 185 443 444
f 185 444 186
f 186 444 445
f 186 445 188
f 188 445 446
f 188 446 190
f 190 446 192
f 446 447 192
f 192 447 448
f 192 448 194
f 194 448 449
f 194 449 196
f 196 449 450
f 196 450 197
f 197 450 451
f 197 451 198
f 451 452 198
f 198 452 453
f 198 453 176
f 454 455 456
f 457 458 459
f 460 461 462
f 463 464 465
f 463 465 461
f 461 465 466
f 461 466 462
f 467 468 469
f 469 468 470
f 469 470 471
f 464 472 465
f 465 472 473
f 465 473 474
f 473 475 474
f 474 475 476
f 474 476 477
f 471 478 469
f 469 478 479
f 469 479 477
f 477 479 480
f 477 480 474
f 481 482 462
f 462 482 483
f 462 483 484
f 484 485 462
f 462 485 486
f 462 486 460
f 487 488 489
f 458 490 489
f 489 490 491
f 489 491 492
f 487 489 493
f 492 494 489
f 489 494 495
f 489 495 493
f 496 497 498
f 488 499 489
f 489 499 500
f 489 500 498
f 498 500 501
f 501 502 498
f 498 502 503
f 498 503 504
f 504 505 498
f 498 505 506
f 498 506 496
f 462 507 481
f 481 507 508
f 481 508 509
f 509 508 510
f 509 510 511
f 511 510 512
f 511 512 497
f 497 512 513
f 497 513 498
f 489 514 458
f 458 514 515
f 458 515 516
f 516 517 458
f 458 517 518
f 458 518 519
f 519 520 458
f 458 520 521
f 458 521 522
f 521 523 522
f 522 523 524
f 522 524 525
f 525 526 522
f 522 526 527
f 522 527 528
f 529 530 531
f 531 530 522
f 531 522 532
f 532 522 528
f 456 455 522
f 455 533 522
f 522 533 534
f 522 534 535
f 469 536 467
f 467 536 537
f 467 537 538
f 459 458 539
f 535 540 522
f 522 540 541
f 522 541 458
f 458 541 542
f 458 542 539
f 538 543 467
f 467 543 544
f 467 544 459
f 459 544 545
f 459 545 457
f 546 547 456
f 456 547 548
f 456 548 454
f 549 550 551
f 551 550 552
f 551 552 456
f 456 552 553
f 456 553 546
f 554 555 556
f 556 555 557
f 556 557 558
f 559 560 561
f 561 560 562
f 561 562 563
f 563 562 564
f 564 562 565
f 565 562 566
f 565 566 567
f 567 566 568
f 567 568 569
f 569 570 567
f 567 570 571
f 567 571 572
f 573 574 575
f 575 574 576
f 575 576 577
f 577 578 575
f 575 578 579
f 575 579 580
f 580 581 575
f 575 581 582
f 575 582 551
f 551 582 583
f 551 583 549
f 474 584 585
f 559 554 560
f 560 554 556
f 560 556 474
f 474 556 586
f 474 586 584
f 584 586 587
f 584 587 585
f 588 465 589
f 589 465 474
f 589 474 590
f 590 474 585
f 453 591 176
f 176 591 592
f 592 591 593
f 593 591 594
f 593 594 595
f 594 596 595
f 595 596 597
f 595 597 598
f 598 597 599
f 598 599 600
f 600 599 601
f 600 601 602
f 602 601 603
f 602 603 604
f 603 605 604
f 604 605 606
f 604 606 607
f 607 606 608
f 607 608 609
f 608 610 609
f 609 610 611
f 609 611 612
f 612 611 613
f 612 613 614
f 613 615 614
f 614 615 616
f 614 616 617
f 617 616 618
f 572 573 567
f 567 573 575
f 567 575 619
f 619 575 620
f 618 621 617
f 617 621 622
f 617 622 623
f 623 622 624
f 623 624 575
f 575 624 625
f 575 625 620
f 626 627 628
f 628 627 629
f 630 631 627
f 627 631 632
f 627 632 629
f 629 632 633
f 629 633 634
f 635 636 637
f 632 638 633
f 633 638 635
f 633 635 639
f 639 635 637
f 630 640 631
f 631 640 641
f 631 641 642
f 642 643 631
f 631 643 644
f 631 644 645
f 645 646 631
f 631 646 647
f 631 647 648
f 648 647 649
f 259 324 638
f 638 632 650
f 259 638 260
f 260 638 650
f 260 650 651
f 635 638 325
f 325 638 324
f 652 609 653
f 653 609 612
f 653 612 654
f 654 612 614
f 654 614 655
f 655 614 617
f 656 595 657
f 657 595 598
f 657 598 658
f 658 598 600
f 658 600 659
f 659 600 602
f 659 602 660
f 660 602 604
f 660 604 652
f 652 604 607
f 652 607 609
f 177 176 661
f 661 176 592
f 661 592 656
f 656 592 593
f 656 593 595
f 575 551 662
f 662 663 575
f 575 663 664
f 575 664 623
f 623 664 665
f 623 665 617
f 617 665 666
f 617 666 655
f 551 456 662
f 662 456 522
f 662 522 667
f 667 522 530
f 667 530 668
f 332 333 669
f 669 333 670
f 327 329 628
f 628 329 626
f 671 672 673
f 673 672 674
f 673 674 675
f 675 674 676
f 675 676 677
f 676 678 677
f 677 678 679
f 677 679 680
f 679 681 680
f 680 681 682
f 680 682 683
f 682 684 683
f 683 684 685
f 683 685 686
f 685 687 686
f 686 687 688
f 686 688 689
f 688 690 689
f 689 690 691
f 689 691 692
f 692 691 693
f 692 693 694
f 694 693 695
f 694 695 696
f 695 697 696
f 696 697 698
f 696 698 699
f 698 700 699
f 699 700 701
f 699 701 702
f 702 701 703
f 702 703 704
f 704 703 705
f 704 705 706
f 706 705 707
f 705 708 707
f 707 708 709
f 707 709 671
f 671 709 710
f 671 710 672
f 711 712 713
f 713 712 714
f 713 714 715
f 715 714 716
f 715 716 717
f 717 716 718
f 717 718 719
f 719 718 720
f 719 720 721
f 721 720 722
f 721 722 723
f 723 722 724
f 723 724 725
f 725 724 726
f 725 726 727
f 727 726 728
f 727 728 729
f 729 728 730
f 729 730 731
f 731 730 732
f 731 732 733
f 733 732 734
f 733 734 711
f 711 734 712
f 735 736 737
f 737 736 738
f 737 738 739
f 739 738 740
f 739 740 741
f 741 740 742
f 741 742 743
f 743 742 744
f 743 744 745
f 745 744 746
f 745 746 747
f 747 746 748
f 747 748 749
f 749 748 750
f 749 750 751
f 751 750 752
f 751 752 753
f 753 752 754
f 753 754 755
f 755 754 756
f 755 756 757
f 757 756 758
f 757 758 735
f 735 758 736
f 759 760 761
f 761 760 762
f 761 762 763
f 763 762 764
f 763 764 765
f 765 764 766
f 765 766 767
f 767 766 768
f 767 768 769
f 769 768 770
f 769 770 771
f 771 770 772
f 771 772 773
f 773 772 774
f 773 774 775
f 775 774 776
f 775 776 777
f 777 776 778
f 777 778 779
f 779 778 780
f 779 780 781
f 781 780 782
f 781 782 759
f 759 782 760
f 783 784 785
f 785 784 786
f 785 786 787
f 787 786 788
f 787 788 789
f 789 788 790
f 789 790 791
f 791 790 792
f 791 792 793
f 793 792 794
f 793 794 795
f 795 794 796
f 795 796 797
f 797 796 798
f 797 798 799
f 799 798 800
f 799 800 801
f 801 800 802
f 801 802 803
f 803 802 804
f 803 804 805
f 805 804 806
f 805 806 783
f 783 806 784
f 807 808 809
f 809 808 810
f 810 808 811
f 811 808 812
f 811 812 813
f 813 812 814
f 813 814 815
f 815 814 816
f 815 816 817
f 816 818 817
f 817 818 819
f 817 819 820
f 821 822 823
f 824 817 825
f 825 817 820
f 825 820 823
f 823 820 826
f 823 826 821
f 822 827 823
f 823 827 828
f 823 828 201
f 201 828 829
f 201 829 830
f 830 831 201
f 201 831 832
f 201 832 422
f 275 278 833
f 833 834 275
f 275 834 835
f 275 835 836
f 836 835 837
f 836 837 838
f 807 839 808
f 808 839 840
f 808 840 841
f 841 840 842
f 838 837 843
f 843 837 844
f 843 844 845
f 845 844 846
f 845 846 840
f 840 846 847
f 840 847 842
f 848 825 849
f 849 825 823
f 849 823 850
f 850 823 201
f 851 852 201
f 201 852 853
f 201 853 850
f 850 853 854
f 850 854 849
f 849 854 855
f 849 855 848
f 856 857 373
f 381 858 859
f 381 859 333
f 333 859 860
f 333 860 670
f 379 861 862
f 379 862 381
f 381 862 863
f 381 863 858
f 861 379 864
f 864 379 377
f 864 377 865
f 865 377 866
f 866 377 375
f 866 375 867
f 857 868 373
f 373 868 869
f 373 869 375
f 375 869 870
f 375 870 867
f 856 373 871
f 871 373 371
f 871 371 872
f 873 874 369
f 369 874 875
f 369 875 371
f 371 875 876
f 371 876 872
f 366 877 367
f 367 877 878
f 367 878 879
f 879 880 367
f 367 880 881
f 367 881 369
f 369 881 882
f 369 882 873
f 883 884 364
f 364 884 885
f 364 885 366
f 366 885 886
f 366 886 877
f 883 364 887
f 887 364 362
f 887 362 888
f 888 362 889
f 889 362 360
f 889 360 890
f 209 282 891
f 891 282 283
f 891 283 892
f 893 249 894
f 894 249 895
f 894 895 891
f 891 895 210
f 891 210 209
f 896 407 893
f 893 407 247
f 893 247 249
f 386 896 398
f 398 896 897
f 386 385 896
f 896 385 408
f 896 408 407
f 283 290 892
f 892 290 291
f 892 291 289
f 289 288 892
f 892 288 286
f 892 286 898
f 898 286 899
f 898 899 900
f 900 899 901
f 900 901 902
f 902 901 903
f 902 903 904
f 904 903 905
f 904 905 906
f 906 905 907
f 906 907 908
f 908 907 909
f 908 909 897
f 897 909 910
f 897 910 398
f 409 911 410
f 410 911 912
f 410 912 246
f 246 912 244
f 244 912 913
f 913 912 914
f 913 914 242
f 242 914 915
f 242 915 243
f 243 915 421
f 421 915 916
f 421 916 423
f 917 427 916
f 916 427 424
f 916 424 423
f 429 428 918
f 918 428 425
f 918 425 917
f 917 425 426
f 917 426 427
f 429 918 430
f 430 918 919
f 430 919 431
f 920 413 919
f 919 413 432
f 919 432 431
f 415 414 921
f 921 414 411
f 921 411 920
f 920 411 412
f 920 412 413
f 415 921 416
f 416 921 922
f 416 922 417
f 923 419 922
f 922 419 418
f 922 418 417
f 409 406 911
f 911 406 387
f 911 387 923
f 923 387 420
f 923 420 419
f 822 821 924
f 278 925 833
f 833 925 926
f 833 926 834
f 834 926 835
f 835 926 927
f 835 927 837
f 842 847 928
f 928 847 846
f 928 846 927
f 927 846 844
f 927 844 837
f 929 808 928
f 928 808 841
f 928 841 842
f 930 814 929
f 929 814 812
f 929 812 808
f 931 818 930
f 930 818 816
f 930 816 814
f 821 826 924
f 924 826 820
f 924 820 931
f 931 820 819
f 931 819 818
f 822 924 827
f 827 924 932
f 827 932 828
f 933 830 932
f 932 830 829
f 932 829 828
f 233 422 934
f 934 422 832
f 934 832 933
f 933 832 831
f 933 831 830
f 278 232 925
f 925 232 231
f 925 231 935
f 935 231 936
f 935 936 934
f 934 936 234
f 934 234 233
f 220 222 937
f 937 222 277
f 937 277 938
f 220 937 939
f 939 937 940
f 939 940 217
f 217 940 941
f 217 941 218
f 218 941 284
f 284 941 942
f 284 942 287
f 943 295 942
f 942 295 285
f 942 285 287
f 297 296 944
f 944 296 292
f 944 292 943
f 943 292 294
f 943 294 295
f 297 944 299
f 299 944 945
f 299 945 301
f 946 305 945
f 945 305 303
f 945 303 301
f 313 311 947
f 947 311 309
f 947 309 946
f 946 309 307
f 946 307 305
f 313 947 314
f 314 947 948
f 314 948 273
f 273 948 274
f 274 948 949
f 274 949 279
f 277 276 938
f 938 276 281
f 938 281 949
f 949 281 280
f 949 280 279
f 950 765 951
f 951 765 767
f 951 767 952
f 952 767 953
f 953 767 769
f 953 769 954
f 954 769 771
f 954 771 955
f 955 771 773
f 955 773 775
f 686 779 683
f 683 779 781
f 683 781 759
f 735 737 956
f 956 737 739
f 956 739 957
f 957 739 741
f 957 741 958
f 958 741 743
f 958 743 950
f 749 751 761
f 761 751 753
f 761 753 755
f 743 745 950
f 950 745 747
f 950 747 765
f 765 747 749
f 765 749 763
f 763 749 761
f 757 675 677
f 757 677 755
f 759 761 683
f 683 761 755
f 683 755 680
f 680 755 677
f 694 777 692
f 692 777 779
f 692 779 689
f 689 779 686
f 719 721 675
f 757 735 675
f 675 735 956
f 675 956 719
f 719 956 959
f 719 959 717
f 706 707 725
f 725 707 723
f 723 707 671
f 723 671 721
f 721 671 673
f 721 673 675
f 706 725 960
f 960 725 727
f 960 727 729
f 959 961 717
f 717 961 962
f 717 962 715
f 715 962 963
f 715 963 713
f 713 963 964
f 713 964 711
f 711 964 965
f 711 965 733
f 733 965 966
f 733 966 731
f 731 966 729
f 791 793 955
f 783 785 960
f 960 785 787
f 955 793 967
f 967 793 795
f 967 795 968
f 968 795 969
f 969 795 797
f 969 797 970
f 775 777 955
f 955 777 694
f 955 694 791
f 791 694 696
f 791 696 789
f 789 696 699
f 789 699 787
f 787 699 702
f 787 702 960
f 960 702 704
f 960 704 706
f 970 797 971
f 971 797 799
f 971 799 972
f 972 799 801
f 972 801 973
f 973 801 803
f 973 803 805
f 729 966 960
f 960 966 974
f 960 974 975
f 805 783 973
f 973 783 960
f 973 960 976
f 976 960 975
f 338 956 342
f 342 956 957
f 342 957 344
f 344 957 958
f 344 958 345
f 345 958 950
f 345 950 346
f 346 950 951
f 346 951 384
f 384 951 952
f 384 952 383
f 383 952 953
f 383 953 382
f 382 953 954
f 382 954 380
f 954 955 380
f 380 955 967
f 380 967 378
f 378 967 968
f 378 968 376
f 376 968 969
f 376 969 374
f 374 969 970
f 374 970 372
f 372 970 971
f 372 971 370
f 370 971 972
f 370 972 368
f 368 972 973
f 368 973 365
f 365 973 976
f 365 976 363
f 363 976 975
f 363 975 361
f 361 975 974
f 361 974 359
f 359 974 966
f 359 966 357
f 357 966 965
f 357 965 355
f 355 965 964
f 355 964 354
f 354 964 963
f 354 963 353
f 353 963 962
f 353 962 347
f 347 962 961
f 347 961 338
f 338 961 959
f 338 959 956
f 669 670 977
f 977 670 978
f 977 978 979
f 979 978 980
f 979 980 981
f 981 980 817
f 981 817 824
f 320 321 331
f 331 855 320
f 320 855 854
f 320 854 853
f 201 982 851
f 851 982 320
f 851 320 852
f 852 320 853
f 983 627 626
f 329 328 626
f 626 328 984
f 626 984 983
f 983 984 985
f 986 987 650
f 650 987 651
f 2 1 988
f 989 2 990
f 990 991 989
f 989 991 992
f 989 992 993
f 993 992 994
f 993 994 995
f 995 994 996
f 995 996 997
f 997 996 998
f 997 998 999
f 999 998 1000
f 999 1000 1001
f 1001 1000 4
f 4 1000 1002
f 4 1002 3
f 3 1002 1003
f 1003 1002 1004
f 1003 1004 1005
f 1005 1004 1006
f 1005 1006 1007
f 2 988 990
f 990 988 1008
f 990 1008 1009
f 1009 1008 987
f 1009 987 986
f 983 985 1006
f 1006 985 1007
f 982 984 320
f 320 984 328
f 1001 4 989
f 989 4 2
f 993 995 997
f 993 997 989
f 989 997 999
f 989 999 1001
f 341 343 1010
f 1010 343 1011
f 848 855 331
f 848 331 825
f 979 981 977
f 977 981 824
f 977 824 669
f 669 824 825
f 669 825 332
f 332 825 331
f 352 351 1012
f 1012 351 1013
f 1014 356 1015
f 1015 356 352
f 1015 352 1016
f 1016 352 1012
f 356 1014 1017
f 356 1017 358
f 890 360 1018
f 1018 360 358
f 1018 358 1019
f 1019 358 1017
f 1020 1021 1022
f 1022 1021 1023
f 1022 1023 275
f 1024 1025 1026
f 1026 1025 1020
f 856 1027 857
f 857 1027 1024
f 857 1024 868
f 868 1024 1026
f 868 1026 1028
f 845 1029 843
f 843 1029 1030
f 843 1030 838
f 838 1030 1022
f 838 1022 836
f 836 1022 275
f 840 1031 845
f 845 1031 1032
f 845 1032 1029
f 840 839 1031
f 1031 839 807
f 1031 807 1033
f 1033 807 809
f 1033 809 1034
f 1034 809 810
f 1034 810 1035
f 1035 810 811
f 1035 811 1036
f 1020 1022 1026
f 1026 1022 1030
f 1026 1030 1028
f 1028 1030 1029
f 1028 1029 1037
f 1037 1029 1032
f 1037 1032 1038
f 1038 1032 1031
f 1038 1031 1039
f 1039 1031 1033
f 1039 1033 1040
f 1040 1033 1034
f 1040 1034 1041
f 1041 1034 1035
f 1041 1035 1042
f 1042 1035 1036
f 1042 1036 1043
f 1043 862 1042
f 1042 862 861
f 1042 861 1041
f 1041 861 864
f 1041 864 1040
f 1040 864 865
f 1040 865 1039
f 1039 865 866
f 1039 866 1038
f 1038 866 867
f 1038 867 1037
f 1037 867 870
f 1037 870 1028
f 1028 870 869
f 1028 869 868
f 859 858 1043
f 1043 858 863
f 1043 863 862
f 813 815 1044
f 1044 815 1045
f 1044 1045 1046
f 1046 1045 1047
f 978 1047 980
f 980 1047 1045
f 980 1045 817
f 817 1045 815
f 811 813 1036
f 1036 813 1044
f 1036 1044 1043
f 1043 1044 1046
f 1043 1046 859
f 859 1046 1047
f 859 1047 860
f 860 1047 978
f 860 978 670
f 1048 1024 1027
f 1049 1020 1025
f 312 275 1023
f 1050 1051 1052
f 881 880 1053
f 872 1048 871
f 871 1048 1027
f 871 1027 856
f 876 1054 872
f 872 1054 1055
f 872 1055 1048
f 876 875 1054
f 1054 875 874
f 1054 874 1056
f 1056 874 873
f 1056 873 1057
f 1057 873 882
f 1057 882 1058
f 1058 882 881
f 1058 881 1059
f 1059 881 1053
f 1059 1053 1051
f 1051 1050 1059
f 1059 1050 1060
f 1059 1060 1058
f 1058 1060 1061
f 1058 1061 1057
f 1057 1061 1062
f 1057 1062 1056
f 1056 1062 1063
f 1056 1063 1054
f 1054 1063 1064
f 1054 1064 1055
f 1055 1064 1049
f 1055 1049 1048
f 1048 1049 1025
f 1048 1025 1024
f 1065 298 1052
f 1052 298 1066
f 1052 1066 1050
f 1050 1066 1067
f 1050 1067 1060
f 1060 1067 1068
f 1060 1068 1061
f 1061 1068 1069
f 1061 1069 1062
f 1062 1069 1070
f 1062 1070 1063
f 1063 1070 1071
f 1063 1071 1064
f 1064 1071 1072
f 1064 1072 1049
f 1049 1072 1021
f 1049 1021 1020
f 298 300 1066
f 1066 300 302
f 1066 302 1067
f 1067 302 304
f 1067 304 1068
f 1068 304 306
f 1068 306 1069
f 1069 306 308
f 1069 308 1070
f 1070 308 310
f 1070 310 1071
f 1071 310 312
f 1071 312 1072
f 1072 312 1023
f 1072 1023 1021
f 631 986 632
f 632 986 650
f 630 1006 1004
f 630 1004 640
f 640 1004 1002
f 640 1002 641
f 641 1002 1000
f 641 1000 642
f 642 1000 998
f 642 998 643
f 643 998 996
f 643 996 644
f 644 996 994
f 644 994 645
f 645 994 992
f 645 992 646
f 646 992 991
f 646 991 647
f 647 991 990
f 647 990 649
f 649 990 1009
f 649 1009 648
f 648 1009 986
f 648 986 631
f 627 983 630
f 630 983 1006
f 639 323 633
f 633 323 322
f 635 325 636
f 636 325 326
f 636 326 637
f 637 326 330
f 637 330 639
f 639 330 323
f 327 628 318
f 318 628 629
f 318 629 319
f 319 629 634
f 319 634 322
f 322 634 633
f 316 315 1073
f 1011 1074 1010
f 1010 1074 1075
f 1076 1077 316
f 1073 1078 316
f 316 1078 257
f 316 257 1076
f 1076 257 255
f 269 271 1076
f 1076 271 1079
f 1076 1079 1011
f 1011 1079 1080
f 1011 1080 1074
f 255 265 1076
f 1076 265 267
f 1076 267 269
f 1079 271 1081
f 1081 271 272
f 256 257 1078
f 261 263 256
f 256 1078 261
f 261 1078 1073
f 261 1073 262
f 262 1073 315
f 262 315 258
f 1079 1081 1082
f 1079 1082 1080
f 1080 1082 1083
f 1080 1083 1074
f 1074 1083 1084
f 1074 1084 1075
f 1011 343 335
f 1011 335 1076
f 1076 335 334
f 1076 334 1077
f 1077 334 317
f 1077 317 316
f 899 286 293
f 1085 389 398
f 398 910 1085
f 1085 910 909
f 1085 909 1086
f 1086 909 907
f 1086 907 1087
f 1087 907 905
f 1088 903 1089
f 1089 903 901
f 293 1090 899
f 899 1090 1091
f 899 1091 901
f 901 1091 1092
f 901 1092 1089
f 1088 1093 903
f 903 1093 1094
f 903 1094 905
f 905 1094 1095
f 905 1095 1087
f 404 403 1085
f 1085 403 390
f 1085 390 389
f 404 1085 405
f 405 1085 1096
f 405 1096 402
f 298 1065 293
f 293 1065 1097
f 293 1097 1098
f 1098 1097 1099
f 1098 1099 1100
f 1100 1099 1101
f 1100 1101 1102
f 1102 1101 879
f 1102 879 878
f 1065 1052 1097
f 1097 1052 1051
f 1097 1051 1099
f 1099 1051 1053
f 1099 1053 1101
f 1101 1053 880
f 1101 880 879
f 1103 1104 1105
f 293 1098 1106
f 293 1106 1090
f 1090 1106 1107
f 1090 1107 1091
f 1091 1107 1108
f 1091 1108 1092
f 1092 1108 1109
f 1092 1109 1089
f 1089 1109 1105
f 1089 1105 1088
f 1088 1105 1104
f 1088 1104 1093
f 1110 1111 1112
f 1112 1111 1103
f 1113 1114 1110
f 1114 1113 890
f 884 883 1115
f 1115 883 887
f 1115 887 1116
f 1116 887 888
f 1116 888 1113
f 1113 888 889
f 1113 889 890
f 884 1115 885
f 885 1115 1117
f 885 1117 886
f 886 1117 1118
f 886 1118 877
f 877 1118 1102
f 877 1102 878
f 1110 1112 1113
f 1113 1112 1119
f 1113 1119 1116
f 1116 1119 1120
f 1116 1120 1115
f 1115 1120 1121
f 1115 1121 1117
f 1117 1121 1122
f 1117 1122 1118
f 1118 1122 1100
f 1118 1100 1102
f 1103 1105 1112
f 1112 1105 1109
f 1112 1109 1119
f 1119 1109 1108
f 1119 1108 1120
f 1120 1108 1107
f 1120 1107 1121
f 1121 1107 1106
f 1121 1106 1122
f 1122 1106 1098
f 1122 1098 1100
f 394 393 1123
f 1123 393 1124
f 1123 1124 1125
f 1125 1124 1126
f 1125 1126 1127
f 1127 1126 1128
f 1128 1126 1012
f 1128 1012 1013
f 1114 890 1018
f 1111 1110 1129
f 1129 1110 1114
f 1114 1018 1129
f 1129 1018 1019
f 1129 1019 1130
f 1130 1019 1017
f 1130 1017 1131
f 1131 1017 1014
f 1131 1014 1132
f 1104 1103 1133
f 1133 1103 1111
f 1111 1129 1133
f 1133 1129 1130
f 1133 1130 1134
f 1134 1130 1131
f 1134 1131 1135
f 1135 1131 1132
f 1135 1132 1136
f 1094 1093 1104
f 1104 1133 1094
f 1094 1133 1134
f 1094 1134 1095
f 1095 1134 1135
f 1095 1135 1087
f 1087 1135 1136
f 1087 1136 1086
f 1126 1124 1137
f 1137 1138 1126
f 1126 1138 1139
f 1126 1139 1012
f 1012 1139 1140
f 1012 1140 1016
f 393 392 1124
f 1124 392 1141
f 1141 1142 1124
f 1124 1142 1143
f 1124 1143 1137
f 1096 1085 1086
f 1096 1086 1144
f 1086 1136 1144
f 1144 1136 1132
f 1144 1132 1145
f 1145 1132 1014
f 1145 1014 1015
f 391 402 1096
f 1144 1142 1141
f 1144 1141 1096
f 1096 1141 392
f 1096 392 391
f 1139 1138 1145
f 1145 1138 1137
f 1145 1137 1144
f 1144 1137 1143
f 1144 1143 1142
f 1139 1145 1140
f 1140 1145 1015
f 1140 1015 1016
f 1146 1147 1148
f 1149 1150 339
f 339 1150 1151
f 339 1151 1152
f 1152 1153 339
f 339 1153 1154
f 339 1154 1155
f 1148 1147 1156
f 1149 339 1157
f 1157 339 337
f 1157 337 1158
f 1159 1160 1148
f 1148 1160 1161
f 1148 1161 1162
f 1162 1163 1148
f 1148 1163 1164
f 1148 1164 1146
f 1147 1165 1156
f 1156 1165 1166
f 1156 1166 337
f 337 1166 1167
f 337 1167 1158
f 341 1010 336
f 336 1010 1075
f 1168 1169 1084
f 1084 1169 1170
f 1084 1170 1075
f 1075 1170 336
f 336 1170 1156
f 336 1156 337
f 1171 350 1172
f 1172 350 348
f 1172 348 1173
f 1173 348 1174
f 1175 1176 349
f 349 1176 1177
f 1177 1178 349
f 349 1178 1179
f 349 1179 348
f 348 1179 1180
f 348 1180 1174
f 1175 349 1181
f 1181 349 340
f 1181 340 1182
f 1183 1184 340
f 340 1184 1185
f 340 1185 1182
f 1183 340 1186
f 1186 340 339
f 1186 339 1155
f 1187 1188 1189
f 1189 1188 618
f 1189 618 616
f 1159 1187 1190
f 616 615 1189
f 1189 615 613
f 1189 613 1191
f 1191 613 1192
f 613 611 1192
f 1192 611 610
f 1192 610 608
f 606 1193 608
f 608 1193 1194
f 608 1194 1192
f 606 605 1193
f 1193 605 603
f 1193 603 1195
f 1195 603 1196
f 603 601 1196
f 1196 601 599
f 1196 599 597
f 596 1197 597
f 597 1197 1198
f 597 1198 1196
f 596 594 1197
f 1197 594 591
f 1197 591 1199
f 1199 591 453
f 1199 453 1200
f 1187 1189 1190
f 1190 1189 1191
f 1190 1191 1201
f 1201 1191 1192
f 1201 1192 1202
f 1202 1192 1194
f 1202 1194 1203
f 1203 1194 1193
f 1203 1193 1204
f 1204 1193 1195
f 1204 1195 1205
f 1205 1195 1196
f 1205 1196 1206
f 1206 1196 1198
f 1206 1198 1207
f 1207 1198 1197
f 1207 1197 1208
f 1208 1197 1199
f 1208 1199 1209
f 1209 1199 1200
f 1209 1200 1210
f 1159 1190 1160
f 1160 1190 1201
f 1160 1201 1161
f 1161 1201 1202
f 1161 1202 1162
f 1162 1202 1203
f 1162 1203 1163
f 1163 1203 1204
f 1163 1204 1164
f 1164 1204 1205
f 1164 1205 1146
f 1146 1205 1206
f 1146 1206 1147
f 1147 1206 1207
f 1147 1207 1165
f 1165 1207 1208
f 1165 1208 1166
f 1166 1208 1209
f 1166 1209 1167
f 1167 1209 1210
f 1167 1210 1158
f 1210 1200 1211
f 1158 1210 1212
f 448 1213 449
f 449 1213 1214
f 449 1214 450
f 450 1214 1215
f 450 1215 451
f 451 1215 1211
f 451 1211 452
f 452 1211 1200
f 452 1200 453
f 448 447 1213
f 1213 447 446
f 1213 446 1216
f 446 445 1216
f 1216 445 444
f 1216 444 1217
f 1217 444 443
f 1217 443 1218
f 1218 443 442
f 1218 442 1219
f 1219 442 441
f 1219 441 440
f 1210 1211 1212
f 1212 1211 1215
f 1212 1215 1220
f 1220 1215 1214
f 1220 1214 1221
f 1221 1214 1213
f 1221 1213 1222
f 1222 1213 1216
f 1222 1216 1223
f 1223 1216 1217
f 1223 1217 1224
f 1224 1217 1218
f 1224 1218 1225
f 1225 1218 1219
f 1225 1219 1226
f 1158 1212 1157
f 1157 1212 1220
f 1157 1220 1149
f 1149 1220 1221
f 1149 1221 1150
f 1150 1221 1222
f 1150 1222 1151
f 1151 1222 1223
f 1151 1223 1152
f 1152 1223 1224
f 1152 1224 1153
f 1153 1224 1225
f 1153 1225 1154
f 1154 1225 1226
f 1154 1226 1155
f 1183 1227 1228
f 1229 1230 1231
f 1174 1232 1173
f 1173 1232 1231
f 1173 1231 1172
f 1172 1231 1230
f 1172 1230 1171
f 1180 1233 1174
f 1174 1233 1234
f 1174 1234 1232
f 1180 1179 1233
f 1233 1179 1178
f 1233 1178 1235
f 1235 1178 1177
f 1176 1236 1177
f 1177 1236 1237
f 1177 1237 1235
f 1176 1175 1236
f 1236 1175 1181
f 1236 1181 1238
f 1238 1181 1182
f 1238 1182 1239
f 1239 1182 1185
f 1239 1185 1228
f 1228 1185 1184
f 1228 1184 1183
f 1229 1231 1240
f 1240 1231 1232
f 1240 1232 1241
f 1241 1232 1234
f 1241 1234 1242
f 1242 1234 1233
f 1242 1233 1243
f 1243 1233 1235
f 1243 1235 1244
f 1244 1235 1237
f 1244 1237 1245
f 1245 1237 1236
f 1245 1236 1246
f 1246 1236 1238
f 1246 1238 1247
f 1247 1238 1239
f 1247 1239 1248
f 1248 1239 1228
f 1248 1228 1249
f 1249 1228 1227
f 1249 1227 1250
f 436 437 1250
f 1250 437 438
f 1250 438 1249
f 1249 438 435
f 1249 435 1248
f 1248 435 434
f 1248 434 1247
f 1247 434 433
f 1247 433 1246
f 1246 433 399
f 1246 399 1245
f 1245 399 400
f 1245 400 1244
f 1244 400 401
f 1244 401 1243
f 1243 401 397
f 1243 397 1242
f 1242 397 396
f 1242 396 1241
f 1241 396 395
f 1241 395 1240
f 1240 395 394
f 1240 394 1229
f 439 436 1251
f 1251 436 1250
f 1251 1250 1252
f 1252 1250 1227
f 1252 1227 1186
f 1186 1227 1183
f 440 439 1219
f 1219 439 1251
f 1219 1251 1226
f 1226 1251 1252
f 1226 1252 1155
f 1155 1252 1186
f 1128 1171 1127
f 1171 1128 1013
f 394 1123 1229
f 1229 1123 1125
f 1229 1125 1230
f 1230 1125 1127
f 1230 1127 1171
f 351 350 1013
f 1013 350 1171
f 1253 1254 1255
f 1255 1256 1253
f 1253 1256 1257
f 1253 1257 1258
f 1258 1257 1259
f 1258 1259 1260
f 1260 1259 1261
f 1260 1261 1262
f 1262 1261 1263
f 1262 1263 1264
f 1264 1263 1265
f 1264 1265 1266
f 1266 1265 1267
f 1266 1267 1268
f 1268 1267 1269
f 1268 1269 1270
f 1270 1269 1271
f 1270 1271 1272
f 1272 1271 1273
f 1272 1273 1274
f 1274 1273 1275
f 1274 1275 1276
f 1276 1275 1255
f 1276 1255 1277
f 1277 1255 1254
f 1278 1279 1280
f 1281 1282 1283
f 1284 1285 1286
f 1286 1281 1273
f 1273 1281 1275
f 1275 1281 1283
f 1275 1283 1255
f 1287 1288 1289
f 1269 1267 1289
f 1289 1284 1269
f 1269 1284 1286
f 1269 1286 1271
f 1271 1286 1273
f 1267 1265 1289
f 1289 1265 1263
f 1289 1263 1287
f 1287 1263 1261
f 1287 1261 1280
f 1280 1261 1259
f 1280 1259 1278
f 1278 1259 1257
f 1278 1257 1283
f 1283 1257 1256
f 1283 1256 1255
f 1290 1291 1278
f 1278 1291 1279
f 1280 1279 1292
f 1292 1279 1291
f 1280 1292 1287
f 1287 1292 1293
f 1293 1294 1287
f 1287 1294 1288
f 1289 1288 1295
f 1295 1288 1294
f 1289 1295 1284
f 1284 1295 1296
f 1296 1297 1284
f 1284 1297 1285
f 1286 1285 1298
f 1298 1285 1297
f 1286 1298 1281
f 1281 1298 1299
f 1299 1300 1281
f 1281 1300 1282
f 1283 1282 1301
f 1301 1282 1300
f 1283 1301 1278
f 1278 1301 1290
f 1295 1294 1296
f 1296 1294 1297
f 1290 1301 1291
f 1291 1301 1300
f 1299 1298 1300
f 1300 1298 1297
f 1300 1297 1291
f 1291 1297 1294
f 1291 1294 1292
f 1292 1294 1293
f 13 15 1302
f 13 1303 11
f 11 1303 1304
f 11 1304 9
f 9 1304 1305
f 9 1305 7
f 7 1305 1306
f 7 1306 29
f 29 1306 1307
f 29 1307 27
f 27 1307 1308
f 27 1308 25
f 25 1308 1309
f 25 1309 23
f 23 1309 1310
f 23 1310 21
f 21 1310 1311
f 21 1311 19
f 19 1311 1312
f 19 1312 17
f 1302 15 1313
f 1314 1315 1312
f 1312 1315 1313
f 1312 1313 17
f 17 1313 15
f 1314 1312 1316
f 1316 1312 1311
f 1316 1311 1317
f 1317 1311 1318
f 1318 1311 1310
f 1318 1310 1319
f 1319 1310 1320
f 1320 1310 1309
f 1320 1309 1321
f 1321 1309 1322
f 1322 1309 1308
f 1322 1308 1323
f 1323 1308 1324
f 1324 1308 1307
f 1324 1307 1325
f 1325 1307 1326
f 1326 1307 1306
f 1326 1306 1327
f 1327 1306 1328
f 1328 1306 1305
f 1328 1305 1329
f 1329 1305 1330
f 1330 1305 1304
f 1330 1304 1331
f 1331 1304 1332
f 1332 1304 1303
f 1332 1303 1333
f 13 1302 1303
f 1303 1302 1334
f 1303 1334 1333
f 1315 1335 1313
f 1313 1335 1336
f 1313 1336 1302
f 1302 1336 1337
f 1302 1337 1334
f 1338 1339 1340
f 1340 1341 1338
f 1338 1341 1342
f 1338 1342 1343
f 1343 1342 1344
f 1343 1344 1345
f 1345 1344 1346
f 1345 1346 1347
f 1347 1346 1348
f 1347 1348 1349
f 1349 1348 1350
f 1349 1350 1351
f 1351 1350 1352
f 1351 1352 1353
f 1353 1352 1354
f 1353 1354 1355
f 1355 1354 1356
f 1355 1356 1357
f 1357 1356 1358
f 1357 1358 1359
f 1359 1358 1360
f 1359 1360 1361
f 1361 1360 1340
f 1361 1340 1362
f 1362 1340 1339
f 1363 1364 1365
f 1366 1367 1368
f 1369 1370 1371
f 1371 1370 1344
f 1372 1373 1374
f 1344 1370 1346
f 1346 1370 1363
f 1346 1363 1348
f 1348 1363 1350
f 1350 1363 1365
f 1350 1365 1352
f 1352 1365 1372
f 1352 1372 1354
f 1354 1372 1374
f 1354 1374 1356
f 1344 1342 1371
f 1371 1342 1341
f 1371 1341 1368
f 1368 1341 1340
f 1368 1340 1366
f 1366 1340 1360
f 1366 1360 1374
f 1374 1360 1358
f 1374 1358 1356
f 1375 1376 1371
f 1371 1376 1369
f 1370 1369 1377
f 1377 1369 1376
f 1370 1377 1363
f 1363 1377 1378
f 1378 1379 1363
f 1363 1379 1364
f 1365 1364 1380
f 1380 1364 1379
f 1365 1380 1372
f 1372 1380 1381
f 1381 1382 1372
f 1372 1382 1373
f 1374 1373 1383
f 1383 1373 1382
f 1374 1383 1366
f 1366 1383 1384
f 1384 1385 1366
f 1366 1385 1367
f 1368 1367 1386
f 1386 1367 1385
f 1368 1386 1371
f 1371 1386 1375
f 1381 1380 1382
f 1382 1380 1379
f 1375 1386 1376
f 1376 1386 1385
f 1384 1383 1385
f 1385 1383 1382
f 1385 1382 1376
f 1376 1382 1379
f 1376 1379 1377
f 1377 1379 1378
f 1387 1388 1389
f 1389 1388 1390
f 1391 1389 1392
f 555 1393 1394
f 1394 1393 1395
f 1394 1395 1396
f 1396 1395 1391
f 1391 1395 1389
f 1390 1392 1389
f 1393 555 554
f 1395 1393 1397
f 1398 1399 1400
f 1400 1399 1401
f 1400 1401 1402
f 1402 1401 1389
f 1402 1389 1395
f 1403 1404 1405
f 1405 1404 1406
f 1405 1406 1407
f 1407 1406 1408
f 1407 1408 1398
f 1398 1408 1409
f 1398 1409 1399
f 1393 554 1397
f 1397 554 559
f 1397 559 1410
f 1410 559 561
f 1410 561 1411
f 1411 561 563
f 1411 563 1412
f 1412 563 564
f 1412 564 1413
f 1413 564 565
f 1413 565 1414
f 1414 565 567
f 1414 567 1415
f 1415 567 619
f 1415 619 1416
f 1416 619 620
f 1416 620 1417
f 1395 1397 1402
f 1402 1397 1410
f 1402 1410 1400
f 1400 1410 1411
f 1400 1411 1398
f 1398 1411 1412
f 1398 1412 1407
f 1407 1412 1413
f 1407 1413 1405
f 1405 1413 1414
f 1405 1414 1403
f 1403 1414 1415
f 1403 1415 1418
f 1418 1415 1416
f 1418 1416 1419
f 1419 1416 1417
f 1419 1417 1420
f 1420 1421 1419
f 1419 1421 1422
f 1419 1422 1418
f 1418 1422 1423
f 1418 1423 1403
f 1403 1423 1424
f 1403 1424 1404
f 1425 1426 1420
f 1420 1426 1427
f 1420 1427 1421
f 1428 625 624
f 1429 1428 1430
f 1430 1428 624
f 1430 624 1431
f 1431 624 622
f 622 621 1431
f 1431 621 618
f 1431 618 1188
f 1429 1430 1432
f 1432 1430 1431
f 1432 1431 1433
f 1433 1431 1188
f 1433 1188 1187
f 620 625 1417
f 1417 625 1428
f 1417 1428 1420
f 1420 1428 1429
f 1420 1429 1425
f 1425 1429 1432
f 1425 1432 1434
f 1434 1432 1433
f 1434 1433 1435
f 1435 1433 1187
f 1435 1187 1159
f 1427 1426 1436
f 1436 1426 1425
f 1159 1148 1435
f 1435 1148 1436
f 1435 1436 1434
f 1434 1436 1425
f 1427 1436 1421
f 1421 1436 1437
f 1421 1437 1422
f 1404 1437 1406
f 1406 1437 1438
f 1404 1424 1437
f 1437 1424 1423
f 1437 1423 1422
f 1399 1409 1438
f 1438 1409 1408
f 1438 1408 1406
f 1399 1438 1401
f 1401 1438 1387
f 1401 1387 1389
f 1439 1440 1441
f 558 557 1442
f 1442 557 1441
f 1442 1441 1443
f 1443 1441 1440
f 1439 1441 1444
f 1444 1441 1445
f 1444 1445 1446
f 1446 1445 1447
f 1447 1445 1448
f 1447 1448 1449
f 557 555 1441
f 1441 555 1394
f 1441 1394 1445
f 1394 1396 1445
f 1445 1396 1391
f 1445 1391 1448
f 1448 1391 1392
f 1448 1392 1390
f 558 1442 1450
f 558 1450 556
f 556 1450 1451
f 556 1451 586
f 1442 1443 1450
f 1450 1443 1440
f 1450 1440 1452
f 1452 1440 1439
f 1452 1439 1453
f 1439 1444 1453
f 1453 1444 1446
f 1453 1446 1454
f 1454 1446 1447
f 1454 1447 1449
f 1454 1455 1456
f 1454 1456 1453
f 1453 1456 1457
f 1453 1457 1452
f 1452 1457 1458
f 1452 1458 1450
f 1459 1460 1458
f 1458 1460 1451
f 1458 1451 1450
f 1461 1462 1463
f 1455 1464 1456
f 1456 1464 1465
f 1456 1465 1457
f 1457 1465 1466
f 1457 1466 1458
f 1458 1466 1467
f 1458 1467 1459
f 1459 1467 1468
f 1464 1461 1465
f 1465 1461 1469
f 1465 1469 1466
f 1466 1469 1470
f 1466 1470 1467
f 1467 1470 1471
f 1467 1471 1468
f 1468 1471 1472
f 1461 1463 1469
f 1469 1463 1473
f 1469 1473 1470
f 1470 1473 1474
f 1470 1474 1471
f 1471 1474 1475
f 1471 1475 1472
f 1475 1474 1476
f 1463 1462 1477
f 1478 1479 1480
f 1480 1479 1481
f 1482 1483 1484
f 1484 1483 1485
f 1484 1485 1486
f 1486 1485 1487
f 1486 1487 1488
f 1488 1487 1489
f 1488 1489 1480
f 1480 1489 1490
f 1480 1490 1478
f 1482 1484 1477
f 1477 1484 1491
f 1477 1491 1463
f 1475 1476 1492
f 1492 1476 1493
f 1492 1493 1494
f 1494 1493 1495
f 1494 1495 1496
f 1496 1495 1497
f 1496 1497 1498
f 1498 1497 1499
f 1498 1499 1500
f 588 1500 1501
f 1501 1500 1499
f 1501 1499 1502
f 1481 1502 1503
f 1481 1503 1480
f 1480 1503 1504
f 1480 1504 1488
f 1488 1504 1505
f 1488 1505 1486
f 1486 1505 1506
f 1486 1506 1484
f 1484 1506 1507
f 1484 1507 1491
f 1491 1507 1473
f 1491 1473 1463
f 1502 1499 1503
f 1503 1499 1497
f 1503 1497 1504
f 1504 1497 1495
f 1504 1495 1505
f 1505 1495 1493
f 1505 1493 1506
f 1506 1493 1476
f 1506 1476 1507
f 1507 1476 1474
f 1507 1474 1473
f 1481 1479 1508
f 1509 1510 1511
f 1511 1510 1512
f 1511 1512 1513
f 1513 1512 1514
f 1513 1514 588
f 588 1514 1515
f 588 1515 465
f 1516 1517 1508
f 1508 1517 1518
f 1508 1518 1481
f 1481 1518 1502
f 588 1501 1513
f 1513 1501 1502
f 1513 1502 1511
f 1511 1502 1518
f 1511 1518 1509
f 1509 1518 1517
f 1460 589 590
f 586 1451 587
f 587 1451 1460
f 587 1460 585
f 585 1460 590
f 589 1460 588
f 588 1460 1459
f 588 1459 1500
f 1500 1459 1468
f 1500 1468 1472
f 1472 1475 1500
f 1500 1475 1492
f 1500 1492 1498
f 1498 1492 1494
f 1498 1494 1496
f 465 1515 1514
f 465 1514 466
f 1519 1520 498
f 1521 1522 1523
f 1524 1525 1526
f 1526 1525 1527
f 1528 1529 1530
f 1509 1517 1531
f 1531 1517 1516
f 1512 1510 1532
f 1532 1510 1509
f 1533 1528 1526
f 1526 1528 1530
f 1526 1530 1524
f 498 513 1519
f 1519 513 512
f 1519 512 1534
f 1534 512 510
f 1534 510 1535
f 1535 510 508
f 1535 508 1536
f 1536 508 507
f 1536 507 1537
f 1537 507 462
f 1537 462 1538
f 1538 462 466
f 1538 466 1539
f 1539 466 1514
f 1539 1514 1512
f 1512 1532 1539
f 1539 1532 1540
f 1539 1540 1538
f 1538 1540 1541
f 1538 1541 1537
f 1537 1541 1542
f 1537 1542 1536
f 1536 1542 1543
f 1536 1543 1535
f 1535 1543 1544
f 1535 1544 1534
f 1534 1544 1521
f 1534 1521 1519
f 1519 1521 1523
f 1519 1523 1520
f 1509 1531 1532
f 1532 1531 1545
f 1532 1545 1540
f 1540 1545 1546
f 1540 1546 1541
f 1541 1546 1547
f 1541 1547 1542
f 1542 1547 1548
f 1542 1548 1543
f 1543 1548 1533
f 1543 1533 1544
f 1544 1533 1526
f 1544 1526 1521
f 1521 1526 1527
f 1521 1527 1522
f 1516 1549 1531
f 1531 1549 1550
f 1531 1550 1545
f 1545 1550 1551
f 1545 1551 1546
f 1546 1551 1552
f 1546 1552 1547
f 1547 1552 1553
f 1547 1553 1548
f 1548 1553 1554
f 1548 1554 1533
f 1533 1554 1555
f 1533 1555 1528
f 1527 1525 1556
f 1525 1524 1557
f 1557 1524 1530
f 1557 1530 1529
f 1527 1556 1522
f 498 1520 1558
f 1558 1520 1523
f 1558 1523 1522
f 1525 1557 1556
f 1556 1557 1559
f 1556 1559 1560
f 1561 1562 1560
f 1560 1562 1563
f 1560 1563 1556
f 498 1558 1564
f 1564 1558 1565
f 1564 1565 1566
f 1566 1565 1567
f 1566 1567 1568
f 1568 1567 1569
f 1568 1569 1570
f 1561 1571 1562
f 1562 1571 1572
f 1562 1572 1573
f 1573 1572 1574
f 1573 1574 1575
f 1575 1574 1576
f 1575 1576 1577
f 1577 1576 1578
f 1577 1578 1579
f 1579 1578 1580
f 1579 1580 1581
f 1581 1580 1582
f 1581 1582 1583
f 1583 1582 1584
f 1583 1584 1585
f 1584 1586 1585
f 1585 1586 1587
f 1585 1587 1588
f 1588 1587 1589
f 1588 1589 1590
f 1522 1556 1558
f 1558 1556 1563
f 1558 1563 1565
f 1565 1563 1562
f 1565 1562 1567
f 1567 1562 1573
f 1567 1573 1569
f 1569 1573 1575
f 1569 1575 1591
f 1591 1575 1577
f 1591 1577 1592
f 1592 1577 1579
f 1592 1579 1593
f 1593 1579 1581
f 1593 1581 1594
f 1594 1581 1583
f 1594 1583 1595
f 1595 1583 1585
f 1595 1585 1596
f 1596 1585 1588
f 1596 1588 1597
f 1597 1588 1590
f 1597 1590 1598
f 1570 1569 1599
f 1599 1569 1591
f 1599 1591 1600
f 1600 1591 1592
f 1600 1592 1601
f 1601 1592 1593
f 1601 1593 1602
f 1602 1593 1594
f 1602 1594 1603
f 1603 1594 1595
f 1603 1595 1604
f 1604 1595 1596
f 1604 1596 1605
f 1605 1596 1597
f 1605 1597 1606
f 1606 1597 1598
f 1606 1598 1607
f 1455 1608 1464
f 1464 1608 1609
f 1464 1609 1461
f 1461 1609 1610
f 1461 1610 1462
f 1449 1448 1611
f 1608 1455 1611
f 1611 1455 1454
f 1611 1454 1449
f 578 577 1268
f 539 542 1253
f 1253 542 541
f 1253 541 1254
f 1258 467 1253
f 1253 467 459
f 1253 459 539
f 478 471 1260
f 1260 471 470
f 1260 470 1258
f 1258 470 468
f 1258 468 467
f 474 480 1260
f 1260 480 479
f 1260 479 478
f 474 1260 560
f 560 1260 1262
f 560 1262 562
f 570 569 1264
f 1264 569 568
f 1264 568 1262
f 1262 568 566
f 1262 566 562
f 1266 572 1264
f 1264 572 571
f 1264 571 570
f 577 576 1268
f 1268 576 574
f 1268 574 1266
f 1266 574 573
f 1266 573 572
f 1270 580 1268
f 1268 580 579
f 1268 579 578
f 549 583 1272
f 1272 583 582
f 1272 582 1270
f 1270 582 581
f 1270 581 580
f 1274 547 546
f 546 553 1274
f 1274 553 552
f 1274 552 1272
f 1272 552 550
f 1272 550 549
f 1276 454 1274
f 1274 454 548
f 1274 548 547
f 1277 533 1276
f 1276 533 455
f 1276 455 454
f 541 540 1254
f 1254 540 535
f 1254 535 1277
f 1277 535 534
f 1277 534 533
f 1612 1362 1339
f 531 1355 529
f 529 1355 1357
f 529 1357 1613
f 1613 1357 1614
f 1361 1615 1616
f 1361 1616 1359
f 1616 1617 1359
f 1359 1617 1618
f 1359 1618 1357
f 1357 1618 1619
f 1357 1619 1614
f 1362 1612 1361
f 1361 1612 1620
f 1361 1620 1615
f 1338 1621 1339
f 1339 1621 1622
f 1339 1622 1612
f 1623 1624 1343
f 1343 1624 1625
f 1343 1625 1338
f 1338 1625 1626
f 1338 1626 1621
f 1623 1343 1627
f 1627 1343 1345
f 1627 1345 1628
f 1347 514 489
f 1347 489 1345
f 1345 489 1629
f 1345 1629 1628
f 1349 517 516
f 1349 516 1347
f 1347 516 515
f 1347 515 514
f 521 520 1351
f 1351 520 519
f 1351 519 1349
f 1349 519 518
f 1349 518 517
f 526 525 1353
f 1353 525 524
f 1353 524 1351
f 1351 524 523
f 1351 523 521
f 531 532 1355
f 1355 532 528
f 1355 528 1353
f 1353 528 527
f 1353 527 526
f 1630 1631 1333
f 1333 1334 1630
f 1630 1334 1337
f 1630 1337 1632
f 1337 1336 1632
f 1632 1336 1335
f 1632 1335 1633
f 1335 1315 1633
f 1633 1315 1314
f 1633 1314 1634
f 1314 1316 1634
f 1634 1316 1317
f 1634 1317 1635
f 1317 1318 1635
f 1635 1318 1319
f 1635 1319 1636
f 1319 1320 1636
f 1636 1320 1321
f 1636 1321 1637
f 1321 1322 1637
f 1637 1322 1323
f 1637 1323 1638
f 1323 1324 1638
f 1638 1324 1325
f 1638 1325 1639
f 1325 1326 1639
f 1639 1326 1327
f 1639 1327 1640
f 1327 1328 1640
f 1640 1328 1329
f 1640 1329 1641
f 1329 1330 1641
f 1641 1330 1331
f 1641 1331 1631
f 1631 1331 1332
f 1631 1332 1333
f 1642 1643 1644
f 1645 1646 1647
f 1647 1648 1645
f 1645 1648 1642
f 1645 1642 1649
f 1649 1642 1644
f 1649 1644 1650
f 1388 1611 1390
f 1390 1611 1448
f 1651 1652 1653
f 1652 1651 1654
f 1654 1651 1655
f 1654 1655 1656
f 1653 530 1651
f 1651 530 1657
f 1651 1657 1655
f 1655 1657 1649
f 1655 1649 1656
f 1656 1649 1650
f 1645 1658 1659
f 1645 1659 1646
f 1646 1659 1660
f 1646 1660 1647
f 1661 1642 1660
f 1660 1642 1648
f 1660 1648 1647
f 1662 1663 1643
f 1589 1664 1661
f 1661 1664 1662
f 1661 1662 1642
f 1642 1662 1643
f 1658 1607 1598
f 1658 1598 1659
f 1659 1598 1590
f 1659 1590 1660
f 1660 1590 1589
f 1660 1589 1661
f 1477 1462 1610
f 1516 1508 1665
f 1508 1479 1665
f 1665 1479 1478
f 1665 1478 1666
f 1552 1551 1667
f 1667 1551 1550
f 1667 1550 1665
f 1665 1550 1549
f 1665 1549 1516
f 1552 1667 1553
f 1553 1667 1668
f 1553 1668 1554
f 1557 1529 1669
f 1669 1529 1528
f 1669 1528 1668
f 1668 1528 1555
f 1668 1555 1554
f 1571 1561 1670
f 1670 1561 1560
f 1670 1560 1669
f 1669 1560 1559
f 1669 1559 1557
f 1571 1670 1572
f 1572 1670 1671
f 1572 1671 1574
f 1672 1578 1671
f 1671 1578 1576
f 1671 1576 1574
f 1586 1584 1673
f 1673 1584 1582
f 1673 1582 1672
f 1672 1582 1580
f 1672 1580 1578
f 1586 1673 1587
f 1587 1673 1664
f 1587 1664 1589
f 1477 1610 1482
f 1482 1610 1674
f 1482 1674 1483
f 1483 1674 1675
f 1483 1675 1485
f 1478 1490 1666
f 1666 1490 1489
f 1666 1489 1675
f 1675 1489 1487
f 1675 1487 1485
f 530 529 1613
f 1613 1614 530
f 530 1614 1619
f 530 1619 1657
f 1619 1618 1657
f 1657 1618 1617
f 1657 1617 1616
f 1616 1615 1657
f 1657 1615 1620
f 1657 1620 1612
f 1612 1622 1657
f 1657 1622 1621
f 1657 1621 1599
f 1599 1621 1626
f 1626 1625 1599
f 1599 1625 1624
f 1599 1624 1623
f 489 498 1629
f 1629 498 1564
f 1629 1564 1566
f 1623 1627 1599
f 1599 1627 1628
f 1599 1628 1570
f 1570 1628 1629
f 1570 1629 1568
f 1568 1629 1566
f 1676 1607 1658
f 1604 1605 1676
f 1676 1605 1606
f 1676 1606 1607
f 1676 1600 1601
f 1601 1602 1676
f 1676 1602 1603
f 1676 1603 1604
f 1645 1649 1658
f 1658 1649 1657
f 1658 1657 1676
f 1676 1657 1599
f 1676 1599 1600
f 482 481 1677
f 505 504 1678
f 476 475 1679
f 1679 475 1680
f 1681 537 1679
f 1679 537 536
f 536 469 1679
f 1679 469 477
f 1679 477 476
f 545 544 1682
f 1682 544 543
f 1682 543 1681
f 1681 543 538
f 1681 538 537
f 1683 458 1682
f 1682 458 457
f 1682 457 545
f 493 495 1684
f 1684 495 494
f 494 492 1684
f 1684 492 491
f 1684 491 1683
f 1683 491 490
f 1683 490 458
f 493 1684 487
f 487 1684 1685
f 487 1685 488
f 504 503 1678
f 1678 503 502
f 1678 502 1686
f 1686 502 501
f 1686 501 1687
f 1687 501 500
f 1687 500 1685
f 1685 500 499
f 1685 499 488
f 1688 496 1678
f 1678 496 506
f 1678 506 505
f 481 509 1677
f 1677 509 511
f 1677 511 1688
f 1688 511 497
f 1688 497 496
f 1689 485 484
f 1689 484 1677
f 1677 484 483
f 1677 483 482
f 463 461 1690
f 1690 461 460
f 1690 460 1689
f 1689 460 486
f 1689 486 485
f 475 473 1680
f 1680 473 472
f 1680 472 1690
f 1690 472 464
f 1690 464 463
f 1436 1148 1156
f 1667 1665 1677
f 1677 1665 1689
f 1667 1677 1668
f 1668 1677 1688
f 1668 1688 1669
f 1669 1688 1670
f 1670 1688 1678
f 1670 1678 1671
f 1671 1678 1672
f 1672 1678 1686
f 1672 1686 1673
f 1665 1666 1689
f 1689 1666 1675
f 1689 1675 1690
f 1662 1664 1685
f 1170 1438 1156
f 1156 1438 1437
f 1156 1437 1436
f 1673 1686 1664
f 1664 1686 1687
f 1664 1687 1685
f 1685 1684 1662
f 1662 1684 1683
f 1662 1683 1169
f 1169 1683 1682
f 1169 1682 1170
f 1170 1682 1387
f 1170 1387 1438
f 1675 1674 1690
f 1690 1674 1610
f 1690 1610 1680
f 1680 1610 1609
f 1680 1609 1679
f 1679 1609 1608
f 1679 1608 1681
f 1681 1608 1611
f 1681 1611 1682
f 1682 1611 1388
f 1682 1388 1387
f 1168 1663 1169
f 1169 1663 1662
f 1636 1637 1081
f 1084 1083 1168
f 1168 1083 1663
f 1081 1637 1082
f 1082 1637 1638
f 1082 1638 1083
f 1083 1638 1639
f 1083 1639 1663
f 1639 1640 1663
f 1663 1640 1641
f 1663 1641 1643
f 1643 1641 1631
f 1643 1631 1644
f 1644 1631 1630
f 1644 1630 256
f 256 1630 1632
f 256 1632 254
f 254 1632 1633
f 254 1633 266
f 266 1633 1634
f 266 1634 268
f 268 1634 1635
f 268 1635 270
f 270 1635 1636
f 270 1636 272
f 272 1636 1081
f 1644 256 263
f 264 530 263
f 263 530 1653
f 263 1653 1652
f 1650 1644 1656
f 1656 1644 263
f 1656 263 1654
f 1654 263 1652
f 1691 1692 1693
f 1693 1692 1694
f 1695 1696 1697
f 1697 1696 1698
f 1699 1700 1698
f 1698 1700 1694
f 1698 1694 1697
f 1697 1694 1692
f 1697 1692 1701
f 1701 1692 1702
f 1703 1696 1704
f 1704 1696 1695
f 1703 1705 1696
f 1696 1705 1698
f 1699 1698 1706
f 1706 1698 1705
f 1707 1700 1706
f 1706 1700 1699
f 1707 1708 1700
f 1700 1708 1694
f 1693 1694 1709
f 1709 1694 1708
f 1710 1691 1709
f 1709 1691 1693
f 1710 1711 1691
f 1691 1711 1692
f 1702 1692 1712
f 1712 1692 1711
f 1713 1701 1712
f 1712 1701 1702
f 1713 1714 1701
f 1701 1714 1697
f 1695 1697 1704
f 1704 1697 1714
f 1709 1708 1707
f 1706 1705 1703
f 1712 1711 1710
f 1712 1715 1713
f 1713 1715 1716
f 1713 1716 1717
f 1710 1718 1712
f 1712 1718 1719
f 1712 1719 1715
f 1703 1720 1706
f 1706 1720 1721
f 1706 1721 1707
f 1714 1713 1704
f 1704 1713 1717
f 1704 1717 1703
f 1703 1717 1722
f 1703 1722 1720
f 1721 1723 1707
f 1707 1723 1724
f 1707 1724 1709
f 1709 1724 1725
f 1709 1725 1710
f 1710 1725 1726
f 1710 1726 1718
f 935 1717 925
f 925 1717 1716
f 925 1716 926
f 926 1716 1715
f 926 1715 927
f 927 1715 1719
f 927 1719 928
f 928 1719 1718
f 928 1718 929
f 929 1718 1726
f 929 1726 930
f 930 1726 1725
f 930 1725 931
f 931 1725 1724
f 931 1724 924
f 924 1724 1723
f 924 1723 932
f 932 1723 1721
f 932 1721 933
f 933 1721 1720
f 933 1720 934
f 934 1720 1722
f 934 1722 935
f 935 1722 1717
f 31 1727 33
f 33 1727 1728
f 33 1728 35
f 35 1728 1729
f 35 1729 37
f 37 1729 1730
f 37 1730 39
f 39 1730 1731
f 39 1731 41
f 41 1731 1732
f 41 1732 43
f 43 1732 1733
f 43 1733 45
f 45 1733 1734
f 45 1734 47
f 47 1734 1735
f 47 1735 49
f 49 1735 1736
f 49 1736 51
f 51 1736 1737
f 51 1737 53
f 53 1737 1738
f 53 1738 31
f 31 1738 1727
f 1727 782 1728
f 1728 782 780
f 1728 780 1729
f 1729 780 778
f 1729 778 1730
f 1730 778 776
f 1730 776 1731
f 1731 776 774
f 1731 774 1732
f 1732 774 772
f 1732 772 1733
f 1733 772 770
f 1733 770 1734
f 1734 770 768
f 1734 768 1735
f 1735 768 766
f 1735 766 1736
f 1736 766 764
f 1736 764 1737
f 1737 764 762
f 1737 762 1738
f 1738 762 760
f 1738 760 1727
f 1727 760 782
f 1739 60 1740
f 1740 60 59
f 1740 59 1741
f 59 67 1741
f 1741 67 66
f 1741 66 1742
f 1742 66 64
f 1742 64 1743
f 64 62 1743
f 1743 62 61
f 1743 61 1744
f 1744 61 68
f 1744 68 1745
f 68 70 1745
f 1745 70 73
f 1745 73 1746
f 1746 73 72
f 1746 72 1747
f 72 78 1747
f 1747 78 77
f 1747 77 1748
f 1748 77 75
f 1748 75 1749
f 75 74 1749
f 1749 74 81
f 1749 81 1750
f 1750 81 80
f 1750 80 1751
f 80 86 1751
f 1751 86 85
f 1751 85 1752
f 1752 85 83
f 1752 83 1753
f 83 82 1753
f 1753 82 87
f 1753 87 1754
f 1754 87 89
f 1754 89 1755
f 89 94 1755
f 1755 94 93
f 1755 93 1756
f 1756 93 91
f 1756 91 1757
f 91 90 1757
f 1757 90 95
f 1757 95 1758
f 1758 95 97
f 1758 97 1759
f 97 100 1759
f 1759 100 99
f 1759 99 1760
f 1760 99 98
f 1760 98 1761
f 1761 98 56
f 1761 56 1739
f 1739 56 55
f 1739 55 60
f 676 674 1760
f 1760 674 672
f 1760 672 1759
f 1759 672 710
f 1759 710 1758
f 1758 710 709
f 1758 709 1757
f 1757 709 708
f 1757 708 1756
f 1756 708 705
f 1756 705 1755
f 1755 705 703
f 1755 703 1754
f 1754 703 701
f 1754 701 1753
f 1753 701 700
f 1753 700 1752
f 1752 700 698
f 1752 698 1751
f 1751 698 697
f 1751 697 1750
f 1750 697 695
f 1750 695 1749
f 1749 695 693
f 1749 693 1748
f 1748 693 691
f 1748 691 1747
f 1747 691 690
f 1747 690 1746
f 1746 690 688
f 1746 688 1745
f 1745 688 687
f 1745 687 1744
f 1744 687 685
f 1744 685 1743
f 1743 685 684
f 1743 684 1742
f 1742 684 682
f 1742 682 1741
f 1741 682 681
f 1741 681 1740
f 1740 681 679
f 1740 679 1739
f 1739 679 678
f 1739 678 1761
f 1761 678 676
f 1761 676 1760
f 217 220 939
f 210 895 1762
f 1762 895 249
f 242 244 913
f 234 936 1763
f 1763 936 231
f 1764 248 251
f 1764 251 1765
f 1765 251 245
f 1765 245 1766
f 1766 245 244
f 1766 244 1767
f 244 242 1767
f 1767 242 239
f 1767 239 1768
f 1768 239 236
f 1768 236 1769
f 1769 236 1770
f 236 234 1770
f 1770 234 1763
f 1770 1763 1771
f 1771 1763 231
f 231 229 1771
f 1771 229 225
f 1771 225 1772
f 1772 225 221
f 1772 221 1773
f 1773 221 220
f 1773 220 1774
f 220 217 1774
f 1774 217 214
f 1774 214 1775
f 1775 214 211
f 1775 211 1776
f 1776 211 1777
f 211 210 1777
f 1777 210 1762
f 1777 1762 1764
f 1764 1762 249
f 1764 249 248
f 1778 1779 1780
f 1781 1782 1783
f 1784 1785 1786
f 1784 1786 1773
f 1787 1788 1789
f 1773 1774 1784
f 1784 1774 1775
f 1784 1775 1780
f 1780 1775 1776
f 1780 1776 1778
f 1781 1771 1786
f 1786 1771 1772
f 1786 1772 1773
f 1787 1768 1783
f 1783 1768 1769
f 1783 1769 1781
f 1781 1769 1770
f 1781 1770 1771
f 1789 1766 1787
f 1787 1766 1767
f 1787 1767 1768
f 1776 1777 1778
f 1778 1777 1764
f 1778 1764 1789
f 1789 1764 1765
f 1789 1765 1766
f 1790 1791 1778
f 1778 1791 1779
f 1780 1779 1792
f 1792 1779 1791
f 1793 1794 1784
f 1784 1794 1785
f 1786 1785 1795
f 1795 1785 1794
f 1796 1797 1781
f 1781 1797 1782
f 1783 1782 1798
f 1798 1782 1797
f 1799 1800 1787
f 1787 1800 1788
f 1789 1788 1801
f 1801 1788 1800
f 1795 1794 1796
f 1796 1794 1797
f 1790 1801 1791
f 1791 1801 1800
f 1799 1798 1800
f 1800 1798 1797
f 1800 1797 1791
f 1791 1797 1794
f 1791 1794 1792
f 1792 1794 1793
f 1780 1792 1784
f 1784 1792 1793
f 1789 1801 1778
f 1778 1801 1790
f 1783 1798 1787
f 1787 1798 1799
f 1786 1795 1781
f 1781 1795 1796
f 1802 1803 1804
f 1804 1803 1805
f 1806 1807 1808
f 1808 1807 1809
f 1810 1811 1809
f 1809 1811 1805
f 1809 1805 1808
f 1808 1805 1803
f 1808 1803 1812
f 1812 1803 1813
f 1814 1807 1815
f 1815 1807 1806
f 1814 1816 1807
f 1807 1816 1809
f 1810 1809 1817
f 1817 1809 1816
f 1818 1811 1817
f 1817 1811 1810
f 1818 1819 1811
f 1811 1819 1805
f 1804 1805 1820
f 1820 1805 1819
f 1821 1802 1820
f 1820 1802 1804
f 1821 1822 1802
f 1802 1822 1803
f 1813 1803 1823
f 1823 1803 1822
f 1824 1812 1823
f 1823 1812 1813
f 1824 1825 1812
f 1812 1825 1808
f 1806 1808 1815
f 1815 1808 1825
f 1820 1819 1818
f 1817 1816 1814
f 1823 1822 1821
f 1823 1826 1824
f 1824 1826 1827
f 1824 1827 1828
f 1821 1829 1823
f 1823 1829 1830
f 1823 1830 1826
f 1814 1831 1817
f 1817 1831 1832
f 1817 1832 1818
f 1825 1824 1815
f 1815 1824 1828
f 1815 1828 1814
f 1814 1828 1833
f 1814 1833 1831
f 1832 1834 1818
f 1818 1834 1835
f 1818 1835 1820
f 1820 1835 1836
f 1820 1836 1821
f 1821 1836 1837
f 1821 1837 1829
f 923 1828 911
f 911 1828 1827
f 911 1827 912
f 912 1827 1826
f 912 1826 914
f 914 1826 1830
f 914 1830 915
f 915 1830 1829
f 915 1829 916
f 916 1829 1837
f 916 1837 917
f 917 1837 1836
f 917 1836 918
f 918 1836 1835
f 918 1835 919
f 919 1835 1834
f 919 1834 920
f 920 1834 1832
f 920 1832 921
f 921 1832 1831
f 921 1831 922
f 922 1831 1833
f 922 1833 923
f 923 1833 1828
f 102 1838 104
f 104 1838 1839
f 104 1839 106
f 106 1839 1840
f 106 1840 108
f 108 1840 1841
f 108 1841 110
f 110 1841 1842
f 110 1842 112
f 112 1842 1843
f 112 1843 114
f 114 1843 1844
f 114 1844 116
f 116 1844 1845
f 116 1845 118
f 118 1845 1846
f 118 1846 120
f 120 1846 1847
f 120 1847 122
f 122 1847 1848
f 122 1848 124
f 124 1848 1849
f 124 1849 102
f 102 1849 1838
f 1838 758 1839
f 1839 758 756
f 1839 756 1840
f 1840 756 754
f 1840 754 1841
f 1841 754 752
f 1841 752 1842
f 1842 752 750
f 1842 750 1843
f 1843 750 748
f 1843 748 1844
f 1844 748 746
f 1844 746 1845
f 1845 746 744
f 1845 744 1846
f 1846 744 742
f 1846 742 1847
f 1847 742 740
f 1847 740 1848
f 1848 740 738
f 1848 738 1849
f 1849 738 736
f 1849 736 1838
f 1838 736 758
f 1850 1851 1852
f 1852 1851 1853
f 1854 1855 1856
f 1856 1855 1857
f 1858 1859 1857
f 1857 1859 1853
f 1857 1853 1856
f 1856 1853 1851
f 1856 1851 1860
f 1860 1851 1861
f 1862 1855 1863
f 1863 1855 1854
f 1862 1864 1855
f 1855 1864 1857
f 1858 1857 1865
f 1865 1857 1864
f 1866 1859 1865
f 1865 1859 1858
f 1866 1867 1859
f 1859 1867 1853
f 1852 1853 1868
f 1868 1853 1867
f 1869 1850 1868
f 1868 1850 1852
f 1869 1870 1850
f 1850 1870 1851
f 1861 1851 1871
f 1871 1851 1870
f 1872 1860 1871
f 1871 1860 1861
f 1872 1873 1860
f 1860 1873 1856
f 1854 1856 1863
f 1863 1856 1873
f 1868 1867 1866
f 1865 1864 1862
f 1871 1870 1869
f 1871 1874 1872
f 1872 1874 1875
f 1872 1875 1876
f 1869 1877 1871
f 1871 1877 1878
f 1871 1878 1874
f 1862 1879 1865
f 1865 1879 1880
f 1865 1880 1866
f 1873 1872 1863
f 1863 1872 1876
f 1863 1876 1862
f 1862 1876 1881
f 1862 1881 1879
f 1880 1882 1866
f 1866 1882 1883
f 1866 1883 1868
f 1868 1883 1884
f 1868 1884 1869
f 1869 1884 1885
f 1869 1885 1877
f 943 1876 944
f 944 1876 1875
f 944 1875 945
f 945 1875 1874
f 945 1874 946
f 946 1874 1878
f 946 1878 947
f 947 1878 1877
f 947 1877 948
f 948 1877 1885
f 948 1885 949
f 949 1885 1884
f 949 1884 938
f 938 1884 1883
f 938 1883 937
f 937 1883 1882
f 937 1882 940
f 940 1882 1880
f 940 1880 941
f 941 1880 1879
f 941 1879 942
f 942 1879 1881
f 942 1881 943
f 943 1881 1876
f 126 1886 128
f 128 1886 1887
f 128 1887 130
f 130 1887 1888
f 130 1888 132
f 132 1888 1889
f 132 1889 134
f 134 1889 1890
f 134 1890 136
f 136 1890 1891
f 136 1891 138
f 138 1891 1892
f 138 1892 140
f 140 1892 1893
f 140 1893 142
f 142 1893 1894
f 142 1894 144
f 144 1894 1895
f 144 1895 146
f 146 1895 1896
f 146 1896 148
f 148 1896 1897
f 148 1897 126
f 126 1897 1886
f 1886 806 1887
f 1887 806 804
f 1887 804 1888
f 1888 804 802
f 1888 802 1889
f 1889 802 800
f 1889 800 1890
f 1890 800 798
f 1890 798 1891
f 1891 798 796
f 1891 796 1892
f 1892 796 794
f 1892 794 1893
f 1893 794 792
f 1893 792 1894
f 1894 792 790
f 1894 790 1895
f 1895 790 788
f 1895 788 1896
f 1896 788 786
f 1896 786 1897
f 1897 786 784
f 1897 784 1886
f 1886 784 806
f 1898 1899 1900
f 1900 1899 1901
f 1902 1903 1904
f 1904 1903 1905
f 1906 1907 1905
f 1905 1907 1901
f 1905 1901 1904
f 1904 1901 1899
f 1904 1899 1908
f 1908 1899 1909
f 1910 1903 1911
f 1911 1903 1902
f 1910 1912 1903
f 1903 1912 1905
f 1906 1905 1913
f 1913 1905 1912
f 1914 1907 1913
f 1913 1907 1906
f 1914 1915 1907
f 1907 1915 1901
f 1900 1901 1916
f 1916 1901 1915
f 1917 1898 1916
f 1916 1898 1900
f 1917 1918 1898
f 1898 1918 1899
f 1909 1899 1919
f 1919 1899 1918
f 1920 1908 1919
f 1919 1908 1909
f 1920 1921 1908
f 1908 1921 1904
f 1902 1904 1911
f 1911 1904 1921
f 1916 1915 1914
f 1913 1912 1910
f 1919 1918 1917
f 1919 1922 1920
f 1920 1922 1923
f 1920 1923 1924
f 1917 1925 1919
f 1919 1925 1926
f 1919 1926 1922
f 1910 1927 1913
f 1913 1927 1928
f 1913 1928 1914
f 1921 1920 1911
f 1911 1920 1924
f 1911 1924 1910
f 1910 1924 1929
f 1910 1929 1927
f 1928 1930 1914
f 1914 1930 1931
f 1914 1931 1916
f 1916 1931 1932
f 1916 1932 1917
f 1917 1932 1933
f 1917 1933 1925
f 904 1924 902
f 902 1924 1923
f 902 1923 900
f 900 1923 1922
f 900 1922 898
f 898 1922 1926
f 898 1926 892
f 892 1926 1925
f 892 1925 891
f 891 1925 1933
f 891 1933 894
f 894 1933 1932
f 894 1932 893
f 893 1932 1931
f 893 1931 896
f 896 1931 1930
f 896 1930 897
f 897 1930 1928
f 897 1928 908
f 908 1928 1927
f 908 1927 906
f 906 1927 1929
f 906 1929 904
f 904 1929 1924
f 150 1934 152
f 152 1934 1935
f 152 1935 154
f 154 1935 1936
f 154 1936 156
f 156 1936 1937
f 156 1937 158
f 158 1937 1938
f 158 1938 160
f 160 1938 1939
f 160 1939 162
f 162 1939 1940
f 162 1940 164
f 164 1940 1941
f 164 1941 166
f 166 1941 1942
f 166 1942 168
f 168 1942 1943
f 168 1943 170
f 170 1943 1944
f 170 1944 172
f 172 1944 1945
f 172 1945 150
f 150 1945 1934
f 1934 734 1935
f 1935 734 732
f 1935 732 1936
f 1936 732 730
f 1936 730 1937
f 1937 730 728
f 1937 728 1938
f 1938 728 726
f 1938 726 1939
f 1939 726 724
f 1939 724 1940
f 1940 724 722
f 1940 722 1941
f 1941 722 720
f 1941 720 1942
f 1942 720 718
f 1942 718 1943
f 1943 718 716
f 1943 716 1944
f 1944 716 714
f 1944 714 1945
f 1945 714 712
f 1945 712 1934
f 1934 712 734
f 1946 1947 1948
f 1949 1950 1951
f 1952 1953 1954
f 1955 1956 1957
f 1957 1956 1958
f 1957 1958 1959
f 1959 1958 1960
f 1959 1960 1961
f 1961 1960 1962
f 1961 1962 1963
f 1964 1965 1966
f 1966 1965 1967
f 1966 1967 1968
f 1968 1967 1969
f 1968 1969 1970
f 1953 1971 1972
f 1972 1971 1973
f 1972 1973 1974
f 1949 1951 1975
f 1975 1951 1976
f 1975 1976 1977
f 1977 1976 1978
f 1978 1976 1979
f 1978 1979 1980
f 1980 1979 1981
f 1980 1981 1982
f 1982 1981 1983
f 1983 1981 1984
f 1983 1984 1985
f 1947 1946 1984
f 1984 1946 1986
f 1984 1986 1985
f 1987 1988 1948
f 1948 1988 1989
f 1948 1989 1946
f 1990 1991 1987
f 1987 1991 1992
f 1987 1992 1988
f 1987 1993 1990
f 1990 1993 1994
f 1990 1994 1995
f 1995 1994 1962
f 1995 1962 1996
f 1996 1962 1960
f 1996 1960 1997
f 1997 1960 1998
f 1998 1960 1958
f 1998 1958 1999
f 1999 1958 2000
f 2000 1958 1956
f 2000 1956 2001
f 1957 2002 1955
f 1955 2002 2003
f 1955 2003 2004
f 2004 2003 2005
f 2004 2005 2006
f 1953 1972 1954
f 1954 1972 2007
f 1954 2007 2008
f 1950 2009 1951
f 1951 2009 2010
f 1951 2010 1976
f 1976 2010 2011
f 1976 2011 1979
f 1979 2011 2012
f 1979 2012 1981
f 1981 2012 2013
f 1981 2013 1984
f 1984 2013 2014
f 1984 2014 1947
f 1947 2014 2015
f 1947 2015 1948
f 1948 2015 2016
f 1948 2016 1987
f 1987 2016 2017
f 1987 2017 1993
f 1993 2017 2018
f 1993 2018 1994
f 1994 2018 2019
f 1994 2019 1962
f 1962 2019 2020
f 1962 2020 1963
f 2021 2022 2023
f 2023 2022 2024
f 2023 2024 2025
f 2025 2024 2026
f 2025 2026 2027
f 2028 2029 2030
f 2030 2029 2031
f 2030 2031 2032
f 2032 2031 2033
f 2032 2033 2034
f 2034 2033 2035
f 2034 2035 2036
f 2036 2035 2037
f 2036 2037 2038
f 2038 2037 2039
f 2038 2039 2040
f 2040 2039 2027
f 2040 2027 2041
f 2041 2027 2026
f 2029 1963 2031
f 2031 1963 2020
f 2031 2020 2033
f 2033 2020 2019
f 2033 2019 2035
f 2035 2019 2018
f 2035 2018 2037
f 2037 2018 2017
f 2037 2017 2039
f 2039 2017 2016
f 2039 2016 2027
f 2027 2016 2015
f 2027 2015 2025
f 2025 2015 2014
f 2025 2014 2023
f 2023 2014 2013
f 2023 2013 2021
f 2021 2013 2012
f 2021 2012 2042
f 2042 2012 2011
f 2042 2011 2043
f 2043 2011 2010
f 2043 2010 2044
f 2044 2010 2009
f 2044 2009 2008
f 2008 2009 1950
f 2008 1950 1954
f 1954 1950 1949
f 1954 1949 1952
f 2045 2007 2046
f 2046 2007 1972
f 2046 1972 2047
f 2047 1972 1974
f 2047 1974 2048
f 2049 1970 2048
f 2048 1970 1969
f 2048 1969 2047
f 2047 1969 1967
f 2047 1967 2046
f 2046 1967 1965
f 2046 1965 2045
f 2045 2050 2007
f 2007 2050 2051
f 2007 2051 2008
f 2008 2051 2052
f 2008 2052 2044
f 2044 2052 2053
f 2044 2053 2043
f 2043 2053 2054
f 2043 2054 2042
f 2042 2054 2055
f 2042 2055 2021
f 2021 2055 2056
f 2021 2056 2022
f 2057 2058 2059
f 2060 2061 2062
f 2063 2064 2065
f 2066 2067 2068
f 2068 2067 2069
f 2068 2069 2070
f 2070 2069 2071
f 2070 2071 2072
f 2073 2074 2075
f 2075 2074 2076
f 2075 2076 2077
f 2077 2076 2066
f 2077 2066 2078
f 2078 2066 2068
f 2075 2079 2073
f 2073 2079 2080
f 2073 2080 2081
f 2081 2080 2082
f 2081 2082 2083
f 2083 2082 2084
f 2084 2082 2085
f 2084 2085 2086
f 2086 2085 2087
f 2086 2087 2088
f 2088 2087 2089
f 2088 2089 2090
f 2064 2091 2065
f 2065 2091 2092
f 2065 2092 2093
f 1983 2094 1982
f 1982 2094 2095
f 1982 2095 1980
f 1980 2095 2096
f 2097 2098 2099
f 2099 2098 2100
f 2099 2100 2094
f 2094 2100 2101
f 2094 2101 2095
f 2095 2101 2102
f 2095 2102 2096
f 2096 2102 2103
f 2096 2103 2104
f 2104 2103 2105
f 2106 2107 2108
f 2108 1988 1992
f 1992 1991 2108
f 2108 1991 2109
f 2108 2109 2106
f 2106 2109 2110
f 2111 2112 1997
f 1997 2112 1996
f 1996 2112 2113
f 1996 2113 1995
f 1995 2113 2114
f 1995 2114 1990
f 2115 2060 2111
f 2111 2060 2062
f 2111 2062 2112
f 2112 2062 2116
f 2112 2116 2113
f 2113 2116 2117
f 2113 2117 2114
f 1989 2097 1946
f 1946 2097 2099
f 1946 2099 1986
f 1986 2099 2094
f 1986 2094 1985
f 1985 2094 1983
f 2118 2119 2120
f 2120 2119 2121
f 2120 2121 2122
f 2121 2123 2122
f 2122 2123 2124
f 2122 2124 2125
f 2125 2124 2126
f 2125 2126 2127
f 2127 2126 2048
f 2048 2126 2128
f 2048 2128 2049
f 2129 1973 1971
f 2129 1971 2130
f 2131 2129 2132
f 2132 2129 2130
f 2132 2130 2133
f 2133 2130 2134
f 2133 2134 2105
f 2105 2134 2135
f 2105 2135 2104
f 2136 2137 2138
f 2137 2118 2138
f 2138 2118 2120
f 2138 2120 2139
f 2139 2120 2122
f 2139 2122 2140
f 2140 2122 2125
f 2140 2125 2141
f 2141 2125 2127
f 2141 2127 2142
f 2142 2127 2048
f 2143 2144 2145
f 2145 2144 2146
f 2145 2146 2147
f 2147 2146 2148
f 2092 2090 2093
f 2093 2090 2089
f 2093 2089 2149
f 2149 2089 2087
f 2149 2087 2150
f 2150 2087 2085
f 2150 2085 2151
f 2151 2085 2082
f 2151 2082 2152
f 2152 2082 2080
f 2152 2080 2153
f 2153 2080 2079
f 2153 2079 2154
f 2154 2079 2075
f 2154 2075 2155
f 2155 2075 2077
f 2155 2077 2156
f 2156 2077 2078
f 2156 2078 2157
f 2157 2078 2068
f 2157 2068 2143
f 2143 2068 2070
f 2143 2070 2144
f 2144 2070 2072
f 2144 2072 2146
f 2158 2159 2160
f 2160 2159 2161
f 2160 2161 2162
f 2162 2161 2163
f 2162 2163 2164
f 2164 2163 2165
f 2164 2165 2166
f 2166 2165 2167
f 2166 2167 2168
f 2168 2167 2169
f 2168 2169 2170
f 2170 2169 2171
f 2170 2171 2172
f 2172 2171 2173
f 2172 2173 2174
f 2174 2173 2175
f 2174 2175 2176
f 2176 2175 2177
f 2176 2177 2178
f 2178 2177 2179
f 2178 2179 2180
f 2180 2179 2181
f 2180 2181 2182
f 2182 2181 2107
f 2182 2107 2183
f 2183 2107 2106
f 2183 2106 2184
f 2184 2106 2110
f 2184 2110 2185
f 2058 2063 2059
f 2059 2063 2065
f 2059 2065 2185
f 2185 2065 2093
f 2185 2093 2184
f 2184 2093 2149
f 2184 2149 2183
f 2183 2149 2150
f 2183 2150 2182
f 2182 2150 2151
f 2182 2151 2180
f 2180 2151 2152
f 2180 2152 2178
f 2178 2152 2153
f 2178 2153 2176
f 2176 2153 2154
f 2176 2154 2174
f 2174 2154 2155
f 2174 2155 2172
f 2172 2155 2156
f 2172 2156 2170
f 2170 2156 2157
f 2170 2157 2168
f 2168 2157 2143
f 2168 2143 2166
f 2166 2143 2145
f 2166 2145 2164
f 2164 2145 2147
f 2164 2147 2162
f 2162 2147 2148
f 2162 2148 2160
f 2186 2136 2187
f 2187 2136 2138
f 2187 2138 2188
f 2188 2138 2139
f 2188 2139 2131
f 2131 2139 2140
f 2131 2140 2129
f 2129 2140 2141
f 2129 2141 1973
f 1973 2141 2142
f 1973 2142 1974
f 1974 2142 2048
f 1997 1998 2111
f 2111 1998 1999
f 2111 1999 2115
f 2115 1999 2000
f 2115 2000 2001
f 2061 2057 2062
f 2062 2057 2059
f 2062 2059 2116
f 2116 2059 2185
f 2116 2185 2117
f 2117 2185 2110
f 2117 2110 2114
f 2114 2110 2109
f 2114 2109 1990
f 1990 2109 1991
f 1971 1953 2130
f 2130 1953 1952
f 2130 1952 2134
f 2134 1952 1949
f 2134 1949 2135
f 2135 1949 1975
f 2135 1975 2104
f 2104 1975 1977
f 2104 1977 2096
f 2096 1977 1978
f 2096 1978 1980
f 2159 2186 2161
f 2161 2186 2187
f 2161 2187 2163
f 2163 2187 2188
f 2163 2188 2165
f 2165 2188 2131
f 2165 2131 2167
f 2167 2131 2132
f 2167 2132 2169
f 2169 2132 2133
f 2169 2133 2171
f 2171 2133 2105
f 2171 2105 2173
f 2173 2105 2103
f 2173 2103 2175
f 2175 2103 2102
f 2175 2102 2177
f 2177 2102 2101
f 2177 2101 2179
f 2179 2101 2100
f 2179 2100 2181
f 2181 2100 2098
f 2181 2098 2107
f 2107 2098 2097
f 2107 2097 2108
f 2108 2097 1989
f 2108 1989 1988
f 2189 2092 2091
f 2190 2191 2192
f 2073 2193 2194
f 2195 2196 2197
f 2193 2073 2198
f 2199 2200 2201
f 2202 2203 2204
f 2205 2206 2207
f 2208 2209 2210
f 2211 2212 2213
f 2213 2212 2214
f 2213 2214 2207
f 2207 2214 2204
f 2207 2204 2205
f 2201 2200 2215
f 2215 2200 2216
f 2215 2216 2217
f 2199 2218 2200
f 2200 2218 2219
f 2200 2219 2216
f 2201 2220 2199
f 2199 2220 2071
f 2199 2071 2069
f 2211 2221 2222
f 2222 2221 2223
f 2222 2223 2224
f 2224 2223 2225
f 2224 2225 2226
f 2226 2225 2217
f 2226 2217 2227
f 2227 2217 2216
f 2227 2216 2228
f 2228 2216 2219
f 2228 2219 2229
f 2229 2219 2218
f 2230 2066 2231
f 2231 2066 2076
f 2231 2076 2194
f 2194 2076 2074
f 2194 2074 2073
f 2204 2203 2205
f 2205 2203 2232
f 2205 2232 2206
f 2206 2232 2233
f 2206 2233 2234
f 2211 2213 2209
f 2209 2213 2207
f 2209 2207 2210
f 2210 2207 2206
f 2210 2206 2235
f 2235 2206 2234
f 2235 2234 2236
f 2237 2236 2238
f 2238 2236 2234
f 2238 2234 2239
f 2239 2234 2233
f 2239 2233 2240
f 2240 2233 2232
f 2240 2232 2241
f 2241 2232 2203
f 2241 2203 2242
f 2242 2203 2202
f 2242 2202 2243
f 2243 2202 2244
f 2244 2202 2204
f 2244 2204 2245
f 2245 2204 2214
f 2245 2214 2246
f 2246 2214 2212
f 2246 2212 2211
f 2208 2210 2247
f 2247 2210 2235
f 2247 2235 2248
f 2248 2235 2236
f 2248 2236 2249
f 2249 2236 2237
f 2249 2237 2250
f 2250 2237 2251
f 2250 2251 2252
f 2211 2253 2246
f 2246 2253 2254
f 2246 2254 2245
f 2245 2254 2255
f 2245 2255 2244
f 2244 2255 2256
f 2244 2256 2243
f 2243 2256 2257
f 2243 2257 2242
f 2242 2257 2258
f 2242 2258 2241
f 2241 2258 2259
f 2241 2259 2240
f 2240 2259 2260
f 2240 2260 2239
f 2239 2260 2261
f 2239 2261 2238
f 2238 2261 2262
f 2238 2262 2237
f 2237 2262 2263
f 2237 2263 2251
f 2251 2263 2197
f 2069 2067 2199
f 2199 2067 2066
f 2199 2066 2218
f 2218 2066 2230
f 2218 2230 2229
f 2229 2230 2231
f 2229 2231 2264
f 2264 2231 2194
f 2264 2194 2265
f 2265 2194 2193
f 2265 2193 2266
f 2266 2193 2198
f 2266 2198 2267
f 2267 2198 2268
f 2267 2268 2269
f 2269 2268 2270
f 2269 2270 2271
f 2271 2270 2272
f 2271 2272 2189
f 2189 2272 2090
f 2189 2090 2092
f 2197 2196 2251
f 2251 2196 2273
f 2251 2273 2252
f 2073 2081 2198
f 2198 2081 2083
f 2198 2083 2268
f 2268 2083 2084
f 2268 2084 2270
f 2270 2084 2086
f 2270 2086 2272
f 2272 2086 2088
f 2272 2088 2090
f 2190 2192 2274
f 2274 2192 2275
f 2274 2275 2276
f 2158 2160 2277
f 2277 2160 2276
f 2277 2276 2278
f 2278 2276 2275
f 2279 2280 2281
f 2281 2280 2190
f 2281 2190 2282
f 2282 2190 2274
f 2148 2146 2283
f 2283 2146 2284
f 2283 2284 2285
f 2285 2284 2286
f 2285 2286 2287
f 2160 2148 2276
f 2276 2148 2283
f 2276 2283 2274
f 2274 2283 2285
f 2274 2285 2282
f 2282 2285 2287
f 2287 2288 2282
f 2282 2288 2289
f 2282 2289 2281
f 2281 2289 2290
f 2281 2290 2279
f 2279 2290 2291
f 2279 2291 2292
f 2292 2291 2211
f 2252 2293 2250
f 2250 2293 2294
f 2250 2294 2249
f 2249 2294 2295
f 2249 2295 2248
f 2248 2295 2296
f 2248 2296 2247
f 2247 2296 2297
f 2247 2297 2208
f 2208 2297 2298
f 2208 2298 2209
f 2209 2298 2211
f 2225 2299 2217
f 2217 2299 2300
f 2217 2300 2215
f 2215 2300 2301
f 2215 2301 2201
f 2201 2301 2302
f 2201 2302 2220
f 2220 2302 2072
f 2220 2072 2071
f 2211 2291 2221
f 2221 2291 2290
f 2221 2290 2223
f 2223 2290 2289
f 2223 2289 2225
f 2225 2289 2288
f 2225 2288 2299
f 2299 2288 2287
f 2299 2287 2300
f 2300 2287 2286
f 2300 2286 2301
f 2301 2286 2284
f 2301 2284 2302
f 2302 2284 2146
f 2302 2146 2072
f 2191 2190 2303
f 2303 2190 2280
f 2303 2280 2304
f 2304 2280 2279
f 2304 2279 2305
f 2305 2279 2292
f 2305 2292 2211
f 2091 2195 2189
f 2189 2195 2197
f 2189 2197 2271
f 2271 2197 2263
f 2271 2263 2269
f 2269 2263 2262
f 2269 2262 2267
f 2267 2262 2261
f 2267 2261 2266
f 2266 2261 2260
f 2266 2260 2265
f 2265 2260 2259
f 2265 2259 2264
f 2264 2259 2258
f 2264 2258 2229
f 2229 2258 2257
f 2229 2257 2228
f 2228 2257 2256
f 2228 2256 2227
f 2227 2256 2255
f 2227 2255 2226
f 2226 2255 2254
f 2226 2254 2224
f 2224 2254 2253
f 2224 2253 2222
f 2222 2253 2211
f 2306 2307 260
f 260 2307 2308
f 260 2308 264
f 264 2308 668
f 264 668 530
f 2309 2310 2311
f 2311 2310 203
f 2312 2313 3
f 984 982 203
f 203 982 201
f 2314 2315 1008
f 1008 2315 987
f 2316 2317 1
f 2318 2319 1005
f 1005 2319 2320
f 1005 2320 1003
f 1003 2320 2321
f 1003 2321 3
f 3 2321 2322
f 3 2322 2312
f 2318 1005 2323
f 2323 1005 1007
f 2323 1007 2324
f 1 2317 988
f 2325 2326 3
f 3 2326 2327
f 3 2327 2328
f 203 2310 984
f 984 2310 2329
f 984 2329 985
f 985 2329 2330
f 985 2330 1007
f 1007 2330 2331
f 1007 2331 2324
f 2315 2332 987
f 987 2332 2333
f 987 2333 651
f 651 2333 2334
f 651 2334 260
f 260 2334 2335
f 260 2335 2306
f 2317 2336 988
f 988 2336 2337
f 988 2337 1008
f 1008 2337 2338
f 1008 2338 2314
f 2328 2339 3
f 3 2339 2340
f 3 2340 1
f 1 2340 2341
f 2341 2342 1
f 1 2342 2343
f 1 2343 2344
f 2313 2345 3
f 3 2345 2346
f 3 2346 2325
f 2344 2347 1
f 1 2347 2348
f 1 2348 2316
f 667 668 2308
f 667 2308 2349
f 2349 2308 2307
f 2349 2307 2350
f 2307 2306 2350
f 2350 2306 2335
f 2350 2335 2351
f 2335 2334 2351
f 2351 2334 2333
f 2351 2333 2352
f 2333 2332 2352
f 2352 2332 2315
f 2352 2315 2353
f 2315 2314 2353
f 2353 2314 2338
f 2353 2338 2354
f 2338 2337 2354
f 2354 2337 2336
f 2354 2336 2355
f 2336 2317 2355
f 2355 2317 2316
f 2355 2316 2356
f 2316 2348 2356
f 2356 2348 2347
f 2356 2347 2357
f 2347 2344 2357
f 2357 2344 2343
f 2357 2343 2358
f 2343 2342 2358
f 2358 2342 2341
f 2358 2341 2359
f 2359 2341 2340
f 2359 2340 2339
f 203 202 2311
f 2311 202 2360
f 2359 2339 2328
f 2359 2328 2361
f 2328 2327 2361
f 2361 2327 2326
f 2361 2326 2362
f 2326 2325 2362
f 2362 2325 2346
f 2362 2346 2363
f 2346 2345 2363
f 2363 2345 2313
f 2363 2313 2364
f 2313 2312 2364
f 2364 2312 2322
f 2364 2322 2365
f 2322 2321 2365
f 2365 2321 2320
f 2365 2320 2366
f 2320 2319 2366
f 2366 2319 2318
f 2366 2318 2367
f 2318 2323 2367
f 2367 2323 2324
f 2367 2324 2368
f 2324 2331 2368
f 2368 2331 2330
f 2368 2330 2369
f 2330 2329 2369
f 2369 2329 2310
f 2369 2310 2360
f 2360 2310 2309
f 2360 2309 2311
f 2061 2363 2057
f 2057 2363 2364
f 2057 2364 2058
f 2058 2364 2063
f 2370 2371 2356
f 2356 2371 2372
f 2356 2372 2355
f 2355 2372 2373
f 2355 2373 2374
f 2061 2060 2363
f 2363 2060 2115
f 2363 2115 2362
f 2370 2356 2375
f 2375 2356 2357
f 2375 2357 2376
f 2366 2195 2365
f 2365 2195 2091
f 2365 2091 2364
f 2364 2091 2064
f 2364 2064 2063
f 2293 2252 2367
f 2367 2252 2273
f 2367 2273 2366
f 2366 2273 2196
f 2366 2196 2195
f 2353 2377 2352
f 2352 2377 2378
f 2374 2379 2355
f 2355 2379 2380
f 2355 2380 2354
f 2354 2380 2381
f 2354 2381 2353
f 2353 2381 2382
f 2353 2382 2377
f 2378 2383 2352
f 2352 2383 2384
f 2352 2384 2351
f 2351 2384 2385
f 2351 2385 2350
f 2376 2357 2386
f 2386 2357 2358
f 2386 2358 2387
f 2387 2358 2359
f 2387 2359 2006
f 2115 2001 2362
f 2362 2001 1956
f 2362 1956 2361
f 2361 1956 1955
f 2361 1955 2359
f 2359 1955 2004
f 2359 2004 2006
f 2293 2367 2294
f 2294 2367 2368
f 2294 2368 2295
f 2295 2368 2369
f 2295 2369 2296
f 2296 2369 2360
f 2296 2360 2297
f 2297 2360 2298
f 2298 2360 202
f 2298 202 2211
f 2388 667 2389
f 2389 667 2349
f 2385 2390 2350
f 2350 2390 2391
f 2350 2391 2349
f 2349 2391 2392
f 2349 2392 2389
f 2393 2394 2395
f 2396 2397 2398
f 2399 2400 2401
f 2400 2399 2402
f 2403 2404 2405
f 2406 2407 2388
f 2388 2408 2409
f 2409 2408 2410
f 2411 2407 2412
f 2412 2407 2406
f 2412 2406 2413
f 2414 2415 2389
f 2389 2415 2388
f 2416 2388 2415
f 2417 2416 2418
f 2418 2416 2415
f 2418 2415 2419
f 2419 2415 2414
f 2419 2414 2392
f 2392 2414 2389
f 2420 2411 2421
f 2421 2411 2412
f 2421 2412 2422
f 2422 2412 2413
f 2422 2413 2423
f 2403 2405 2424
f 2424 2405 2425
f 2424 2425 2426
f 2427 2428 2429
f 2429 2428 2430
f 2429 2430 2431
f 2431 2430 2432
f 2433 2434 2435
f 2435 2434 2425
f 2435 2425 2436
f 2436 2425 2405
f 2436 2405 2437
f 2437 2405 2404
f 2437 2404 2438
f 2426 2425 2439
f 2439 2425 2434
f 2439 2434 2440
f 2431 2433 2429
f 2429 2433 2435
f 2429 2435 2427
f 2427 2435 2436
f 2427 2436 2441
f 2441 2436 2437
f 2441 2437 2442
f 2442 2437 2438
f 2442 2438 2443
f 2444 2445 2446
f 2446 2445 2447
f 2446 2447 2448
f 2449 2450 2451
f 2451 2450 2452
f 2451 2452 2453
f 2453 2452 2454
f 2453 2454 2455
f 2455 2454 2456
f 2440 2434 2457
f 2457 2434 2433
f 2457 2433 2458
f 2458 2433 2431
f 2458 2431 2459
f 2459 2431 2432
f 2459 2432 2460
f 2461 2456 2462
f 2462 2456 2454
f 2462 2454 2463
f 2463 2454 2452
f 2463 2452 2464
f 2464 2452 2450
f 2465 2466 2467
f 2467 2466 2461
f 2467 2461 2468
f 2468 2461 2462
f 2468 2462 2469
f 2469 2462 2463
f 2469 2463 2444
f 2444 2463 2464
f 2444 2464 2445
f 2445 2464 2450
f 2445 2450 2447
f 2447 2450 2449
f 2402 2399 2470
f 2470 2399 2471
f 2470 2471 2472
f 2397 2396 2473
f 2473 2396 2474
f 2473 2474 2475
f 2475 2474 2476
f 2476 2474 2477
f 2476 2477 2478
f 2403 2479 2480
f 2394 2481 2395
f 2395 2481 2482
f 2395 2482 2483
f 2483 2482 2472
f 2483 2472 2484
f 2481 2477 2482
f 2482 2477 2474
f 2482 2474 2472
f 2472 2474 2396
f 2472 2396 2470
f 2470 2396 2398
f 2470 2398 2402
f 2403 2480 2404
f 2404 2480 2485
f 2404 2485 2438
f 2438 2485 2486
f 2438 2486 2443
f 2443 2486 2420
f 2443 2420 2442
f 2442 2420 2421
f 2442 2421 2441
f 2441 2421 2422
f 2441 2422 2427
f 2427 2422 2423
f 2427 2423 2428
f 2388 2487 2488
f 2488 2487 2489
f 2488 2489 2490
f 2490 2489 2491
f 2490 2491 2492
f 2492 2491 2493
f 2484 2472 2493
f 2493 2472 2471
f 2493 2471 2492
f 2492 2471 2399
f 2492 2399 2490
f 2490 2399 2401
f 2490 2401 2488
f 2488 2401 2388
f 2381 2465 2382
f 2382 2465 2467
f 2382 2467 2377
f 2377 2467 2468
f 2377 2468 2378
f 2378 2468 2469
f 2378 2469 2383
f 2383 2469 2444
f 2383 2444 2384
f 2384 2444 2446
f 2384 2446 2385
f 2385 2446 2448
f 2385 2448 2390
f 2390 2448 2391
f 2392 2391 2419
f 2419 2391 2448
f 2419 2448 2418
f 2418 2448 2447
f 2418 2447 2417
f 2417 2447 2449
f 2417 2449 2494
f 2494 2449 2451
f 2494 2451 2495
f 2495 2451 2453
f 2495 2453 2496
f 2496 2453 2455
f 2496 2497 2495
f 2495 2497 2498
f 2495 2498 2494
f 2494 2498 2499
f 2494 2499 2417
f 2417 2499 2500
f 2417 2500 2416
f 2416 2500 2388
f 2466 2501 2461
f 2461 2501 2502
f 2461 2502 2456
f 2456 2502 2503
f 2456 2503 2455
f 2455 2503 2504
f 2455 2504 2496
f 2496 2504 2505
f 2496 2505 2497
f 2497 2505 2506
f 2497 2506 2498
f 2498 2506 2410
f 2498 2410 2499
f 2499 2410 2408
f 2499 2408 2500
f 2500 2408 2388
f 2507 2508 2460
f 2460 2508 2509
f 2460 2509 2459
f 2459 2509 2510
f 2459 2510 2458
f 2458 2510 2511
f 2458 2511 2457
f 2457 2511 2512
f 2457 2512 2440
f 2440 2512 2513
f 2440 2513 2439
f 2439 2513 2514
f 2439 2514 2426
f 2426 2514 2515
f 2426 2515 2424
f 2424 2515 2516
f 2424 2516 2403
f 2403 2516 2517
f 2403 2517 2479
f 2479 2517 2393
f 2393 2395 2479
f 2479 2395 2483
f 2479 2483 2480
f 2480 2483 2484
f 2480 2484 2485
f 2485 2484 2493
f 2485 2493 2486
f 2486 2493 2491
f 2486 2491 2420
f 2420 2491 2489
f 2420 2489 2411
f 2411 2489 2487
f 2411 2487 2407
f 2407 2487 2388
f 2501 2507 2502
f 2502 2507 2460
f 2502 2460 2503
f 2503 2460 2432
f 2503 2432 2504
f 2504 2432 2430
f 2504 2430 2505
f 2505 2430 2428
f 2505 2428 2506
f 2506 2428 2423
f 2506 2423 2410
f 2410 2423 2413
f 2410 2413 2409
f 2409 2413 2406
f 2409 2406 2388
f 2518 2477 2481
f 2519 2520 2521
f 2522 2523 2524
f 2525 2526 2527
f 2465 2381 2380
f 2466 2465 2528
f 2529 2530 2531
f 2532 2533 2511
f 2511 2533 2534
f 2511 2534 2512
f 2512 2534 2535
f 2512 2535 2513
f 2513 2535 2514
f 2535 2536 2514
f 2514 2536 2537
f 2514 2537 2515
f 2515 2537 2538
f 2515 2538 2516
f 2511 2510 2532
f 2532 2510 2509
f 2532 2509 2531
f 2531 2530 2532
f 2532 2530 2539
f 2532 2539 2533
f 2533 2539 2540
f 2533 2540 2534
f 2534 2540 2541
f 2534 2541 2535
f 2535 2541 2542
f 2535 2542 2536
f 2536 2542 2543
f 2536 2543 2537
f 2537 2543 2544
f 2537 2544 2538
f 2538 2544 2545
f 2538 2545 2546
f 2546 2545 2547
f 2546 2547 2548
f 2508 2507 2549
f 2549 2507 2550
f 2549 2550 2551
f 2507 2501 2550
f 2550 2501 2466
f 2550 2466 2551
f 2551 2466 2528
f 2551 2528 2552
f 2553 2554 2555
f 2555 2554 2556
f 2556 2554 2557
f 2556 2557 2558
f 2558 2557 2559
f 2558 2559 2560
f 2560 2559 2561
f 2560 2561 2562
f 2562 2561 2563
f 2562 2563 2564
f 2565 2566 2567
f 2567 2566 2568
f 2568 2566 2569
f 2568 2569 2570
f 2570 2569 2571
f 2570 2571 2572
f 2573 2574 2571
f 2571 2574 2564
f 2571 2564 2572
f 2572 2564 2563
f 2574 2575 2564
f 2564 2575 2576
f 2564 2576 2562
f 2562 2576 2577
f 2562 2577 2560
f 2560 2577 2578
f 2560 2578 2558
f 2579 2372 2371
f 2580 2581 2582
f 2582 2581 2583
f 2582 2583 2584
f 2584 2583 2585
f 2584 2585 2586
f 2584 2587 2582
f 2582 2587 2521
f 2582 2521 2580
f 2580 2521 2520
f 2588 2589 2590
f 2555 2591 2553
f 2553 2591 2592
f 2553 2592 2593
f 2593 2592 2594
f 2593 2594 2595
f 2595 2594 2596
f 2595 2596 2597
f 2597 2596 2598
f 2597 2598 2586
f 2586 2598 2588
f 2586 2588 2584
f 2584 2588 2590
f 2584 2590 2587
f 2587 2590 2599
f 2587 2599 2521
f 2521 2599 2600
f 2521 2600 2519
f 2519 2600 2601
f 2519 2601 2602
f 2478 2477 2603
f 2603 2477 2518
f 2603 2518 2604
f 2604 2518 2605
f 2606 2605 2607
f 2607 2605 2518
f 2607 2518 2608
f 2608 2518 2481
f 2608 2481 2394
f 2516 2538 2517
f 2517 2538 2546
f 2517 2546 2609
f 2609 2546 2548
f 2609 2548 2610
f 2611 2606 2612
f 2612 2606 2607
f 2612 2607 2613
f 2613 2607 2608
f 2613 2608 2610
f 2610 2608 2394
f 2610 2394 2609
f 2609 2394 2393
f 2609 2393 2517
f 2526 2525 2614
f 2614 2525 2615
f 2614 2615 2616
f 2616 2615 2617
f 2616 2617 2618
f 2618 2617 2619
f 2618 2619 2620
f 2620 2619 2621
f 2620 2621 2622
f 2622 2621 2623
f 2622 2623 2624
f 2624 2623 2625
f 2624 2625 2626
f 2626 2625 2627
f 2626 2627 2628
f 2628 2627 2629
f 2628 2629 2630
f 2630 2629 2631
f 2630 2631 2524
f 2523 2611 2524
f 2524 2611 2612
f 2524 2612 2630
f 2630 2612 2613
f 2630 2613 2628
f 2628 2613 2610
f 2628 2610 2626
f 2626 2610 2548
f 2626 2548 2624
f 2624 2548 2547
f 2624 2547 2622
f 2622 2547 2545
f 2622 2545 2620
f 2620 2545 2544
f 2620 2544 2618
f 2618 2544 2543
f 2618 2543 2616
f 2616 2543 2542
f 2616 2542 2614
f 2614 2542 2541
f 2614 2541 2526
f 2526 2541 2540
f 2526 2540 2527
f 2527 2540 2539
f 2527 2539 2632
f 2632 2539 2530
f 2632 2530 2633
f 2633 2530 2529
f 2633 2529 2634
f 2573 2571 2635
f 2635 2571 2569
f 2635 2569 2636
f 2636 2569 2566
f 2636 2566 2637
f 2637 2566 2565
f 2637 2565 2638
f 2638 2565 2370
f 2638 2370 2375
f 2465 2380 2528
f 2528 2380 2379
f 2528 2379 2552
f 2552 2379 2374
f 2552 2374 2373
f 2509 2508 2531
f 2531 2508 2549
f 2531 2549 2529
f 2529 2549 2551
f 2529 2551 2634
f 2634 2551 2552
f 2634 2552 2579
f 2579 2552 2373
f 2579 2373 2372
f 2578 2639 2558
f 2558 2639 2640
f 2558 2640 2556
f 2556 2640 2641
f 2556 2641 2555
f 2555 2641 2642
f 2555 2642 2591
f 2591 2642 2643
f 2591 2643 2592
f 2592 2643 2644
f 2592 2644 2594
f 2594 2644 2645
f 2594 2645 2596
f 2596 2645 2646
f 2596 2646 2598
f 2598 2646 2647
f 2598 2647 2588
f 2588 2647 2648
f 2588 2648 2589
f 2581 2522 2583
f 2583 2522 2524
f 2583 2524 2585
f 2585 2524 2631
f 2585 2631 2586
f 2586 2631 2629
f 2586 2629 2597
f 2597 2629 2627
f 2597 2627 2595
f 2595 2627 2625
f 2595 2625 2593
f 2593 2625 2623
f 2593 2623 2553
f 2553 2623 2621
f 2553 2621 2554
f 2554 2621 2619
f 2554 2619 2557
f 2557 2619 2617
f 2557 2617 2559
f 2559 2617 2615
f 2559 2615 2561
f 2561 2615 2525
f 2561 2525 2563
f 2563 2525 2527
f 2563 2527 2572
f 2572 2527 2632
f 2572 2632 2570
f 2570 2632 2633
f 2570 2633 2568
f 2568 2633 2634
f 2568 2634 2567
f 2567 2634 2579
f 2567 2579 2565
f 2565 2579 2371
f 2565 2371 2370
f 2649 2650 2651
f 2638 2375 2376
f 2652 2653 2654
f 2655 2387 2656
f 2656 2387 2006
f 2656 2006 2005
f 2638 2376 2637
f 2575 2574 2657
f 2657 2574 2573
f 2657 2573 2658
f 2658 2573 2635
f 2658 2635 2659
f 2659 2635 2636
f 2659 2636 2660
f 2660 2636 2637
f 2660 2637 2661
f 2661 2637 2376
f 2575 2657 2576
f 2576 2657 2662
f 2576 2662 2577
f 2577 2662 2663
f 2577 2663 2578
f 2578 2663 2664
f 2578 2664 2639
f 2639 2664 2640
f 2640 2664 2665
f 2640 2665 2641
f 2641 2665 2666
f 2641 2666 2642
f 2642 2666 2667
f 2642 2667 2643
f 2643 2667 2668
f 2643 2668 2644
f 2644 2668 2669
f 2644 2669 2645
f 2645 2669 2670
f 2645 2670 2646
f 2646 2670 2671
f 2646 2671 2647
f 2647 2671 2648
f 2648 2671 2672
f 2648 2672 2589
f 2589 2672 2590
f 2590 2672 2673
f 2590 2673 2599
f 2599 2673 2600
f 2600 2673 2674
f 2600 2674 2601
f 2601 2674 2675
f 2601 2675 2602
f 2650 2675 2651
f 2651 2675 2674
f 2651 2674 2676
f 2676 2674 2673
f 2676 2673 2677
f 2677 2673 2672
f 2677 2672 2678
f 2678 2672 2671
f 2678 2671 2679
f 2679 2671 2670
f 2679 2670 2680
f 2680 2670 2669
f 2680 2669 2681
f 2681 2669 2668
f 2681 2668 2682
f 2682 2668 2667
f 2682 2667 2683
f 2683 2667 2666
f 2683 2666 2684
f 2684 2666 2665
f 2684 2665 2685
f 2685 2665 2664
f 2685 2664 2686
f 2686 2664 2663
f 2686 2663 2687
f 2687 2663 2662
f 2687 2662 2688
f 2688 2662 2657
f 2688 2657 2689
f 2689 2657 2658
f 2689 2658 2654
f 2654 2658 2659
f 2654 2659 2652
f 2652 2659 2660
f 2652 2660 2690
f 2690 2660 2661
f 2690 2661 2691
f 2691 2661 2376
f 2691 2376 2655
f 2655 2376 2386
f 2655 2386 2387
f 2692 2056 2693
f 2693 2056 2055
f 2693 2055 2694
f 2694 2055 2054
f 2694 2054 2695
f 2695 2054 2053
f 2695 2053 2052
f 2696 2040 2697
f 2697 2040 2041
f 2697 2041 2698
f 2698 2041 2026
f 2698 2026 2699
f 2699 2026 2024
f 2699 2024 2692
f 2692 2024 2022
f 2692 2022 2056
f 2700 2028 2701
f 2701 2028 2030
f 2701 2030 2702
f 2702 2030 2032
f 2702 2032 2703
f 2703 2032 2034
f 2703 2034 2704
f 2704 2034 2036
f 2704 2036 2696
f 2696 2036 2038
f 2696 2038 2040
f 2677 2050 2676
f 2676 2050 2045
f 2676 2045 2651
f 2651 2045 1965
f 2651 1965 2649
f 2649 1965 1964
f 2653 2700 2654
f 2654 2700 2701
f 2654 2701 2689
f 2689 2701 2702
f 2689 2702 2688
f 2688 2702 2703
f 2688 2703 2687
f 2687 2703 2704
f 2687 2704 2686
f 2686 2704 2696
f 2686 2696 2685
f 2685 2696 2697
f 2685 2697 2684
f 2684 2697 2698
f 2684 2698 2683
f 2683 2698 2699
f 2683 2699 2682
f 2682 2699 2692
f 2682 2692 2681
f 2681 2692 2693
f 2681 2693 2680
f 2680 2693 2694
f 2680 2694 2679
f 2679 2694 2695
f 2679 2695 2678
f 2678 2695 2052
f 2678 2052 2677
f 2677 2052 2051
f 2677 2051 2050
f 182 2158 2277
f 182 2277 183
f 2277 2278 183
f 183 2278 2275
f 183 2275 204
f 204 2275 2192
f 204 2192 205
f 2192 2191 205
f 205 2191 2303
f 205 2303 207
f 207 2303 2304
f 207 2304 208
f 202 200 2211
f 2211 200 208
f 2211 208 2305
f 2305 208 2304
f 193 2049 2128
f 193 2128 191
f 2159 2158 180
f 180 2158 182
f 2159 180 2186
f 2186 180 174
f 2186 174 2136
f 2136 174 2137
f 2137 174 173
f 2137 173 2118
f 2123 2121 173
f 173 2121 2119
f 173 2119 2118
f 2128 2126 191
f 191 2126 2124
f 191 2124 189
f 189 2124 2123
f 189 2123 187
f 187 2123 173
f 2649 1964 177
f 177 661 2649
f 2649 661 656
f 2649 656 2650
f 2650 656 2675
f 2675 656 657
f 2675 657 2602
f 2606 2611 652
f 660 2580 659
f 659 2580 2520
f 659 2520 658
f 658 2520 2519
f 658 2519 657
f 657 2519 2602
f 2611 2523 652
f 652 2523 2522
f 652 2522 660
f 660 2522 2581
f 660 2581 2580
f 2606 652 2605
f 2605 652 653
f 2605 653 2604
f 2604 653 654
f 2604 654 2603
f 2603 654 655
f 2603 655 2478
f 667 2388 662
f 662 2388 2401
f 662 2401 663
f 663 2401 2400
f 2400 2402 663
f 663 2402 2398
f 663 2398 664
f 664 2398 665
f 665 2398 2397
f 665 2397 666
f 2397 2473 666
f 666 2473 2475
f 666 2475 655
f 655 2475 2476
f 655 2476 2478
f 1970 2049 193
f 1970 193 1968
f 193 195 1968
f 1968 195 178
f 1968 178 1966
f 1966 178 177
f 1966 177 1964
f 163 165 2705
f 2705 165 167
f 2705 167 169
f 157 159 2705
f 2705 159 161
f 2705 161 163
f 151 153 2705
f 2705 153 155
f 2705 155 157
f 169 171 2705
f 2705 171 149
f 2705 149 151
f 139 141 2706
f 2706 141 143
f 2706 143 145
f 133 135 2706
f 2706 135 137
f 2706 137 139
f 127 129 2706
f 2706 129 131
f 2706 131 133
f 145 147 2706
f 2706 147 125
f 2706 125 127
f 115 117 2707
f 2707 117 119
f 2707 119 121
f 109 111 2707
f 2707 111 113
f 2707 113 115
f 103 105 2707
f 2707 105 107
f 2707 107 109
f 121 123 2707
f 2707 123 101
f 2707 101 103
f 65 58 2708
f 71 69 2708
f 2708 69 63
f 2708 63 65
f 84 79 2708
f 2708 79 76
f 2708 76 71
f 96 92 2708
f 2708 92 88
f 2708 88 84
f 58 54 2708
f 2708 54 57
f 2708 57 96
f 44 46 2709
f 2709 46 48
f 2709 48 50
f 38 40 2709
f 2709 40 42
f 2709 42 44
f 32 34 2709
f 2709 34 36
f 2709 36 38
f 50 52 2709
f 2709 52 30
f 2709 30 32
f 5 28 2710
f 10 8 2710
f 2710 8 6
f 2710 6 5
f 16 14 2710
f 2710 14 12
f 2710 12 10
f 22 20 2710
f 2710 20 18
f 2710 18 16
f 28 26 2710
f 2710 26 24
f 2710 24 22
f 2656 2711 2655
f 2655 2711 2691
f 2005 2003 2712
f 2712 2003 2002
f 2712 2002 1957
f 2029 2713 1963
f 1963 2713 1961
f 2028 2700 2714
f 2714 2700 2653
f 2714 2653 2652
f 2029 2028 2713
f 2713 2028 2714
f 2713 2714 2715
f 2715 2714 2716
f 2715 2716 2717
f 2717 2716 2718
f 2717 2718 2719
f 2719 2718 2720
f 2719 2720 2712
f 2712 2720 2711
f 2712 2711 2005
f 2005 2711 2656
f 2712 1957 1959
f 1959 1961 2713
f 2712 1959 2719
f 2719 1959 2717
f 2717 1959 2713
f 2717 2713 2715
f 2714 2652 2690
f 2690 2691 2711
f 2714 2690 2716
f 2716 2690 2718
f 2718 2690 2711
f 2718 2711 2720
f 2721 2722 2723
f 2723 2722 2724
f 2723 2724 2725
f 2725 2724 2726
f 2722 2727 2728
f 2728 2727 2729
f 2728 2729 2730
f 2730 2729 2731
f 2732 2733 2734
f 2734 2733 2735
f 2734 2735 2736
f 2737 2738 2739
f 2739 2738 2740
f 2739 2740 2741
f 2741 2740 2742
f 2741 2742 2743
f 2743 2742 2744
f 2744 2742 2745
f 2744 2745 2746
f 2722 2721 2727
f 2727 2721 2747
f 2727 2747 2745
f 2745 2747 2748
f 2745 2748 2746
f 2734 2749 2732
f 2732 2749 2750
f 2732 2750 2729
f 2729 2750 2751
f 2729 2751 2731
f 2752 2753 2754
f 2754 2753 2755
f 2756 2757 2758
f 2758 2757 2759
f 2758 2759 2760
f 2752 2761 2753
f 2753 2761 2762
f 2753 2762 2763
f 2763 2762 2764
f 2763 2764 2758
f 2758 2764 2765
f 2758 2765 2756
f 2766 2767 2768
f 2768 2767 2763
f 2768 2763 2769
f 2769 2763 2770
f 2758 2771 2772
f 2772 2773 2758
f 2758 2773 2774
f 2758 2774 2763
f 2763 2774 2775
f 2763 2775 2770
f 2767 2776 2763
f 2763 2776 2777
f 2763 2777 2753
f 2753 2777 2778
f 2779 2780 2781
f 2781 2780 2782
f 2781 2782 2778
f 2778 2782 2783
f 2778 2783 2753
f 2784 2776 2785
f 2785 2776 2767
f 2785 2767 2786
f 2786 2767 2766
f 2786 2766 2787
f 2766 2768 2787
f 2787 2768 2788
f 2737 2739 2789
f 2789 2739 2790
f 2789 2790 2791
f 2792 2793 2794
f 2794 2793 2795
f 2794 2795 2791
f 2791 2795 2796
f 2791 2796 2789
f 2758 2760 2771
f 2771 2760 2797
f 2771 2797 2772
f 2772 2797 2798
f 2772 2798 2773
f 2773 2798 2799
f 2773 2799 2774
f 2774 2799 2800
f 2774 2800 2792
f 2792 2794 2774
f 2774 2794 2801
f 2774 2801 2802
f 2788 2768 2803
f 2803 2768 2769
f 2803 2769 2804
f 2804 2769 2770
f 2804 2770 2802
f 2802 2770 2775
f 2802 2775 2774
f 2805 2806 2807
f 2806 2808 2807
f 2807 2808 2809
f 2807 2809 2810
f 2810 2809 2811
f 2810 2811 2812
f 2812 2811 2813
f 2812 2813 2814
f 2814 2813 2815
f 2814 2815 2816
f 2816 2815 2817
f 2816 2817 2818
f 2818 2817 2819
f 2791 2818 2794
f 2794 2818 2819
f 2794 2819 2801
f 2820 2821 2805
f 2805 2807 2820
f 2820 2807 2810
f 2820 2810 2822
f 2822 2810 2812
f 2822 2812 2823
f 2823 2812 2814
f 2823 2814 2824
f 2824 2814 2816
f 2824 2816 2825
f 2825 2816 2818
f 2825 2818 2826
f 2826 2818 2791
f 2826 2791 2790
f 2827 2723 2725
f 2790 2828 2826
f 2826 2828 2829
f 2826 2829 2825
f 2825 2829 2830
f 2825 2830 2824
f 2824 2830 2831
f 2824 2831 2823
f 2823 2831 2832
f 2823 2832 2822
f 2822 2832 2827
f 2822 2827 2820
f 2820 2827 2725
f 2820 2725 2821
f 2721 2723 2747
f 2747 2723 2827
f 2747 2827 2748
f 2748 2827 2832
f 2748 2832 2746
f 2746 2832 2831
f 2746 2831 2744
f 2744 2831 2830
f 2744 2830 2743
f 2743 2830 2829
f 2743 2829 2741
f 2741 2829 2828
f 2741 2828 2739
f 2739 2828 2790
f 2833 2759 2834
f 2834 2759 2757
f 2834 2757 2835
f 2835 2757 2756
f 2835 2756 2836
f 2836 2756 2765
f 2837 2836 2838
f 2838 2836 2765
f 2838 2765 2764
f 2839 2840 2833
f 2833 2840 2841
f 2833 2841 2759
f 2759 2841 2842
f 2759 2842 2760
f 2839 2833 2843
f 2843 2833 2834
f 2843 2834 2844
f 2844 2834 2835
f 2844 2835 2845
f 2845 2835 2836
f 2845 2836 2846
f 2846 2836 2837
f 2846 2837 2847
f 2848 2849 2850
f 2847 2851 2846
f 2846 2851 2852
f 2846 2852 2845
f 2845 2852 2853
f 2845 2853 2844
f 2844 2853 2848
f 2844 2848 2843
f 2843 2848 2850
f 2843 2850 2839
f 2854 2849 2855
f 2855 2849 2848
f 2855 2848 2856
f 2856 2848 2853
f 2856 2853 2857
f 2857 2853 2852
f 2857 2852 2858
f 2858 2852 2851
f 2858 2851 2859
f 2859 2851 2847
f 2860 2737 2789
f 2861 2862 2863
f 2864 2865 2866
f 2864 2866 2867
f 2867 2866 2868
f 2868 2866 2869
f 2868 2869 2870
f 2871 2872 2873
f 2873 2872 2874
f 2873 2874 2875
f 2799 2876 2800
f 2800 2876 2792
f 2877 2878 2879
f 2879 2878 2880
f 2879 2880 2797
f 2797 2880 2798
f 2799 2798 2876
f 2876 2798 2880
f 2876 2880 2881
f 2881 2880 2878
f 2881 2878 2882
f 2882 2878 2877
f 2882 2877 2883
f 2884 2862 2885
f 2885 2862 2861
f 2885 2861 2886
f 2840 2883 2841
f 2841 2883 2877
f 2841 2877 2842
f 2842 2877 2879
f 2842 2879 2760
f 2760 2879 2797
f 2875 2887 2873
f 2873 2887 2888
f 2873 2888 2871
f 2854 2889 2849
f 2849 2889 2890
f 2849 2890 2850
f 2850 2890 2891
f 2850 2891 2839
f 2865 2892 2866
f 2866 2892 2893
f 2866 2893 2869
f 2869 2893 2874
f 2869 2874 2870
f 2870 2874 2872
f 2796 2894 2789
f 2789 2894 2895
f 2789 2895 2860
f 2865 2896 2892
f 2892 2896 2897
f 2892 2897 2898
f 2898 2897 2899
f 2898 2899 2900
f 2901 2902 2903
f 2903 2902 2904
f 2903 2904 2905
f 2905 2904 2906
f 2905 2906 2907
f 2907 2906 2908
f 2796 2795 2894
f 2894 2795 2793
f 2894 2793 2909
f 2909 2793 2792
f 2909 2792 2863
f 2900 2908 2898
f 2898 2908 2906
f 2898 2906 2892
f 2892 2906 2904
f 2892 2904 2893
f 2893 2904 2902
f 2893 2902 2874
f 2874 2902 2901
f 2874 2901 2875
f 2792 2876 2863
f 2863 2876 2881
f 2863 2881 2861
f 2861 2881 2882
f 2861 2882 2886
f 2886 2882 2883
f 2886 2883 2891
f 2891 2883 2840
f 2891 2840 2839
f 2889 2871 2890
f 2890 2871 2888
f 2890 2888 2891
f 2891 2888 2887
f 2891 2887 2886
f 2886 2887 2875
f 2886 2875 2885
f 2885 2875 2901
f 2885 2901 2884
f 2884 2901 2903
f 2884 2903 2862
f 2862 2903 2905
f 2862 2905 2863
f 2863 2905 2907
f 2863 2907 2909
f 2909 2907 2908
f 2909 2908 2894
f 2894 2908 2900
f 2894 2900 2895
f 2895 2900 2899
f 2895 2899 2860
f 2910 2911 2912
f 2865 2864 2913
f 2897 2896 2914
f 2860 2899 2915
f 2737 2860 2738
f 2738 2860 2915
f 2738 2915 2740
f 2740 2915 2916
f 2740 2916 2742
f 2742 2916 2917
f 2742 2917 2745
f 2745 2917 2918
f 2745 2918 2727
f 2897 2914 2899
f 2899 2914 2915
f 2915 2914 2919
f 2915 2919 2916
f 2916 2919 2920
f 2916 2920 2917
f 2917 2920 2921
f 2917 2921 2918
f 2918 2921 2922
f 2918 2922 2727
f 2865 2913 2896
f 2896 2913 2914
f 2914 2913 2923
f 2914 2923 2919
f 2919 2923 2924
f 2919 2924 2920
f 2920 2924 2910
f 2920 2910 2921
f 2921 2910 2912
f 2921 2912 2922
f 2925 2911 2926
f 2926 2911 2910
f 2926 2910 2927
f 2927 2910 2924
f 2927 2924 2928
f 2928 2924 2923
f 2928 2923 2929
f 2929 2923 2913
f 2929 2913 2867
f 2867 2913 2864
f 2777 2776 2930
f 2930 2776 2784
f 2931 2932 2933
f 2934 2935 2933
f 2933 2935 2780
f 2933 2780 2931
f 2931 2780 2779
f 2931 2779 2936
f 2936 2779 2781
f 2936 2781 2937
f 2937 2781 2778
f 2937 2778 2930
f 2930 2778 2777
f 2935 2938 2780
f 2780 2938 2939
f 2780 2939 2782
f 2940 2755 2753
f 2939 2941 2782
f 2782 2941 2940
f 2782 2940 2783
f 2783 2940 2753
f 2734 2736 2942
f 2942 2736 2943
f 2942 2943 2944
f 2944 2943 2945
f 2944 2945 2933
f 2933 2945 2946
f 2933 2946 2934
f 2947 2948 2949
f 2726 2724 2950
f 2724 2722 2950
f 2950 2722 2728
f 2950 2728 2951
f 2951 2728 2730
f 2951 2730 2952
f 2952 2730 2731
f 2952 2731 2953
f 2953 2731 2751
f 2953 2751 2954
f 2954 2751 2750
f 2954 2750 2955
f 2955 2750 2749
f 2955 2749 2942
f 2942 2749 2734
f 2948 2726 2949
f 2949 2726 2950
f 2949 2950 2956
f 2956 2950 2951
f 2956 2951 2957
f 2957 2951 2952
f 2957 2952 2958
f 2958 2952 2953
f 2958 2953 2959
f 2959 2953 2954
f 2959 2954 2960
f 2960 2954 2955
f 2960 2955 2944
f 2944 2955 2942
f 2961 2947 2962
f 2962 2947 2949
f 2962 2949 2963
f 2963 2949 2956
f 2963 2956 2964
f 2964 2956 2957
f 2964 2957 2965
f 2965 2957 2958
f 2965 2958 2966
f 2966 2958 2959
f 2966 2959 2967
f 2967 2959 2960
f 2967 2960 2933
f 2933 2960 2944
f 2968 2961 2969
f 2969 2961 2962
f 2969 2962 2970
f 2970 2962 2963
f 2970 2963 2971
f 2971 2963 2964
f 2971 2964 2972
f 2972 2964 2965
f 2972 2965 2973
f 2973 2965 2966
f 2973 2966 2974
f 2974 2966 2967
f 2974 2967 2932
f 2932 2967 2933
f 2975 2976 2977
f 2978 2979 2980
f 2981 2982 2983
f 2983 2982 2984
f 2983 2984 2985
f 2985 2984 2986
f 2985 2986 2987
f 2987 2986 2988
f 2987 2988 2989
f 2989 2988 2990
f 2989 2990 2847
f 2847 2990 2859
f 2847 2837 2989
f 2989 2837 2991
f 2989 2991 2987
f 2987 2991 2992
f 2987 2992 2985
f 2985 2992 2993
f 2985 2993 2983
f 2983 2993 2980
f 2980 2979 2983
f 2983 2979 2994
f 2983 2994 2981
f 2976 2978 2977
f 2977 2978 2980
f 2977 2980 2995
f 2995 2980 2993
f 2995 2993 2996
f 2996 2993 2992
f 2996 2992 2997
f 2997 2992 2991
f 2997 2991 2838
f 2838 2991 2837
f 2755 2975 2754
f 2754 2975 2977
f 2754 2977 2752
f 2752 2977 2995
f 2752 2995 2761
f 2761 2995 2996
f 2761 2996 2762
f 2762 2996 2997
f 2762 2997 2764
f 2764 2997 2838
f 2998 2736 2735
f 2999 3000 3001
f 2911 2925 3002
f 3002 2925 3003
f 3002 3003 3004
f 3004 3003 3005
f 3004 3005 3006
f 3006 3005 3007
f 3006 3007 3008
f 3008 3007 3009
f 3008 3009 3010
f 3010 3009 3011
f 2912 2911 3012
f 3012 2911 3002
f 3012 3002 3013
f 3013 3002 3004
f 3013 3004 3014
f 3014 3004 3006
f 3014 3006 3001
f 3001 3006 3008
f 3001 3008 2999
f 2999 3008 3010
f 2922 2912 3015
f 3015 2912 3012
f 3015 3012 3016
f 3016 3012 3013
f 3016 3013 3017
f 3017 3013 3014
f 3017 3014 3018
f 3018 3014 3001
f 3018 3001 3019
f 3019 3001 3000
f 2998 2735 3020
f 2727 2922 2729
f 2729 2922 3015
f 2729 3015 2732
f 2732 3015 3016
f 2732 3016 2733
f 2733 3016 3017
f 2733 3017 2735
f 2735 3017 3018
f 2735 3018 3020
f 3020 3018 3019
f 3020 3019 3021
f 3022 2994 2979
f 3023 3024 3025
f 2938 2935 3026
f 3027 3028 3029
f 3030 2982 3022
f 3022 2982 2981
f 3022 2981 2994
f 3028 3027 3031
f 3031 3027 3032
f 3031 3032 3033
f 3034 3035 3036
f 3011 3035 3010
f 3010 3035 3034
f 3010 3034 2999
f 2999 3034 3000
f 2938 3026 2939
f 2939 3026 3037
f 2939 3037 2941
f 2941 3037 3038
f 2941 3038 2940
f 3039 3023 3040
f 3040 3023 3025
f 3040 3025 3041
f 3041 3025 3042
f 3041 3042 3043
f 3043 3042 3044
f 3043 3044 3045
f 3046 3047 3048
f 3048 3047 3049
f 3050 3046 3051
f 3051 3046 3048
f 3051 3048 3033
f 3052 3053 3054
f 3054 3053 3055
f 3054 3055 3056
f 3019 3000 3021
f 3021 3000 3034
f 3021 3034 3029
f 3029 3034 3036
f 3029 3036 3027
f 2943 2736 3057
f 3057 2736 2998
f 3057 2998 3058
f 3058 2998 3020
f 3058 3020 3059
f 3059 3020 3021
f 3060 3052 3061
f 3061 3052 3054
f 3061 3054 3047
f 3047 3054 3056
f 3047 3056 3049
f 2945 3062 2946
f 2946 3062 3063
f 2946 3063 2934
f 2934 3063 2935
f 3062 3045 3063
f 3063 3045 3044
f 3063 3044 2935
f 2935 3044 3042
f 2935 3042 3026
f 3026 3042 3025
f 3026 3025 3037
f 3037 3025 3024
f 3037 3024 3038
f 3033 3048 3031
f 3031 3048 3049
f 3031 3049 3028
f 3028 3049 3056
f 3028 3056 3029
f 3029 3056 3055
f 3029 3055 3021
f 3021 3055 3053
f 3021 3053 3059
f 3059 3053 3052
f 3059 3052 3058
f 3058 3052 3060
f 3058 3060 3057
f 2755 2940 2975
f 2975 2940 3038
f 2975 3038 2976
f 2976 3038 3024
f 2976 3024 2978
f 2978 3024 3023
f 2978 3023 2979
f 2979 3023 3039
f 2979 3039 3022
f 3032 3030 3033
f 3033 3030 3022
f 3033 3022 3051
f 3051 3022 3039
f 3051 3039 3050
f 3050 3039 3040
f 3050 3040 3046
f 3046 3040 3041
f 3046 3041 3047
f 3047 3041 3043
f 3047 3043 3061
f 3061 3043 3045
f 3061 3045 3060
f 3060 3045 3062
f 3060 3062 3057
f 3057 3062 2945
f 3057 2945 2943
f 2968 2808 2961
f 2961 2808 2806
f 2961 2806 2947
f 2947 2806 2805
f 2947 2805 2948
f 2948 2805 2821
f 2948 2821 2726
f 2726 2821 2725
f 2990 2988 3064
f 3064 2988 2931
f 3065 2802 2856
f 2856 2857 3065
f 3065 2857 2858
f 3065 2858 3064
f 3064 2858 2859
f 3064 2859 2990
f 2988 2986 2931
f 2931 2986 2984
f 2931 2984 2982
f 2932 3009 2974
f 2974 3009 3007
f 2974 3007 2973
f 2973 3007 3005
f 2973 3005 2972
f 2972 3005 2971
f 2971 3005 3003
f 2971 3003 2970
f 2970 3003 2969
f 2969 3003 2925
f 2969 2925 2968
f 2815 2813 2927
f 2927 2813 2926
f 2813 2811 2926
f 2926 2811 2809
f 2926 2809 2925
f 2925 2809 2808
f 2925 2808 2968
f 2801 2819 2928
f 2928 2819 2927
f 2927 2819 2817
f 2927 2817 2815
f 2889 2854 2802
f 2802 2854 2855
f 2802 2855 2856
f 2928 2929 2801
f 2801 2929 2867
f 2801 2867 2868
f 2982 3030 2931
f 2931 3030 3032
f 2931 3032 2932
f 2932 3032 3027
f 2932 3027 3036
f 3036 3035 2932
f 2932 3035 3011
f 2932 3011 3009
f 2868 2870 2801
f 2801 2870 2872
f 2801 2872 2802
f 2802 2872 2871
f 2802 2871 2889
f 3064 2931 2936
f 2784 2785 2930
f 2930 2785 3064
f 2930 3064 2937
f 2937 3064 2936
f 2786 2787 3065
f 3065 2787 2788
f 2788 2803 3065
f 3065 2803 2804
f 3065 2804 2802
f 3065 3064 2786
f 2786 3064 2785
f 3066 3067 3068
f 3069 3067 3066
f 3066 3070 3071
f 3072 3070 3066
f 3068 3072 3066
f 3066 3073 3074
f 3075 3073 3066
f 3071 3075 3066
f 3066 3076 3077
f 3078 3076 3066
f 3074 3078 3066
f 3077 3069 3066
f 3069 3079 3067
f 3067 3079 3080
f 3067 3080 3068
f 3068 3080 3081
f 3068 3081 3072
f 3072 3081 3082
f 3072 3082 3070
f 3070 3082 3083
f 3070 3083 3071
f 3071 3083 3084
f 3071 3084 3075
f 3075 3084 3085
f 3075 3085 3073
f 3073 3085 3086
f 3073 3086 3074
f 3074 3086 3087
f 3074 3087 3078
f 3078 3087 3088
f 3078 3088 3076
f 3076 3088 3089
f 3076 3089 3077
f 3077 3089 3090
f 3077 3090 3069
f 3069 3090 3079
f 3090 3089 3091
f 3091 3089 3088
f 3091 3088 3087
f 3081 3080 3091
f 3091 3080 3079
f 3091 3079 3090
f 3084 3083 3091
f 3091 3083 3082
f 3091 3082 3081
f 3087 3086 3091
f 3091 3086 3085
f 3091 3085 3084
f 3092 3093 3094
f 3095 3093 3092
f 3092 3096 3097
f 3098 3096 3092
f 3094 3098 3092
f 3092 3099 3100
f 3101 3099 3092
f 3097 3101 3092
f 3092 3102 3103
f 3104 3102 3092
f 3100 3104 3092
f 3103 3095 3092
f 3095 3105 3093
f 3093 3105 3106
f 3093 3106 3094
f 3094 3106 3107
f 3094 3107 3098
f 3098 3107 3108
f 3098 3108 3096
f 3096 3108 3109
f 3096 3109 3097
f 3097 3109 3110
f 3097 3110 3101
f 3101 3110 3111
f 3101 3111 3099
f 3099 3111 3112
f 3099 3112 3100
f 3100 3112 3113
f 3100 3113 3104
f 3104 3113 3114
f 3104 3114 3102
f 3102 3114 3115
f 3102 3115 3103
f 3103 3115 3116
f 3103 3116 3095
f 3095 3116 3105
f 3116 3115 3117
f 3117 3115 3114
f 3117 3114 3113
f 3107 3106 3117
f 3117 3106 3105
f 3117 3105 3116
f 3110 3109 3117
f 3117 3109 3108
f 3117 3108 3107
f 3113 3112 3117
f 3117 3112 3111
f 3117 3111 3110
f 3118 3119 3120
f 3120 3121 3118
f 3118 3121 3122
f 3118 3122 3123
f 3122 3124 3123
f 3123 3124 3125
f 3123 3125 3126
f 3125 3127 3126
f 3126 3127 3128
f 3126 3128 3129
f 3128 3130 3129
f 3129 3130 3131
f 3129 3131 3132
f 3131 3133 3132
f 3132 3133 3134
f 3132 3134 3135
f 3134 3136 3135
f 3135 3136 3137
f 3135 3137 3138
f 3137 3139 3138
f 3138 3139 3140
f 3138 3140 3141
f 3140 3142 3141
f 3141 3142 3143
f 3141 3143 3144
f 3143 3145 3144
f 3144 3145 3146
f 3144 3146 3147
f 3146 3148 3147
f 3147 3148 3149
f 3147 3149 3150
f 3149 3151 3150
f 3150 3151 3152
f 3150 3152 3119
f 3119 3152 3153
f 3119 3153 3120
f 3154 3155 3156
f 3154 3157 3158
f 3158 3157 3159
f 3158 3159 3160
f 3160 3159 3161
f 3160 3161 3162
f 3162 3161 3163
f 3162 3163 3164
f 3164 3163 3165
f 3164 3165 3166
f 3166 3165 3167
f 3166 3167 3168
f 3168 3167 3169
f 3168 3169 3170
f 3170 3169 3171
f 3170 3171 3172
f 3172 3171 3173
f 3172 3173 3174
f 3174 3173 3175
f 3174 3175 3176
f 3156 3155 3177
f 3128 3127 3175
f 3175 3127 3177
f 3175 3177 3176
f 3176 3177 3155
f 3128 3175 3130
f 3130 3175 3173
f 3130 3173 3131
f 3131 3173 3133
f 3133 3173 3171
f 3133 3171 3134
f 3134 3171 3136
f 3136 3171 3169
f 3136 3169 3137
f 3137 3169 3139
f 3139 3169 3167
f 3139 3167 3140
f 3140 3167 3142
f 3142 3167 3165
f 3142 3165 3143
f 3143 3165 3145
f 3145 3165 3163
f 3145 3163 3146
f 3146 3163 3148
f 3148 3163 3161
f 3148 3161 3149
f 3149 3161 3151
f 3151 3161 3159
f 3151 3159 3152
f 3152 3159 3153
f 3153 3159 3157
f 3153 3157 3120
f 3154 3156 3157
f 3157 3156 3121
f 3157 3121 3120
f 3127 3125 3177
f 3177 3125 3124
f 3177 3124 3156
f 3156 3124 3122
f 3156 3122 3121
f 3178 3179 3174
f 3174 3179 3180
f 3174 3180 3172
f 3172 3180 3181
f 3172 3181 3170
f 3170 3181 3182
f 3170 3182 3168
f 3168 3182 3183
f 3168 3183 3166
f 3166 3183 3184
f 3166 3184 3164
f 3164 3184 3185
f 3164 3185 3162
f 3162 3185 3186
f 3162 3186 3160
f 3160 3186 3187
f 3160 3187 3158
f 3158 3187 3188
f 3158 3188 3154
f 3154 3188 3189
f 3154 3189 3155
f 3155 3189 3190
f 3155 3190 3176
f 3176 3190 3178
f 3176 3178 3174
f 3179 3178 3126
f 3126 3178 3190
f 3126 3190 3123
f 3123 3190 3189
f 3123 3189 3118
f 3118 3189 3188
f 3118 3188 3119
f 3119 3188 3187
f 3119 3187 3150
f 3150 3187 3186
f 3150 3186 3147
f 3147 3186 3185
f 3147 3185 3144
f 3144 3185 3184
f 3144 3184 3141
f 3141 3184 3183
f 3141 3183 3138
f 3138 3183 3182
f 3138 3182 3135
f 3135 3182 3181
f 3135 3181 3132
f 3132 3181 3180
f 3132 3180 3129
f 3129 3180 3179
f 3129 3179 3126

