# https://github.com/mikedh/trimesh
v -0.01577507 0.00688196 -0.00100000
v -0.01565000 0.00688197 -0.00100000
v -0.01565000 0.00657342 -0.00046353
v -0.01595000 0.00850179 -0.00141358
v -0.01577377 0.00772778 -0.00147509
v -0.01595000 0.00772778 -0.00147509
v -0.01577485 0.00702670 -0.00114135
v -0.01595000 0.00702670 -0.00114135
v -0.01595000 0.00658642 -0.00050179
v -0.01565000 0.00914136 -0.00097330
v -0.01565000 0.00911803 -0.00100000
v -0.01577163 0.00911804 -0.00100000
v -0.01565000 0.00653278 0.00031187
v -0.01595000 0.00652491 0.00027223
v -0.01565000 0.00688528 0.00100370
v -0.01595000 0.00685865 0.00097330
v -0.01565000 0.00753648 0.00142659
v -0.01595000 0.00749821 0.00141358
v -0.01565000 0.00831187 0.00146722
v -0.01595000 0.00827222 0.00147509
v -0.01565000 0.00900370 0.00111472
v -0.01595000 0.00897330 0.00114136
v -0.01565000 0.00942658 0.00046353
v -0.01595000 0.00941358 0.00050179
v -0.01565000 0.00946722 -0.00031187
v -0.01595000 0.00947509 -0.00027222
v -0.01595000 0.00914135 -0.00097330
v -0.01577258 0.00850179 -0.00141358
v -0.01595000 0.00758160 0.00070038
v -0.01595000 0.00779569 0.00009726
v -0.01595000 0.00719257 -0.00011684
v -0.01595000 0.00729962 -0.00041841
v -0.01595000 0.00790274 -0.00020431
v -0.01595000 0.00811684 -0.00080743
v -0.01595000 0.00809726 0.00020430
v -0.01595000 0.00788316 0.00080743
v -0.01595000 0.00870038 0.00041841
v -0.01595000 0.00880743 0.00011684
v -0.01595000 0.00841840 -0.00070039
v -0.01595000 0.00820431 -0.00009726
v -0.01545000 0.00757166 -0.00032183
v -0.01545000 0.00790274 -0.00020431
v -0.01545000 0.00802027 -0.00053539
v -0.01545000 0.00832184 -0.00042834
v -0.01545000 0.00820430 -0.00009726
v -0.01545000 0.00853539 0.00002027
v -0.01545000 0.00842834 0.00032183
v -0.01545000 0.00809726 0.00020431
v -0.01545000 0.00797973 0.00053539
v -0.01545000 0.00767816 0.00042834
v -0.01545000 0.00779570 0.00009726
v -0.01545000 0.00746461 -0.00002027
v -0.01086066 0.01615554 0.00094159
v -0.01100024 0.01629584 0.00100000
v -0.01070168 0.01599656 -0.00209189
v -0.01100084 0.01629634 -0.00370063
v -0.01070168 0.01599656 -0.00370000
v -0.00900000 0.01629656 0.00300000
v -0.00898719 0.01626158 0.00296502
v -0.00300000 0.01626158 0.00296502
v 0.00899663 0.01629656 0.00300000
v -0.00300000 0.01599742 0.00270000
v 0.00650000 0.01600000 0.00270344
v 0.00887466 0.01599828 0.00270147
v -0.00300000 0.01599927 -0.00370136
v -0.00300000 0.01599656 -0.00209189
v -0.01424618 0.01594896 -0.00300000
v -0.01425970 0.01591220 -0.00369999
v -0.01425103 0.01591228 -0.00370000
v -0.01424964 0.01589656 -0.00400000
v -0.01100000 0.01589656 -0.00400000
v -0.01100000 0.01594897 -0.00300000
v -0.01100000 0.01700000 -0.00400000
v -0.01070168 0.01700000 -0.00400000
v -0.01100000 0.03599656 -0.00400000
v -0.01070168 0.03599656 -0.00400000
v -0.01085871 0.03767162 -0.00400000
v -0.01056463 0.03762138 -0.00400000
v -0.01026865 0.03975050 -0.00400000
v -0.00987777 0.03990873 -0.00400000
v -0.00939630 0.04085663 -0.00400000
v 0.01069832 0.01629656 -0.00400000
v -0.00304499 0.01629656 -0.00400000
v 0.00650000 0.01600000 -0.00400000
v -0.00300000 0.01600000 -0.00400000
v 0.01099664 0.01589656 -0.00400000
v 0.01069832 0.03599656 -0.00400000
v 0.01099663 0.03599656 -0.00400000
v 0.01056127 0.03762137 -0.00400000
v 0.01085535 0.03767162 -0.00400000
v 0.00987440 0.03990873 -0.00400000
v 0.01026033 0.03976271 -0.00400000
v 0.00938705 0.04086678 -0.00400000
v 0.01199500 0.01580000 -0.00400000
v 0.01199866 0.01589656 -0.00400000
v 0.00650000 0.01580000 -0.00400000
v 0.00679832 0.02799655 -0.00400000
v 0.00670558 0.02911580 -0.00400000
v -0.00000168 0.02799655 -0.00400000
v 0.00670557 0.02687732 -0.00400000
v 0.00536447 0.02381991 -0.00400000
v 0.00597874 0.02476012 -0.00400000
v 0.00642988 0.02578860 -0.00400000
v 0.00272985 0.02176930 -0.00400000
v 0.00371757 0.02230383 -0.00400000
v 0.00460383 0.02299364 -0.00400000
v -0.00056322 0.02121978 -0.00400000
v 0.00055986 0.02121978 -0.00400000
v 0.00166762 0.02140463 -0.00400000
v -0.00372093 0.02230383 -0.00400000
v -0.00273321 0.02176930 -0.00400000
v -0.00167098 0.02140464 -0.00400000
v -0.00598210 0.02476011 -0.00400000
v -0.00536784 0.02381991 -0.00400000
v -0.00460720 0.02299364 -0.00400000
v -0.00680168 0.02799656 -0.00400000
v -0.00670894 0.02687732 -0.00400000
v -0.00643324 0.02578860 -0.00400000
v -0.00598210 0.03123300 -0.00400000
v -0.00643324 0.03020452 -0.00400000
v -0.00670894 0.02911580 -0.00400000
v -0.00372093 0.03368929 -0.00400000
v -0.00460720 0.03299947 -0.00400000
v -0.00536784 0.03217321 -0.00400000
v -0.00056322 0.03477333 -0.00400000
v -0.00167098 0.03458848 -0.00400000
v -0.00273321 0.03422382 -0.00400000
v 0.00272985 0.03422381 -0.00400000
v 0.00166762 0.03458847 -0.00400000
v 0.00055986 0.03477333 -0.00400000
v 0.00536447 0.03217321 -0.00400000
v 0.00460383 0.03299947 -0.00400000
v 0.00371757 0.03368929 -0.00400000
v 0.00642988 0.03020451 -0.00400000
v 0.00597874 0.03123300 -0.00400000
v 0.00650000 0.01600000 -0.00380000
v 0.01504723 0.01600000 -0.00380000
v 0.01425543 0.01600000 -0.00380000
v 0.01435209 0.01600000 -0.00370000
v 0.01425543 0.01600000 -0.00370000
v -0.00300000 0.01600000 0.00500000
v 0.00650000 0.01600000 0.00500000
v 0.01512951 0.01600000 -0.00083571
v 0.01421323 0.01599996 -0.00202619
v 0.01099664 0.01600000 -0.00202619
v 0.01534718 0.01600000 -0.00349431
v 0.01533809 0.01600000 -0.00357350
v 0.01515539 0.01600000 -0.00377982
v 0.01524967 0.01600000 -0.00372140
v 0.01529226 0.01600000 -0.00367309
v 0.01465653 0.01600000 0.00136159
v 0.01069979 0.01599828 0.00087634
v 0.01069918 0.01599828 -0.00370086
v 0.01099663 0.01600000 -0.00380000
v 0.00650000 0.01600000 -0.00370344
v 0.01294494 0.01600000 0.00515407
v 0.01392495 0.01600000 0.00336884
v 0.00650000 0.01600000 0.00996973
v 0.00844478 0.01600000 0.00915813
v 0.01013187 0.01600000 0.00811927
v 0.01169466 0.01600000 0.00673686
v 0.00113397 0.00415810 0.00700000
v -0.00213397 0.00415809 0.00700000
v 0.00113398 0.00000000 0.00700000
v -0.00213398 0.00000000 0.00700000
v -0.00200000 0.04412650 -0.00650000
v -0.00200000 0.04412651 -0.00550000
v 0.00200000 0.04412650 -0.00650000
v 0.00200000 0.04412650 -0.00550000
v -0.00200000 0.04326048 -0.00700000
v 0.00200000 0.04326048 -0.00700000
v -0.00610000 0.03250000 -0.00700000
v 0.00710000 0.02250000 -0.00700000
v 0.00710000 0.03250000 -0.00700000
v 0.01113398 0.03412650 -0.00700000
v -0.00610000 0.02250000 -0.00700000
v -0.00227602 0.01671410 -0.00700000
v -0.00268052 0.01731948 -0.00700000
v 0.00113398 -0.00000000 -0.00700000
v -0.00213398 -0.00000000 -0.00700000
v 0.00113397 0.01286602 -0.00700000
v -0.00213398 0.01600000 -0.00700000
v 0.00800000 0.01286602 -0.00700000
v -0.00710000 0.02250000 -0.00700000
v -0.00328590 0.01772398 -0.00700000
v -0.00400000 0.01786602 -0.00700000
v 0.00610000 0.03250000 -0.00700000
v 0.00436405 0.04294924 -0.00700000
v 0.00656699 0.04203675 -0.00700000
v -0.00845870 0.04058520 -0.00700000
v -0.00656699 0.04203675 -0.00700000
v -0.00436405 0.04294924 -0.00700000
v 0.01113397 0.01600000 -0.00700000
v 0.01089542 0.01480068 -0.00700000
v 0.01021605 0.01378394 -0.00700000
v 0.00845869 0.04058519 -0.00700000
v 0.00991025 0.03869348 -0.00700000
v 0.01082274 0.03649054 -0.00700000
v 0.00610000 0.02250000 -0.00700000
v 0.00919932 0.01310459 -0.00700000
v -0.01100000 0.01786603 -0.00700000
v -0.01105127 0.01787622 -0.00700000
v -0.01109473 0.01790527 -0.00700000
v -0.00710000 0.03250000 -0.00700000
v -0.01082274 0.03649054 -0.00700000
v -0.00991025 0.03869349 -0.00700000
v -0.01112378 0.01794873 -0.00700000
v -0.01113397 0.01800000 -0.00700000
v -0.01113397 0.03412650 -0.00700000
v -0.00300000 0.01600000 -0.00650000
v -0.00300000 0.00000000 -0.00650000
v -0.00300000 0.00262281 -0.00614345
v -0.00300000 0.00262281 -0.00300000
v -0.00300000 0.01594897 -0.00300000
v -0.00300000 0.01156085 0.00446763
v -0.00300000 0.01200070 0.00453546
v -0.00300000 0.01200000 0.00344557
v -0.00300000 0.00256723 -0.00591442
v -0.00300000 0.00261122 -0.00603649
v -0.00300000 0.00195915 -0.00567113
v -0.00300000 0.00021023 -0.00599632
v -0.00300000 -0.00168967 -0.00575717
v -0.00300000 -0.00200861 -0.00618187
v -0.00300000 -0.00341747 -0.00493162
v -0.00300000 -0.00382060 -0.00525861
v -0.00300000 -0.00479717 -0.00360377
v -0.00300000 -0.00525861 -0.00382060
v -0.00300000 -0.00568826 -0.00190884
v -0.00300000 -0.00618187 -0.00200861
v -0.00300000 -0.00599997 -0.00001949
v -0.00300000 -0.00650000 -0.00000000
v -0.00300000 -0.00570054 0.00187184
v -0.00300000 -0.00618187 0.00200861
v -0.00300000 -0.00482048 0.00357252
v -0.00300000 -0.00525861 0.00382060
v -0.00300000 -0.00344944 0.00490931
v -0.00300000 -0.00382061 0.00525861
v -0.00300000 -0.00172704 0.00574607
v -0.00300000 -0.00200861 0.00618187
v -0.00300000 0.00017126 0.00599756
v -0.00300000 0.00000000 0.00650000
v -0.00300000 0.00205212 0.00563815
v -0.00300000 0.00553183 0.00650000
v -0.00300000 0.01065798 0.00250588
v -0.00300000 0.01078958 0.00458634
v -0.00300000 0.01113052 0.00245413
v -0.00300000 0.01157358 0.00262642
v -0.00300000 0.01188701 0.00298382
v -0.00300000 0.00212504 -0.00564368
v -0.00300000 0.00219391 -0.00564877
v -0.00300000 0.00254828 -0.00588093
v -0.00300000 0.00229067 -0.00567270
v -0.00300000 0.00243728 -0.00575491
v 0.00200000 0.01200000 -0.00650000
v 0.00200000 0.00112583 -0.00065000
v 0.00200000 0.00065000 -0.00112583
v 0.00200000 -0.00000000 -0.00650000
v 0.00200000 -0.00000000 -0.00130000
v 0.00200000 -0.00200861 -0.00618187
v 0.00200000 -0.00065000 -0.00112583
v 0.00200000 -0.00382060 -0.00525861
v 0.00200000 -0.00525861 -0.00382060
v 0.00200000 -0.00112583 -0.00065000
v 0.00200000 -0.00618187 -0.00200861
v 0.00200000 -0.00130000 -0.00000000
v 0.00200000 -0.00650000 -0.00000000
v 0.00200000 -0.00618186 0.00200861
v 0.00200000 -0.00112584 0.00065000
v 0.00200000 -0.00525861 0.00382061
v 0.00200000 -0.00382060 0.00525861
v 0.00200000 -0.00065000 0.00112583
v 0.00200000 -0.00200861 0.00618187
v 0.00200000 -0.00000000 0.00130000
v 0.00200000 -0.00000000 0.00650000
v 0.00200000 0.00130000 -0.00000000
v 0.00200000 0.01200000 0.00453624
v 0.00200000 0.01156085 0.00446763
v 0.00200000 0.00553183 0.00650000
v 0.00200000 0.00065000 0.00112583
v 0.00200000 0.01078957 0.00458634
v 0.00200000 0.00112584 0.00065000
v 0.00200000 0.00123637 0.00040172
v -0.01200000 0.01800000 -0.00650000
v -0.01200000 0.01800000 -0.00400000
v -0.01200000 0.03412650 -0.00650000
v -0.01200000 0.03412650 -0.00400000
v 0.01200000 0.03412650 -0.00650000
v 0.01200000 0.03412650 -0.00400000
v 0.01200000 0.01600000 -0.00650000
v 0.01200000 0.01600000 -0.00400000
v 0.00726783 0.04262650 -0.00400000
v 0.00907107 0.04119756 -0.00400000
v 0.00726783 0.04262650 -0.00550000
v 0.00907107 0.04119756 -0.00650000
v 0.00700000 0.04278675 -0.00550000
v 0.00700000 0.04278675 -0.00650000
v 0.00458819 0.04378576 -0.00650000
v 0.00458819 0.04378576 -0.00550000
v 0.01066025 0.03912650 -0.00650000
v 0.01066025 0.03912650 -0.00400000
v 0.01165926 0.03671469 -0.00400000
v 0.01165926 0.03671469 -0.00650000
v -0.00907107 0.04119756 -0.00400000
v -0.00907107 0.04119757 -0.00650000
v -0.00700000 0.04278676 -0.00650000
v -0.00458819 0.04378575 -0.00550000
v -0.00458819 0.04378576 -0.00650000
v -0.00726783 0.04262650 -0.00400000
v -0.00726783 0.04262650 -0.00550000
v -0.00700000 0.04278675 -0.00550000
v -0.01066025 0.03912650 -0.00650000
v -0.01066025 0.03912650 -0.00400000
v -0.01165926 0.03671469 -0.00650000
v -0.01165926 0.03671469 -0.00400000
v 0.00800000 0.01200000 -0.00650000
v 0.00800000 0.01200000 -0.00400000
v 0.01378144 0.01200000 0.00453624
v 0.01383238 0.01200000 -0.00400000
v 0.01383238 0.01200000 0.00453396
v 0.01169552 0.01446926 -0.00650000
v 0.01082843 0.01317157 -0.00400000
v 0.01082843 0.01317157 -0.00650000
v 0.00953073 0.01230448 -0.00400000
v 0.00953073 0.01230448 -0.00650000
v 0.01169552 0.01446927 -0.00400000
v 0.00710000 0.02250000 -0.00800000
v 0.00710000 0.03250000 -0.00800000
v 0.00610000 0.02250000 -0.00800000
v 0.00610000 0.03250000 -0.00800000
v -0.00710000 0.03250000 -0.00800000
v -0.00710000 0.02250000 -0.00800000
v -0.00610000 0.03250000 -0.00800000
v -0.00610000 0.02250000 -0.00800000
v -0.01100000 0.01700000 -0.00650000
v -0.00400000 0.01700000 -0.00650000
v -0.00400000 0.01700000 -0.00400000
v -0.01138268 0.01707612 -0.00400000
v -0.01138268 0.01707612 -0.00650000
v -0.01170711 0.01729289 -0.00400000
v -0.01170711 0.01729289 -0.00650000
v -0.01192388 0.01761732 -0.00400000
v -0.01192388 0.01761732 -0.00650000
v -0.00361732 0.01692388 -0.00400000
v -0.00361732 0.01692388 -0.00650000
v -0.00329289 0.01670711 -0.00400000
v -0.00329289 0.01670711 -0.00650000
v -0.00307612 0.01638268 -0.00400000
v -0.00307612 0.01638268 -0.00650000
v -0.00300000 0.00065000 0.00112583
v -0.00300000 0.00112583 0.00065000
v -0.00300000 0.00130000 -0.00000000
v -0.00300000 0.00112584 -0.00065000
v -0.00300000 0.00065000 -0.00112583
v -0.00300000 0.00000000 -0.00130000
v -0.00300000 -0.00065000 -0.00112583
v -0.00300000 -0.00112584 -0.00065000
v -0.00300000 -0.00130000 -0.00000000
v -0.00300000 -0.00112583 0.00065000
v -0.00300000 -0.00065000 0.00112583
v -0.00300000 0.00000000 0.00130000
v -0.00300000 0.00001370 0.00129993
v -0.00213398 -0.00216312 0.00665740
v 0.00113398 -0.00216312 0.00665740
v -0.00213397 -0.00411450 0.00566312
v 0.00113398 -0.00411449 0.00566312
v -0.00213398 -0.00566312 0.00411450
v 0.00113398 -0.00566312 0.00411450
v -0.00213398 -0.00665740 0.00216312
v 0.00113397 -0.00665740 0.00216312
v -0.00213397 -0.00700000 0.00000000
v 0.00113397 -0.00700000 0.00000000
v -0.00213397 -0.00665740 -0.00216312
v 0.00113397 -0.00665740 -0.00216312
v -0.00213397 -0.00566312 -0.00411450
v 0.00113397 -0.00566312 -0.00411450
v -0.00213398 -0.00411450 -0.00566312
v 0.00113397 -0.00411449 -0.00566312
v -0.00213397 -0.00216312 -0.00665739
v 0.00113397 -0.00216312 -0.00665740
v -0.00300000 0.01491300 0.00677945
v 0.00650000 0.01491300 0.00677945
v 0.00650000 0.01548880 0.00633547
v -0.00300000 0.01548881 0.00633547
v 0.00650000 0.01586783 0.00571498
v -0.00300000 0.01586783 0.00571498
v -0.00300000 0.01351681 0.00623174
v 0.00650000 0.01351681 0.00623174
v 0.00650000 0.01374069 0.00658802
v -0.00300000 0.01374069 0.00658802
v 0.00650000 0.01409131 0.00682066
v -0.00300000 0.01409131 0.00682066
v 0.00650000 0.01450659 0.00688847
v -0.00300000 0.01450659 0.00688847
v -0.00641303 0.02906642 -0.00370000
v -0.00614949 0.03010711 -0.00370000
v -0.00571826 0.03109022 -0.00370000
v -0.00513109 0.03198894 -0.00370000
v -0.00440401 0.03277876 -0.00370000
v -0.00355684 0.03343814 -0.00370000
v -0.00261270 0.03394908 -0.00370000
v -0.00159734 0.03429766 -0.00370000
v -0.00053845 0.03447436 -0.00370000
v 0.00053508 0.03447435 -0.00370000
v 0.00159397 0.03429766 -0.00370000
v 0.00260934 0.03394908 -0.00370000
v 0.00355348 0.03343814 -0.00370000
v 0.00440065 0.03277877 -0.00370000
v 0.00512773 0.03198894 -0.00370000
v 0.00571490 0.03109021 -0.00370000
v 0.00614613 0.03010710 -0.00370000
v 0.00640967 0.02906642 -0.00370000
v 0.00649832 0.02799656 -0.00370000
v 0.00640967 0.02692669 -0.00370000
v 0.00614613 0.02588601 -0.00370000
v 0.00571490 0.02490290 -0.00370000
v 0.00512773 0.02400417 -0.00370000
v 0.00440065 0.02321435 -0.00370000
v 0.00355348 0.02255497 -0.00370000
v 0.00260934 0.02204403 -0.00370000
v 0.00159397 0.02169546 -0.00370000
v 0.00053508 0.02151876 -0.00370000
v -0.00053845 0.02151876 -0.00370000
v -0.00159734 0.02169545 -0.00370000
v -0.00261270 0.02204403 -0.00370000
v -0.00355684 0.02255498 -0.00370000
v -0.00440401 0.02321436 -0.00370000
v -0.00513110 0.02400417 -0.00370000
v -0.00571826 0.02490290 -0.00370000
v -0.00614949 0.02588601 -0.00370000
v -0.00641303 0.02692669 -0.00370000
v -0.00650168 0.02799655 -0.00370000
v 0.00640967 0.02906642 0.00120000
v 0.00670557 0.02911580 0.00150000
v 0.00614613 0.03010710 0.00120000
v 0.00642987 0.03020451 0.00150000
v 0.00571490 0.03109022 0.00120000
v 0.00597874 0.03123300 0.00150000
v 0.00512773 0.03198894 0.00120000
v 0.00536447 0.03217321 0.00150000
v 0.00440065 0.03277877 0.00120000
v 0.00460383 0.03299948 0.00150000
v 0.00355348 0.03343814 0.00120000
v 0.00371757 0.03368929 0.00150000
v 0.00260934 0.03394908 0.00120000
v 0.00272985 0.03422381 0.00150000
v 0.00159397 0.03429766 0.00120000
v 0.00166762 0.03458847 0.00150000
v 0.00053508 0.03447435 0.00120000
v 0.00055986 0.03477333 0.00150000
v -0.00053845 0.03447436 0.00120000
v -0.00056322 0.03477333 0.00150000
v -0.00159734 0.03429766 0.00120000
v -0.00167098 0.03458848 0.00150000
v -0.00261270 0.03394909 0.00120000
v -0.00273321 0.03422382 0.00150000
v -0.00355684 0.03343814 0.00120000
v -0.00372093 0.03368929 0.00150000
v -0.00440401 0.03277876 0.00120000
v -0.00460720 0.03299947 0.00150000
v -0.00513109 0.03198894 0.00120000
v -0.00536784 0.03217321 0.00150000
v -0.00571826 0.03109022 0.00120000
v -0.00598210 0.03123300 0.00150000
v -0.00614949 0.03010711 0.00120000
v -0.00643324 0.03020452 0.00150000
v -0.00641303 0.02906642 0.00120000
v -0.00670894 0.02911580 0.00150000
v -0.00650168 0.02799655 0.00120000
v -0.00680168 0.02799656 0.00150000
v -0.00641303 0.02692669 0.00120000
v -0.00670894 0.02687732 0.00150000
v -0.00614950 0.02588601 0.00120000
v -0.00643324 0.02578860 0.00150000
v -0.00571826 0.02490290 0.00120000
v -0.00598210 0.02476011 0.00150000
v -0.00513110 0.02400418 0.00120000
v -0.00536784 0.02381991 0.00150000
v -0.00440401 0.02321435 0.00120000
v -0.00460720 0.02299364 0.00150000
v -0.00355684 0.02255498 0.00120000
v -0.00372093 0.02230383 0.00150000
v -0.00261270 0.02204403 0.00120000
v -0.00273321 0.02176930 0.00150000
v -0.00159734 0.02169545 0.00120000
v -0.00167098 0.02140464 0.00150000
v -0.00053845 0.02151876 0.00120000
v -0.00056322 0.02121978 0.00150000
v 0.00053508 0.02151876 0.00120000
v 0.00055986 0.02121978 0.00150000
v 0.00159397 0.02169546 0.00120000
v 0.00166762 0.02140463 0.00150000
v 0.00260934 0.02204403 0.00120000
v 0.00272985 0.02176930 0.00150000
v 0.00355348 0.02255497 0.00120000
v 0.00371757 0.02230383 0.00150000
v 0.00440065 0.02321435 0.00120000
v 0.00460383 0.02299364 0.00150000
v 0.00512773 0.02400417 0.00120000
v 0.00536447 0.02381991 0.00150000
v 0.00571490 0.02490290 0.00120000
v 0.00597874 0.02476012 0.00150000
v 0.00614613 0.02588601 0.00120000
v 0.00642987 0.02578860 0.00150000
v 0.00640967 0.02692669 0.00120000
v 0.00670558 0.02687732 0.00150000
v 0.00649832 0.02799656 0.00120000
v 0.00679832 0.02799655 0.00150000
v -0.01070168 0.01629656 -0.00400000
v 0.01099748 0.01629592 -0.00370021
v -0.01100024 0.03599656 -0.00370072
v 0.01099688 0.03599656 -0.00370072
v 0.01099688 0.01629584 0.00100000
v -0.01015228 0.04002972 -0.00370000
v -0.01086039 0.03767162 -0.00370000
v -0.00267674 0.04585527 -0.00370000
v -0.00100084 0.04599656 -0.00370000
v -0.00100168 0.04569656 -0.00400000
v -0.00262649 0.04555951 -0.00400000
v -0.00491386 0.04487264 -0.00400000
v -0.00503485 0.04514717 -0.00370000
v -0.00696406 0.04364770 -0.00400000
v -0.00714847 0.04388434 -0.00370000
v -0.00865283 0.04195895 -0.00400000
v -0.00888946 0.04214335 -0.00370000
v 0.01085703 0.03767161 -0.00370000
v 0.00262313 0.04555950 -0.00400000
v 0.00099832 0.04569656 -0.00400000
v 0.00099748 0.04599656 -0.00370000
v 0.00888609 0.04214335 -0.00370000
v 0.00696070 0.04364770 -0.00400000
v 0.00714510 0.04388434 -0.00370000
v 0.00491049 0.04487264 -0.00400000
v 0.00503149 0.04514716 -0.00370000
v 0.00267338 0.04585527 -0.00370000
v 0.01014892 0.04002973 -0.00370000
v 0.00864946 0.04195894 -0.00400000
v -0.01050168 0.02049655 0.00150000
v 0.01049832 0.02049655 0.00150000
v -0.01050168 0.03549656 0.00150000
v 0.01049832 0.03549655 0.00150000
v -0.00900168 0.03549656 0.00300000
v 0.00899664 0.03549656 0.00300000
v -0.00900168 0.02049655 0.00300000
v 0.00899663 0.02049656 0.00300000
v 0.01099748 0.03599656 0.00100000
v 0.00899832 0.03599655 0.00300000
v 0.00099748 0.04599655 0.00100000
v 0.00099664 0.04399655 0.00300000
v 0.00193772 0.04595217 0.00100000
v 0.00174961 0.04396224 0.00299897
v 0.00363537 0.04564213 0.00100000
v 0.00310793 0.04371417 0.00299925
v 0.00415245 0.04334852 0.00300000
v 0.00494072 0.04518590 0.00100000
v 0.00525443 0.04504483 0.00100000
v 0.00440338 0.04323624 0.00299953
v 0.00674669 0.04417806 0.00100000
v 0.00559736 0.04254273 0.00299978
v 0.00711845 0.04390373 0.00100000
v 0.00589495 0.04232293 0.00300000
v 0.00806770 0.04306763 0.00100000
v 0.00665433 0.04165426 0.00300000
v 0.00890526 0.04211649 0.00100000
v 0.00732469 0.04089319 0.00300000
v 0.00917813 0.04174660 0.00100000
v 0.00754281 0.04059728 0.00300000
v 0.01004491 0.04025434 0.00100000
v 0.00823633 0.03940329 0.00300000
v 0.01018685 0.03993865 0.00100000
v 0.00835031 0.03915064 0.00300000
v 0.01064221 0.03863528 0.00100000
v 0.00896232 0.03674953 0.00300000
v 0.01095226 0.03693764 0.00100000
v 0.00890627 0.03720665 0.00300000
v 0.00871424 0.03810785 0.00300000
v -0.00100084 0.04599656 0.00100000
v -0.00100168 0.04399655 0.00300000
v -0.00525779 0.04504482 0.00100000
v -0.00415581 0.04334853 0.00300000
v -0.00311130 0.04371416 0.00299926
v -0.01100084 0.03599656 0.00100000
v -0.00900168 0.03599655 0.00300000
v -0.01095562 0.03693764 0.00100000
v -0.00896568 0.03674954 0.00300000
v -0.01088498 0.03750886 0.00100000
v -0.00890963 0.03720666 0.00300000
v -0.01064557 0.03863529 0.00100000
v -0.00871761 0.03810785 0.00300000
v -0.01019021 0.03993865 0.00100000
v -0.00835367 0.03915064 0.00300000
v -0.01004827 0.04025435 0.00100000
v -0.00823969 0.03940330 0.00300000
v -0.00918150 0.04174661 0.00100000
v -0.00754617 0.04059728 0.00300000
v -0.00890863 0.04211649 0.00100000
v -0.00732805 0.04089320 0.00300000
v -0.00807107 0.04306762 0.00100000
v -0.00665770 0.04165426 0.00300000
v -0.00712181 0.04390374 0.00100000
v -0.00589831 0.04232293 0.00300000
v -0.00675005 0.04417805 0.00100000
v -0.00560073 0.04254272 0.00299978
v -0.00440674 0.04323624 0.00299953
v -0.00175298 0.04396223 0.00299897
v -0.00194108 0.04595217 0.00100000
v -0.00363873 0.04564213 0.00100000
v 0.01484879 0.01580232 0.00141662
v 0.01554714 0.01580117 -0.00349052
v 0.01532729 0.01580172 -0.00080606
v 0.01519404 0.01580193 -0.00002955
v 0.01352257 0.01580292 0.00459701
v 0.01410722 0.01580278 0.00345112
v 0.01458632 0.01580253 0.00224656
v 0.00650000 0.01580095 0.01018043
v 0.00853581 0.01580164 0.00933620
v 0.00951912 0.01580200 0.00877784
v 0.01025033 0.01580227 0.00828039
v 0.01184022 0.01580278 0.00687399
v 0.01311186 0.01580295 0.00526419
v 0.01504723 0.01580000 -0.00400000
v 0.01522750 0.01580042 -0.00396637
v 0.01538463 0.01580078 -0.00386900
v 0.01545562 0.01580095 -0.00378848
v 0.01551184 0.01580108 -0.00368475
v 0.01553199 0.01580113 -0.00362249
v 0.01555030 0.01549305 -0.00349064
v 0.01551497 0.01549254 -0.00368484
v 0.01540725 0.01549097 -0.00385023
v 0.01524392 0.01548859 -0.00396104
v 0.01505043 0.01548577 -0.00400000
v 0.01511074 0.01380649 -0.00400000
v 0.01530347 0.01381719 -0.00396124
v 0.01546632 0.01382623 -0.00385096
v 0.01557404 0.01383220 -0.00368626
v 0.01560992 0.01383419 -0.00349268
v 0.01531095 0.01125617 -0.00400000
v 0.01550216 0.01127483 -0.00396162
v 0.01566401 0.01129062 -0.00385236
v 0.01577166 0.01130112 -0.00368901
v 0.01580857 0.01130472 -0.00349663
v 0.01561420 0.00848528 -0.00400000
v 0.01580455 0.00850750 -0.00396182
v 0.01596582 0.00852632 -0.00385311
v 0.01607339 0.00853888 -0.00369046
v 0.01611083 0.00854325 -0.00349874
v 0.01610547 0.00615269 -0.00505955
v 0.01592424 0.00617112 -0.00509091
v 0.01586896 0.00660184 -0.00466491
v 0.01626194 0.00608408 -0.00498899
v 0.01605148 0.00659236 -0.00462788
v 0.01637224 0.00597464 -0.00488887
v 0.01620861 0.00654054 -0.00454186
v 0.01642133 0.00583935 -0.00477288
v 0.01631850 0.00645358 -0.00441883
v 0.01582070 0.00696793 -0.00441202
v 0.01600448 0.00696566 -0.00437237
v 0.01578878 0.00720618 -0.00428635
v 0.01593653 0.00749468 -0.00412979
v 0.01575067 0.00748746 -0.00417080
v 0.01569235 0.00791413 -0.00405487
v 0.01588007 0.00792832 -0.00401434
v 0.01616227 0.00692796 -0.00427734
v 0.01609542 0.00747672 -0.00402630
v 0.01603995 0.00792629 -0.00390701
v 0.01627176 0.00686014 -0.00414037
v 0.01620428 0.00743619 -0.00387536
v 0.01614826 0.00790833 -0.00374880
v 0.01636586 0.00634358 -0.00427589
v 0.01631747 0.00677181 -0.00398081
v 0.01624732 0.00737897 -0.00369886
v 0.01618895 0.00787711 -0.00356318
v 0.01623309 0.00234989 -0.00764709
v 0.01621917 0.00260276 -0.00756476
v 0.01640788 0.00260101 -0.00752612
v 0.01608613 0.00444808 -0.00664941
v 0.01607941 0.00452668 -0.00659615
v 0.01626419 0.00451804 -0.00655888
v 0.01596846 0.00572773 -0.00558507
v 0.01615063 0.00571228 -0.00555143
v 0.01630761 0.00564947 -0.00547418
v 0.01641773 0.00554801 -0.00536402
v 0.01646573 0.00542191 -0.00523616
v 0.01604434 0.00492397 -0.00630512
v 0.01622826 0.00491328 -0.00626872
v 0.01638623 0.00486069 -0.00618187
v 0.01649598 0.00477363 -0.00605681
v 0.01654202 0.00466435 -0.00591119
v 0.01642266 0.00447034 -0.00646820
v 0.01653224 0.00439037 -0.00633702
v 0.01657731 0.00428951 -0.00618403
v 0.01615357 0.00360010 -0.00714418
v 0.01634035 0.00359543 -0.00710579
v 0.01649995 0.00355869 -0.00700802
v 0.01660913 0.00349524 -0.00686507
v 0.01665203 0.00341431 -0.00669777
v 0.01656858 0.00257538 -0.00742304
v 0.01667742 0.00252966 -0.00727081
v 0.01671823 0.00247065 -0.00709203
v 0.01624477 0.00211886 -0.00771430
v 0.01643430 0.00211803 -0.00767574
v 0.01659546 0.00209752 -0.00757080
v 0.01670415 0.00206039 -0.00741520
v 0.01674411 0.00201219 -0.00723221
v 0.01628415 0.00107134 -0.00792794
v 0.01647498 0.00107152 -0.00788969
v 0.01663690 0.00106152 -0.00778216
v 0.01674537 0.00104286 -0.00762165
v 0.01678395 0.00101837 -0.00743246
v 0.01629854 -0.00000000 -0.00800000
v 0.01648988 -0.00000000 -0.00796194
v 0.01665209 -0.00000000 -0.00785355
v 0.01676048 -0.00000000 -0.00769134
v 0.01679854 -0.00000000 -0.00750000
v 0.01679854 -0.00105225 -0.00742582
v 0.01665209 -0.00110186 -0.00777587
v 0.01648988 -0.00164249 -0.00779068
v 0.01629854 -0.00112240 -0.00792087
v 0.01648988 -0.00111706 -0.00788319
v 0.01629854 -0.00435877 -0.00670829
v 0.01629854 -0.00414835 -0.00684041
v 0.01648988 -0.00412862 -0.00680786
v 0.01629854 -0.00368098 -0.00710284
v 0.01648988 -0.00366347 -0.00706905
v 0.01629854 -0.00268673 -0.00753535
v 0.01648988 -0.00267394 -0.00749950
v 0.01629854 -0.00224741 -0.00767783
v 0.01629854 -0.00165034 -0.00782792
v 0.01629854 -0.00502948 -0.00622128
v 0.01648988 -0.00500555 -0.00619168
v 0.01648988 -0.00579681 -0.00545797
v 0.01648334 -0.00777523 -0.00171383
v 0.01629658 -0.00751003 -0.00275671
v 0.01648804 -0.00747445 -0.00274304
v 0.01629772 -0.00731090 -0.00324820
v 0.01648915 -0.00727621 -0.00323244
v 0.01629853 -0.00680454 -0.00420692
v 0.01648988 -0.00677218 -0.00418689
v 0.01629854 -0.00617788 -0.00508270
v 0.01648988 -0.00614849 -0.00505852
v 0.01629854 -0.00610249 -0.00517296
v 0.01629854 -0.00582452 -0.00548406
v 0.01644517 -0.00790521 0.00095003
v 0.01627517 -0.00799903 -0.00012438
v 0.01646651 -0.00796101 -0.00012069
v 0.01628225 -0.00797342 -0.00065159
v 0.01647369 -0.00793563 -0.00064609
v 0.01628560 -0.00794222 -0.00095972
v 0.01629183 -0.00781219 -0.00172330
v 0.01622207 -0.00774262 0.00201291
v 0.01624332 -0.00788306 0.00136289
v 0.01625425 -0.00794344 0.00094965
v 0.01676048 -0.00107909 -0.00761527
v 0.01679854 -0.00154719 -0.00733868
v 0.01676048 -0.00158667 -0.00752590
v 0.01679854 -0.00251881 -0.00706439
v 0.01676048 -0.00258307 -0.00724462
v 0.01679854 -0.00345092 -0.00665891
v 0.01676048 -0.00353896 -0.00682880
v 0.01679854 -0.00388908 -0.00641288
v 0.01676048 -0.00398830 -0.00657649
v 0.01679854 -0.00471514 -0.00583245
v 0.01676048 -0.00483543 -0.00598125
v 0.01679854 -0.00546049 -0.00514130
v 0.01676048 -0.00559980 -0.00527247
v 0.01679854 -0.00579176 -0.00476503
v 0.01676048 -0.00593952 -0.00488660
v 0.01679853 -0.00637926 -0.00394395
v 0.01676048 -0.00654201 -0.00404457
v 0.01679773 -0.00685396 -0.00304425
v 0.01675977 -0.00702891 -0.00312205
v 0.01679657 -0.00704066 -0.00258283
v 0.01675867 -0.00722040 -0.00264893
v 0.01679182 -0.00732392 -0.00161215
v 0.01675398 -0.00751094 -0.00165367
v 0.01678221 -0.00747508 -0.00060459
v 0.01674430 -0.00766591 -0.00062065
v 0.01677510 -0.00749910 -0.00010850
v 0.01673708 -0.00769044 -0.00011210
v 0.01675409 -0.00744697 0.00090324
v 0.01671560 -0.00763661 0.00092492
v 0.01672168 -0.00725871 0.00190680
v 0.01668224 -0.00744280 0.00195310
v 0.01671749 -0.00723104 0.00201103
v 0.01665967 -0.00729110 0.00246540
v 0.01641214 -0.00770442 0.00201047
v 0.01638981 -0.00754728 0.00253826
v 0.01620043 -0.00758542 0.00254193
v 0.01633395 -0.00713913 0.00352825
v 0.01614649 -0.00717710 0.00353400
v 0.01625919 -0.00659832 0.00446038
v 0.01607466 -0.00663605 0.00446797
v 0.01621249 -0.00626846 0.00491438
v 0.01669985 -0.00711133 0.00240708
v 0.01664530 -0.00672853 0.00334757
v 0.01660306 -0.00689711 0.00342766
v 0.01657235 -0.00622130 0.00423676
v 0.01652707 -0.00637508 0.00433593
v 0.01652674 -0.00591183 0.00467169
v 0.01647947 -0.00605665 0.00477938
v 0.01642550 -0.00524198 0.00543914
v 0.01637367 -0.00536769 0.00555989
v 0.01638862 -0.00500157 0.00567084
v 0.01625020 -0.00457725 0.00624696
v 0.01594155 -0.00441037 0.00663848
v 0.01581692 -0.00477092 0.00642171
v 0.01598881 -0.00473616 0.00640902
v 0.01593119 -0.00559144 0.00572152
v 0.01610901 -0.00555480 0.00571108
v 0.01596453 -0.00583109 0.00547707
v 0.01602994 -0.00630595 0.00492290
v 0.01565021 -0.00351013 0.00718881
v 0.01571423 -0.00401160 0.00692149
v 0.01577210 -0.00444404 0.00665210
v 0.01581280 -0.00348073 0.00717249
v 0.01569369 -0.00248667 0.00757719
v 0.01553767 -0.00250952 0.00759620
v 0.01565149 -0.00206122 0.00770467
v 0.01549784 -0.00208069 0.00772468
v 0.01665209 -0.00162013 -0.00768463
v 0.01665209 -0.00263755 -0.00739741
v 0.01665209 -0.00361360 -0.00697282
v 0.01665209 -0.00407241 -0.00671519
v 0.01665209 -0.00493741 -0.00610740
v 0.01665209 -0.00571791 -0.00538367
v 0.01665209 -0.00606478 -0.00498966
v 0.01665210 -0.00667999 -0.00412988
v 0.01665141 -0.00717718 -0.00318814
v 0.01665032 -0.00737274 -0.00270519
v 0.01664564 -0.00766943 -0.00168938
v 0.01663595 -0.00782764 -0.00063523
v 0.01662872 -0.00785264 -0.00011637
v 0.01660714 -0.00779749 0.00094134
v 0.01657362 -0.00759921 0.00198948
v 0.01655091 -0.00744403 0.00251141
v 0.01649395 -0.00704100 0.00349098
v 0.01641750 -0.00650701 0.00441418
v 0.01636962 -0.00618131 0.00486421
v 0.01626331 -0.00547678 0.00565472
v 0.01613945 -0.00466882 0.00634826
v 0.01609065 -0.00434737 0.00657654
v 0.01595747 -0.00343039 0.00710841
v 0.01583397 -0.00245030 0.00751218
v 0.01579015 -0.00203096 0.00763951
v 0.01571417 -0.00102378 0.00784386
v 0.01557838 -0.00103914 0.00790910
v 0.01542887 -0.00104941 0.00793087
v 0.01547923 -0.00185381 0.00778225
v 0.01630737 -0.00447273 0.00611763
v 0.01626072 -0.00416629 0.00634241
v 0.01620148 -0.00426262 0.00647373
v 0.01613293 -0.00329075 0.00686978
v 0.01606825 -0.00336464 0.00700366
v 0.01601369 -0.00235267 0.00727442
v 0.01594435 -0.00240408 0.00740775
v 0.01597118 -0.00195066 0.00740297
v 0.01590029 -0.00199286 0.00753557
v 0.01589719 -0.00098383 0.00761034
v 0.01582379 -0.00100477 0.00774113
v 0.01587064 -0.00000000 0.00768018
v 0.01576341 0.00000000 0.00784784
v 0.01540424 -0.00000000 0.00800000
v 0.01559927 0.00000000 0.00796039
v 0.01575876 0.00063215 0.00782275
v 0.01581004 0.00264282 0.00722010
v 0.01570197 0.00269569 0.00737492
v 0.01582993 0.00204196 0.00741019
v 0.01573480 0.00167627 0.00766909
v 0.01584247 0.00164412 0.00750674
v 0.01586607 0.00062023 0.00765589
v 0.01559477 0.00063890 0.00793482
v 0.01557149 0.00169529 0.00777842
v 0.01553935 0.00272848 0.00747942
v 0.01540201 0.00046072 0.00798672
v 0.01540001 0.00063941 0.00797441
v 0.01537801 0.00169821 0.00781768
v 0.01534717 0.00273616 0.00751754
v 0.01450000 0.00992610 0.00485812
v 0.01450000 0.00900000 0.00523637
v 0.01478091 0.00825768 0.00547239
v 0.01450000 0.00880348 0.00530922
v 0.01569671 0.00420741 0.00665767
v 0.01558849 0.00425218 0.00681199
v 0.01546171 0.00591084 0.00605255
v 0.01535305 0.00594799 0.00620231
v 0.01544678 0.00600162 0.00602035
v 0.01526156 0.00705533 0.00564617
v 0.01493416 0.00825019 0.00537343
v 0.01509349 0.00795300 0.00532578
v 0.01504340 0.00821853 0.00523059
v 0.01519588 0.00596063 0.00630603
v 0.01542775 0.00427381 0.00691794
v 0.01460408 0.00824002 0.00551430
v 0.01501260 0.00594696 0.00634891
v 0.01523861 0.00426906 0.00695961
v 0.01450000 0.01078728 0.00445473
v 0.01450421 0.01078651 0.00445100
v 0.01461422 0.01075067 0.00431040
v 0.01407001 0.01179911 0.00445669
v 0.01404997 0.01187746 0.00446637
v 0.01400694 0.01185574 0.00447985
v 0.01430917 0.01155902 0.00434533
v 0.01432688 0.01158115 0.00432447
v 0.01429748 0.01157179 0.00435202
v 0.01450000 0.01080408 0.00444638
v 0.01449360 0.01134058 0.00419520
v 0.01443216 0.01161117 0.00416680
v 0.01450000 0.01133238 0.00418683
v 0.01455630 0.01109397 0.00421297
v 0.01385224 0.01230751 0.00460053
v 0.01430700 0.01200852 0.00420951
v 0.01420471 0.01194705 0.00436626
v 0.01410376 0.01251308 0.00436746
v 0.01400627 0.01241048 0.00451466
v 0.01387565 0.01294349 0.00461180
v 0.01378365 0.01280429 0.00474213
v 0.01358446 0.01334684 0.00496991
v 0.01349999 0.01317106 0.00507444
v 0.01324465 0.01366750 0.00540755
v 0.01316995 0.01345908 0.00548011
v 0.01285073 0.01389387 0.00590682
v 0.01278890 0.01365678 0.00594291
v 0.01363090 0.01267283 0.00480700
v 0.01334933 0.01301273 0.00510896
v 0.01302219 0.01327896 0.00547753
v 0.01264494 0.01346042 0.00589748
v 0.01366739 0.01222135 0.00461076
v 0.01344477 0.01257267 0.00479477
v 0.01316197 0.01290287 0.00506671
v 0.01283345 0.01316624 0.00540036
v 0.01245418 0.01335300 0.00578168
v 0.00650000 0.01505969 0.01011443
v 0.00650000 0.01491848 0.00999222
v 0.00767099 0.01478230 0.00957777
v 0.00650000 0.01482645 0.00982996
v 0.00650000 0.01522873 0.01017793
v 0.00650000 0.01511609 0.01014347
v 0.00774134 0.01495377 0.00967977
v 0.00778374 0.01515962 0.00970397
v 0.00650000 0.01532290 0.01018560
v 0.00758532 0.01467587 0.00941625
v 0.00880033 0.01446037 0.00882417
v 0.00890758 0.01456719 0.00897982
v 0.00993231 0.01420462 0.00812150
v 0.01006239 0.01431196 0.00826934
v 0.01063624 0.01401252 0.00759371
v 0.01078193 0.01412017 0.00773509
v 0.01159268 0.01370022 0.00673564
v 0.01176127 0.01380808 0.00686554
v 0.00899460 0.01474247 0.00907388
v 0.01016630 0.01449222 0.00835303
v 0.01089684 0.01430432 0.00781049
v 0.01189147 0.01399838 0.00692691
v 0.00904499 0.01495314 0.00908861
v 0.01022314 0.01470915 0.00835573
v 0.01095672 0.01452608 0.00780399
v 0.01195363 0.01422778 0.00690578
v 0.01450000 0.00720608 -0.00428640
v 0.01450000 0.00617112 -0.00509091
v 0.01450000 0.00848528 -0.00400000
v 0.01450000 0.01133238 -0.00400000
v 0.01450000 0.00190211 0.00061804
v 0.01450000 0.00195630 -0.00041582
v 0.01450000 -0.00401158 0.00692151
v 0.01450000 -0.00061803 0.00190211
v 0.01450000 -0.00148629 0.00133826
v 0.01450000 -0.00041582 -0.00195630
v 0.01450000 -0.00435876 -0.00670829
v 0.01450000 -0.00133826 -0.00148629
v 0.01450000 -0.00610250 -0.00517296
v 0.01450000 -0.00190211 -0.00061803
v 0.01450000 0.00061803 -0.00190211
v 0.01450000 0.00005348 -0.00799982
v 0.01450000 -0.00224742 -0.00767783
v 0.01450000 0.00148629 -0.00133826
v 0.01450000 -0.00195630 0.00041582
v 0.01450000 -0.00715903 0.00357047
v 0.01450000 -0.00583121 0.00547695
v 0.01450000 -0.00733153 -0.00320135
v 0.01450000 -0.00794222 -0.00095972
v 0.01450000 -0.00788306 0.00136284
v 0.01450000 0.00444807 -0.00664941
v 0.01450000 0.00234987 -0.00764710
v 0.01450000 -0.00185360 0.00778230
v 0.01450000 0.00046071 0.00798672
v 0.01450000 0.00041583 0.00195630
v 0.01450000 0.00273616 0.00751754
v 0.01450000 0.00133826 0.00148629
v 0.01671004 0.00140786 0.00142053
v 0.01671055 0.00133826 0.00148629
v 0.01671914 -0.00034244 0.00197047
v 0.01672187 -0.00061804 0.00190211
v 0.01679377 -0.00053473 -0.00192719
v 0.01679393 -0.00041582 -0.00195629
v 0.01679416 -0.00000000 -0.00200000
v 0.01678970 0.00053426 -0.00192732
v 0.01679092 -0.00133826 -0.00148629
v 0.01679147 -0.00124936 -0.00156176
v 0.01679202 -0.00114248 -0.00164156
v 0.01679355 -0.00066200 -0.00188726
v 0.01678004 -0.00195120 -0.00043914
v 0.01678175 -0.00191759 -0.00056820
v 0.01678727 -0.00169588 -0.00106019
v 0.01678831 -0.00162143 -0.00117087
v 0.01677157 -0.00199758 0.00009849
v 0.01676911 -0.00198657 0.00023138
v 0.01674211 -0.00149840 0.00132469
v 0.01675479 -0.00179803 0.00087584
v 0.01675782 -0.00185239 0.00075408
v 0.01676543 -0.00195629 0.00041583
v 0.01672553 -0.00085663 0.00180726
v 0.01672783 -0.00097547 0.00174598
v 0.01673904 -0.00140672 0.00142167
v 0.01671794 -0.00000000 0.00200000
v 0.01671731 0.00034429 0.00197014
v 0.01671345 0.00097682 0.00174523
v 0.01671437 0.00085848 0.00180638
v 0.01671703 0.00041583 0.00195630
v 0.01671043 0.00190211 0.00061803
v 0.01670955 0.00185289 0.00075287
v 0.01670904 0.00179856 0.00087474
v 0.01670944 0.00149926 0.00132371
v 0.01672819 0.00195084 -0.00044069
v 0.01671676 0.00199766 0.00009676
v 0.01671469 0.00198670 0.00023021
v 0.01675939 0.00148629 -0.00133826
v 0.01675238 0.00162042 -0.00117228
v 0.01674804 0.00169479 -0.00106193
v 0.01673172 0.00191699 -0.00057023
v 0.01678734 0.00066129 -0.00188751
v 0.01677389 0.00114169 -0.00164212
v 0.01676988 0.00124801 -0.00156284
v 0.01638986 0.00000000 0.00566338
v 0.01679854 -0.00000000 -0.00601938
v 0.01671752 0.00000000 0.00201033
v 0.01552948 0.01388562 -0.00184724
v 0.01567126 0.01189410 -0.00135211
v 0.01416983 0.01386888 0.00367656
v 0.01516070 0.00795331 0.00516099
v 0.01617756 0.00795359 -0.00292919
v 0.01660264 0.00398340 -0.00246462
v 0.01640480 0.00596936 -0.00268085
v 0.01674240 0.00199413 -0.00231188
v 0.01665413 0.00201840 0.00208026
v 0.01593151 0.00403696 0.00603701
v 0.01606314 0.00204101 0.00669359
v 0.01574517 0.00600274 0.00510752
v 0.01495237 0.00990447 0.00410394
v 0.01476966 0.01186980 0.00317681
v 0.01463878 0.01386379 0.00251270
v 0.01357056 0.01387411 0.00482759
v 0.01553114 0.00795327 0.00403995
v 0.01524932 0.01386551 0.00023126
v 0.01538727 0.01187171 0.00088209
v 0.01557986 0.00990563 0.00179070
v 0.01586920 0.00991940 -0.00066088
v 0.01579944 0.00795326 0.00282663
v 0.01634359 0.00203795 0.00539386
v 0.01620895 0.00403345 0.00475866
v 0.01601835 0.00600054 0.00385944
v 0.01609487 0.00795299 0.00012722
v 0.01631987 0.00598638 0.00091293
v 0.01651576 0.00401102 0.00159702
v 0.01424675 0.01590190 -0.00389810
v 0.01099664 0.01590189 -0.00389810
v 0.00524150 0.03111410 -0.00250000
v 0.00539325 0.03084343 -0.00250000
v 0.00535959 0.03082567 -0.00269134
v 0.00596967 0.02924273 -0.00250000
v 0.00609830 0.02801019 -0.00250000
v 0.00606024 0.02801010 -0.00269134
v 0.00605076 0.02723631 -0.00250000
v 0.00592431 0.02654997 -0.00250000
v 0.00588734 0.02655900 -0.00269134
v 0.00430759 0.02367913 -0.00250000
v 0.00347472 0.02298411 -0.00250000
v 0.00345303 0.02301539 -0.00269134
v -0.00312913 0.02275928 -0.00250000
v -0.00345565 0.02296862 -0.00250000
v -0.00343410 0.02300000 -0.00269134
v -0.00466022 0.02405853 -0.00250000
v -0.00539662 0.02514968 -0.00250000
v -0.00536295 0.02516744 -0.00269134
v -0.00568648 0.02578453 -0.00250000
v -0.00592115 0.02652350 -0.00250000
v -0.00588422 0.02653269 -0.00269134
v -0.00337273 0.02308933 -0.00285355
v -0.00210040 0.02242519 -0.00285355
v -0.00328088 0.02322304 -0.00296194
v -0.00204322 0.02257699 -0.00296194
v -0.00317254 0.02338075 -0.00300000
v -0.00197576 0.02275604 -0.00300000
v -0.00496604 0.03058792 -0.00300000
v -0.00513566 0.03067646 -0.00296194
v -0.00434513 0.03182723 -0.00296194
v -0.00066426 0.02243589 -0.00300000
v -0.00068690 0.02224590 -0.00296194
v 0.00068574 0.02243891 -0.00300000
v 0.00070923 0.02224902 -0.00296194
v 0.00199580 0.02276491 -0.00300000
v 0.00206405 0.02258616 -0.00296194
v 0.00318977 0.02339497 -0.00300000
v 0.00329882 0.02323774 -0.00296194
v -0.00420163 0.03170066 -0.00300000
v -0.00330218 0.03275537 -0.00296194
v -0.00319313 0.03259815 -0.00300000
v -0.00206742 0.03340696 -0.00296194
v -0.00199916 0.03322820 -0.00300000
v -0.00071260 0.03374410 -0.00296194
v -0.00068911 0.03355420 -0.00300000
v 0.00068354 0.03374722 -0.00296194
v 0.00066090 0.03355722 -0.00300000
v 0.00203985 0.03341613 -0.00296194
v 0.00197240 0.03323707 -0.00300000
v 0.00327752 0.03277007 -0.00296194
v 0.00316917 0.03261236 -0.00300000
v 0.00432461 0.03184661 -0.00296194
v 0.00418167 0.03171940 -0.00300000
v 0.00512027 0.03069938 -0.00296194
v 0.00495104 0.03061008 -0.00300000
v -0.00527946 0.03075153 -0.00285355
v -0.00446679 0.03193453 -0.00285355
v -0.00070610 0.02208482 -0.00285355
v 0.00072914 0.02208803 -0.00285355
v 0.00212191 0.02243462 -0.00285355
v 0.00339126 0.02310445 -0.00285355
v -0.00339463 0.03288867 -0.00285355
v -0.00212528 0.03355849 -0.00285355
v -0.00073251 0.03390508 -0.00285355
v 0.00070273 0.03390829 -0.00285355
v 0.00209703 0.03356793 -0.00285355
v 0.00336936 0.03290378 -0.00285355
v 0.00444578 0.03195444 -0.00285355
v 0.00526373 0.03077509 -0.00285355
v -0.00537554 0.03080168 -0.00269134
v -0.00454808 0.03200622 -0.00269134
v -0.00560167 0.02798404 -0.00300000
v -0.00543595 0.02664424 -0.00300000
v -0.00579301 0.02798361 -0.00296194
v -0.00562163 0.02659804 -0.00296194
v -0.00595522 0.02798325 -0.00285355
v -0.00577904 0.02655887 -0.00285355
v -0.00606361 0.02798301 -0.00269134
v -0.00213860 0.02232376 -0.00269134
v -0.00071892 0.02197720 -0.00269134
v 0.00074245 0.02198046 -0.00269134
v 0.00216057 0.02233336 -0.00269134
v 0.00496267 0.02540519 -0.00300000
v 0.00543857 0.02666854 -0.00300000
v 0.00513230 0.02531665 -0.00296194
v 0.00562446 0.02662317 -0.00296194
v 0.00527610 0.02524159 -0.00285355
v 0.00578204 0.02658470 -0.00285355
v 0.00537218 0.02519143 -0.00269134
v -0.00345640 0.03297773 -0.00269134
v -0.00216394 0.03365975 -0.00269134
v -0.00074581 0.03401265 -0.00269134
v 0.00071555 0.03401592 -0.00269134
v 0.00213524 0.03366936 -0.00269134
v 0.00343074 0.03299312 -0.00269134
v 0.00452675 0.03202650 -0.00269134
v -0.00496281 0.03154581 -0.00250000
v -0.00540929 0.03081929 -0.00250000
v -0.00584644 0.02974263 -0.00250000
v -0.00592767 0.02944314 -0.00250000
v -0.00589070 0.02943412 -0.00269134
v -0.00578540 0.02940842 -0.00285355
v -0.00562782 0.02936995 -0.00296194
v -0.00544194 0.02932457 -0.00300000
v -0.00610167 0.02798293 -0.00250000
v -0.00609671 0.02775023 -0.00250000
v -0.00526710 0.02521803 -0.00285355
v -0.00512363 0.02529373 -0.00296194
v -0.00495441 0.02538303 -0.00300000
v -0.00455855 0.02394131 -0.00250000
v -0.00453012 0.02396662 -0.00269134
v -0.00444915 0.02403867 -0.00285355
v -0.00432797 0.02414651 -0.00296194
v -0.00418503 0.02427371 -0.00300000
v -0.00215202 0.02228814 -0.00250000
v -0.00125914 0.02202757 -0.00250000
v -0.00072342 0.02193940 -0.00250000
v 0.00074712 0.02194269 -0.00250000
v 0.00217415 0.02229780 -0.00250000
v 0.00267224 0.02251384 -0.00250000
v 0.00457326 0.02396172 -0.00250000
v 0.00454472 0.02398690 -0.00269134
v 0.00446343 0.02405859 -0.00285355
v 0.00434177 0.02416588 -0.00296194
v 0.00419827 0.02429245 -0.00300000
v 0.00540592 0.02517382 -0.00250000
v 0.00547597 0.02531227 -0.00250000
v 0.00559830 0.02800907 -0.00300000
v 0.00578964 0.02800950 -0.00296194
v 0.00595186 0.02800986 -0.00285355
v 0.00591779 0.02946961 -0.00250000
v 0.00588085 0.02946042 -0.00269134
v 0.00577567 0.02943425 -0.00285355
v 0.00561826 0.02939508 -0.00296194
v 0.00543258 0.02934887 -0.00300000
v 0.00455518 0.03205179 -0.00250000
v 0.00394514 0.03264764 -0.00250000
v 0.00345229 0.03302449 -0.00250000
v 0.00214866 0.03370497 -0.00250000
v 0.00072006 0.03405371 -0.00250000
v -0.00457663 0.03203139 -0.00250000
v -0.00347809 0.03300900 -0.00250000
v -0.00217751 0.03369531 -0.00250000
v -0.00173671 0.03384461 -0.00250000
v -0.00075049 0.03405042 -0.00250000
v 0.00025616 0.03409111 -0.00250000
v 0.00025616 0.03409110 0.00250000
v 0.00025899 0.03415804 0.00275000
v 0.00125577 0.03396555 0.00250000
v 0.00126958 0.03403109 0.00275000
v 0.00222109 0.03367716 0.00250000
v 0.00224550 0.03373955 0.00275000
v 0.00312577 0.03323383 0.00250000
v 0.00316011 0.03329134 0.00275000
v 0.00394514 0.03264764 0.00250000
v 0.00398848 0.03269871 0.00275000
v 0.00465686 0.03193458 0.00250000
v 0.00470801 0.03197783 0.00275000
v 0.00524150 0.03111411 0.00250000
v 0.00529907 0.03114834 0.00275000
v 0.00568312 0.03020858 0.00250000
v 0.00574554 0.03023287 0.00275000
v 0.00596967 0.02924273 0.00250000
v 0.00603525 0.02925641 0.00275000
v 0.00609334 0.02824288 0.00250000
v 0.00616028 0.02824558 0.00275000
v 0.00605076 0.02723631 0.00250000
v 0.00611722 0.02722796 0.00275000
v 0.00584308 0.02625048 0.00250000
v 0.00590726 0.02623130 0.00275000
v 0.00547597 0.02531228 0.00250000
v 0.00553612 0.02528280 0.00275000
v 0.00495944 0.02444730 0.00250000
v 0.00501392 0.02440832 0.00275000
v 0.00430759 0.02367913 0.00250000
v 0.00435491 0.02363172 0.00275000
v 0.00353819 0.02302873 0.00250000
v 0.00357707 0.02297418 0.00275000
v 0.00267224 0.02251384 0.00250000
v 0.00270160 0.02245364 0.00275000
v 0.00173334 0.02214850 0.00250000
v 0.00175240 0.02208429 0.00275000
v 0.00074712 0.02194269 0.00250000
v 0.00075535 0.02187621 0.00275000
v -0.00025953 0.02190201 0.00250000
v -0.00026236 0.02183508 0.00275000
v -0.00125914 0.02202757 0.00250000
v -0.00127295 0.02196202 0.00275000
v -0.00222445 0.02231595 0.00250000
v -0.00224886 0.02225357 0.00275000
v -0.00312913 0.02275928 0.00250000
v -0.00316348 0.02270177 0.00275000
v -0.00394851 0.02334548 0.00250000
v -0.00399185 0.02329439 0.00275000
v -0.00466022 0.02405853 0.00250000
v -0.00471138 0.02401529 0.00275000
v -0.00524486 0.02487901 0.00250000
v -0.00530244 0.02484478 0.00275000
v -0.00568648 0.02578453 0.00250000
v -0.00574891 0.02576024 0.00275000
v -0.00597303 0.02675039 0.00250000
v -0.00603861 0.02673670 0.00275000
v -0.00609671 0.02775023 0.00250000
v -0.00616364 0.02774753 0.00275000
v -0.00605412 0.02875680 0.00250000
v -0.00612059 0.02876515 0.00275000
v -0.00584644 0.02974264 0.00250000
v -0.00591063 0.02976181 0.00275000
v -0.00547933 0.03068083 0.00250000
v -0.00553948 0.03071031 0.00275000
v -0.00496281 0.03154581 0.00250000
v -0.00501729 0.03158479 0.00275000
v -0.00431095 0.03231398 0.00250000
v -0.00435828 0.03236139 0.00275000
v -0.00354156 0.03296438 0.00250000
v -0.00358043 0.03301894 0.00275000
v -0.00267560 0.03347927 0.00250000
v -0.00270496 0.03353948 0.00275000
v -0.00173671 0.03384461 0.00250000
v -0.00175576 0.03390883 0.00275000
v -0.00075049 0.03405042 0.00250000
v -0.00075871 0.03411690 0.00275000
v 0.00026673 0.03434088 0.00293301
v 0.00130731 0.03421018 0.00293301
v 0.00231218 0.03390998 0.00293301
v 0.00325394 0.03344848 0.00293301
v 0.00410690 0.03283826 0.00293301
v 0.00484778 0.03209597 0.00293301
v 0.00545638 0.03124187 0.00293301
v 0.00591610 0.03029924 0.00293301
v 0.00621440 0.02929380 0.00293301
v 0.00634314 0.02825297 0.00293301
v 0.00629881 0.02720515 0.00293301
v 0.00608262 0.02617892 0.00293301
v 0.00570046 0.02520227 0.00293301
v 0.00516277 0.02430183 0.00293301
v 0.00448420 0.02350219 0.00293301
v 0.00368327 0.02282513 0.00293301
v 0.00278182 0.02228914 0.00293301
v 0.00180445 0.02190883 0.00293301
v 0.00077781 0.02169458 0.00293301
v -0.00027009 0.02165223 0.00293301
v -0.00131067 0.02178294 0.00293301
v -0.00231555 0.02208314 0.00293301
v -0.00325731 0.02254464 0.00293301
v -0.00411026 0.02315486 0.00293301
v -0.00485114 0.02389714 0.00293301
v -0.00545974 0.02475125 0.00293301
v -0.00591947 0.02569388 0.00293301
v -0.00621776 0.02669931 0.00293301
v -0.00634650 0.02774014 0.00293301
v -0.00630217 0.02878796 0.00293301
v -0.00608598 0.02981419 0.00293301
v -0.00570383 0.03079085 0.00293301
v -0.00516613 0.03169128 0.00293301
v -0.00448756 0.03249093 0.00293301
v -0.00368663 0.03316798 0.00293301
v -0.00278519 0.03370398 0.00293301
v -0.00180781 0.03408428 0.00293301
v -0.00078117 0.03429853 0.00293301
v 0.00027730 0.03459065 0.00300000
v 0.00135884 0.03445481 0.00300000
v 0.00240328 0.03414278 0.00300000
v 0.00338212 0.03366312 0.00300000
v 0.00426865 0.03302888 0.00300000
v 0.00503870 0.03225737 0.00300000
v 0.00567127 0.03136964 0.00300000
v 0.00614908 0.03038990 0.00300000
v 0.00645913 0.02934487 0.00300000
v 0.00659293 0.02826307 0.00300000
v 0.00654686 0.02717400 0.00300000
v 0.00632216 0.02610736 0.00300000
v 0.00592496 0.02509225 0.00300000
v 0.00536609 0.02415638 0.00300000
v 0.00466081 0.02332524 0.00300000
v 0.00382835 0.02262153 0.00300000
v 0.00289141 0.02206444 0.00300000
v 0.00187556 0.02166916 0.00300000
v 0.00080850 0.02144647 0.00300000
v -0.00028066 0.02140245 0.00300000
v -0.00136221 0.02153831 0.00300000
v -0.00240664 0.02185032 0.00300000
v -0.00338548 0.02233000 0.00300000
v -0.00427202 0.02296424 0.00300000
v -0.00504207 0.02373574 0.00300000
v -0.00567463 0.02462348 0.00300000
v -0.00615245 0.02560322 0.00300000
v -0.00646249 0.02664824 0.00300000
v -0.00659630 0.02773004 0.00300000
v -0.00655022 0.02881912 0.00300000
v -0.00632552 0.02988576 0.00300000
v -0.00592832 0.03090085 0.00300000
v -0.00536946 0.03183674 0.00300000
v -0.00466417 0.03266787 0.00300000
v -0.00383171 0.03337158 0.00300000
v -0.00289477 0.03392867 0.00300000
v -0.00187892 0.03432395 0.00300000
v -0.00081186 0.03454665 0.00300000
v -0.00000168 0.02799656 -0.00300000
v -0.01041421 0.03599656 0.00241421
v -0.01063206 0.03599656 0.00215602
v -0.01058931 0.03690301 0.00215602
v -0.01088420 0.03693089 0.00153083
v -0.01092827 0.03599656 0.00153084
v -0.00912281 0.04170536 0.00153084
v -0.00998336 0.04022381 0.00153083
v -0.00100000 0.04541076 0.00241421
v -0.00100000 0.04513714 0.00264288
v -0.00186021 0.04509658 0.00264289
v -0.00180111 0.04447142 0.00293318
v -0.00100000 0.04450919 0.00293318
v -0.00670881 0.04411937 0.00153084
v -0.00522725 0.04497992 0.00153084
v -0.00361980 0.04557295 0.00153084
v -0.00193433 0.04588075 0.00153084
v -0.00100000 0.04592483 0.00153084
v -0.00802034 0.04301690 0.00153084
v -0.01057638 0.03861636 0.00153084
v -0.00951264 0.03599656 0.00293318
v -0.00947486 0.03679767 0.00293318
v -0.00870247 0.03962106 0.00293319
v -0.00921093 0.03824281 0.00293319
v -0.00796461 0.04089136 0.00293318
v -0.00589481 0.04296117 0.00293318
v -0.00701935 0.04201591 0.00293319
v -0.00462451 0.04369902 0.00293318
v -0.00324626 0.04420749 0.00293319
v -0.01014058 0.03599656 0.00264288
v -0.01010002 0.03685676 0.00264289
v -0.00981662 0.03840850 0.00264288
v -0.00927065 0.03988843 0.00264288
v -0.00847837 0.04125245 0.00264288
v -0.00746337 0.04245992 0.00264288
v -0.00625588 0.04347492 0.00264289
v -0.00489187 0.04426721 0.00264288
v -0.00341195 0.04481318 0.00264288
v -0.01029068 0.03853820 0.00215602
v -0.00971535 0.04009768 0.00215602
v -0.00888047 0.04153505 0.00215602
v -0.00781090 0.04280746 0.00215602
v -0.00653849 0.04387702 0.00215602
v -0.00510113 0.04471191 0.00215602
v -0.00354164 0.04528723 0.00215602
v -0.00190646 0.04558587 0.00215602
v -0.00100000 0.04562861 0.00215602
v 0.00099664 0.04592567 0.00152775
v 0.00099663 0.04584431 0.00176537
v 0.00099664 0.04563285 0.00215001
v 0.00099664 0.04541077 0.00241421
v 0.00099664 0.04514656 0.00263630
v 0.00099664 0.04452431 0.00292912
v 0.01041085 0.03599656 0.00241421
v 0.01014664 0.03599656 0.00263630
v 0.01010604 0.03685765 0.00263630
v 0.00190349 0.04559009 0.00215001
v 0.00670593 0.04412007 0.00152775
v 0.00522425 0.04498069 0.00152775
v 0.00998077 0.04022417 0.00152775
v 0.00912014 0.04170584 0.00152775
v 0.01092575 0.03599656 0.00152775
v 0.01088168 0.03693097 0.00152775
v 0.01057384 0.03861659 0.00152775
v 0.00801758 0.04301750 0.00152775
v 0.00193105 0.04588160 0.00152775
v 0.00361666 0.04557376 0.00152775
v 0.00462757 0.04371270 0.00292912
v 0.00324688 0.04422206 0.00292911
v 0.00179917 0.04448645 0.00292911
v 0.00590014 0.04297353 0.00292911
v 0.00797361 0.04090006 0.00292911
v 0.00702666 0.04202659 0.00292911
v 0.00871277 0.03962750 0.00292911
v 0.00948654 0.03679909 0.00292911
v 0.00922214 0.03824680 0.00292912
v 0.00952438 0.03599656 0.00292911
v 0.00185773 0.04510595 0.00263630
v 0.00341108 0.04482227 0.00263630
v 0.00489252 0.04427574 0.00263630
v 0.00625794 0.04348263 0.00263630
v 0.00746667 0.04246659 0.00263630
v 0.00848272 0.04125786 0.00263630
v 0.00927581 0.03989244 0.00263630
v 0.00982235 0.03841100 0.00263630
v 0.00353939 0.04529133 0.00215001
v 0.00509957 0.04471574 0.00215001
v 0.00653756 0.04388049 0.00215001
v 0.00781053 0.04281045 0.00215001
v 0.00888057 0.04153749 0.00215001
v 0.00971582 0.04009949 0.00215001
v 0.01029140 0.03853932 0.00215001
v 0.01059017 0.03690341 0.00215001
v 0.01063294 0.03599656 0.00215001
v -0.01100000 0.01615860 0.00100000
v -0.00267506 0.04585526 -0.00400000
v -0.00100000 0.04599655 -0.00400000
v -0.01015060 0.04002973 -0.00400000
v -0.00888778 0.04214334 -0.00400000
v -0.00714679 0.04388433 -0.00400000
v -0.00503317 0.04514716 -0.00400000
v 0.00099664 0.04599655 -0.00400000
v 0.00267170 0.04585527 -0.00400000
v 0.00502981 0.04514717 -0.00400000
v 0.00714342 0.04388433 -0.00400000
v 0.00888441 0.04214334 -0.00400000
v 0.01014724 0.04002973 -0.00400000
v 0.01424628 0.01589656 -0.00400000
v -0.01430907 0.01656795 -0.00400000
v -0.01430907 0.01656795 -0.00370000
v -0.01481135 0.02562250 -0.00370000
v -0.01481132 0.02562250 -0.00400000
v -0.01466623 0.02117359 -0.00400000
v -0.01466623 0.02117359 -0.00370000
v -0.01391843 0.03507934 -0.00370000
v -0.01391840 0.03507933 -0.00400000
v -0.01457885 0.03037112 -0.00400000
v -0.01457885 0.03037112 -0.00370000
v -0.01179057 0.04269424 -0.00370000
v -0.01179057 0.04269424 -0.00400000
v -0.01298093 0.03915671 -0.00400000
v -0.01298093 0.03915671 -0.00370000
v -0.00867043 0.04781063 -0.00370000
v -0.00867043 0.04781063 -0.00400000
v -0.01008459 0.04604648 -0.00400000
v -0.01008459 0.04604648 -0.00370000
v -0.01133221 0.04375904 -0.00400000
v -0.01133221 0.04375904 -0.00370000
v -0.00450401 0.05025484 -0.00370000
v -0.00450401 0.05025484 -0.00400000
v -0.00668016 0.04931771 -0.00400000
v -0.00668016 0.04931771 -0.00370000
v -0.00826269 0.04819354 -0.00400000
v -0.00826269 0.04819354 -0.00370000
v -0.00000168 0.05091797 -0.00370000
v -0.00000168 0.05091797 -0.00400000
v -0.00226271 0.05076322 -0.00400000
v -0.00226271 0.05076322 -0.00370000
v 0.00450065 0.05025484 -0.00370000
v 0.00450065 0.05025484 -0.00400000
v 0.00225934 0.05076322 -0.00400000
v 0.00225934 0.05076322 -0.00370000
v 0.00866707 0.04781062 -0.00370000
v 0.00866707 0.04781062 -0.00400000
v 0.00706706 0.04908438 -0.00400000
v 0.00706706 0.04908438 -0.00370000
v 0.00530150 0.04997104 -0.00400000
v 0.00530150 0.04997104 -0.00370000
v 0.01178721 0.04269425 -0.00370000
v 0.01178721 0.04269425 -0.00400000
v 0.01037540 0.04557805 -0.00400000
v 0.01037540 0.04557805 -0.00370000
v 0.00904596 0.04740887 -0.00400000
v 0.00904596 0.04740887 -0.00370000
v 0.01391503 0.03507933 -0.00370000
v 0.01391506 0.03507933 -0.00400000
v 0.01297757 0.03915672 -0.00400000
v 0.01297757 0.03915672 -0.00370000
v 0.01480796 0.02562251 -0.00370000
v 0.01480798 0.02562251 -0.00400000
v 0.01457549 0.03037112 -0.00400000
v 0.01457548 0.03037112 -0.00370000
v 0.01430571 0.01656795 -0.00370000
v 0.01430571 0.01656795 -0.00400000
v 0.01466286 0.02117359 -0.00400000
v 0.01466286 0.02117359 -0.00370000
v 0.01168247 0.01661207 0.00645337
v 0.01154281 0.01643896 0.00634957
v 0.01215077 0.01639635 0.00553664
v 0.01346951 0.01625849 0.00290611
v 0.01382288 0.01619081 0.00161476
v 0.01417360 0.01652337 0.00167213
v 0.01380938 0.01659361 0.00300342
v 0.01345116 0.01664262 0.00392497
v 0.01312288 0.01630522 0.00379775
v 0.01300239 0.01669099 0.00482653
v 0.01268889 0.01635091 0.00466950
v 0.01182156 0.01678543 0.00655817
v 0.01244734 0.01673950 0.00572125
v 0.01267027 0.01672113 0.00538377
v 0.01122782 0.01682333 0.00724040
v 0.00669445 0.01699877 0.01037124
v 0.00657057 0.01663300 0.01005212
v 0.00657671 0.01663289 0.01004657
v 0.00669975 0.01699916 0.01036746
v 0.00658481 0.01663273 0.01004503
v 0.00670535 0.01699904 0.01036542
v 0.00660678 0.01663230 0.01003916
v 0.00673112 0.01699797 0.01035801
v 0.00670603 0.01663035 0.01000169
v 0.00685730 0.01699542 0.01031002
v 0.00675067 0.01699775 0.01035005
v 0.00672744 0.01662991 0.00999317
v 0.00673704 0.01662972 0.00998935
v 0.00686727 0.01699523 0.01030610
v 0.00732978 0.01661641 0.00973544
v 0.00748283 0.01698064 0.01004238
v 0.00789309 0.01660125 0.00944621
v 0.00834985 0.01695488 0.00958063
v 0.00909992 0.01656087 0.00867588
v 0.00924961 0.01692185 0.00899301
v 0.00959632 0.01690729 0.00873472
v 0.01023891 0.01651172 0.00773800
v 0.01043070 0.01686769 0.00803182
v 0.01127069 0.01645592 0.00667324
v -0.00000168 0.01703905 0.01112770
v -0.00000168 0.01667149 0.01078664
v 0.00245600 0.01703711 0.01109376
v 0.00296135 0.01666833 0.01072638
v 0.00298344 0.01703561 0.01106646
v 0.00407746 0.01703112 0.01096826
v 0.00505236 0.01665489 0.01046993
v 0.00512208 0.01702261 0.01080467
v 0.00540877 0.01701882 0.01074451
v -0.00646878 0.01700260 0.01045139
v -0.00669781 0.01699878 0.01037124
v -0.00657393 0.01663299 0.01005212
v -0.00527671 0.01702058 0.01077377
v -0.00573780 0.01664677 0.01031484
v -0.00479666 0.01665740 0.01051773
v -0.00385542 0.01703233 0.01099394
v -0.00260304 0.01666937 0.01074611
v -0.00261979 0.01703681 0.01108665
v -0.00208700 0.01703810 0.01110718
v -0.00672930 0.01662994 0.00999379
v -0.00699215 0.01699258 0.01025833
v -0.00798130 0.01659874 0.00939839
v -0.00816787 0.01696087 0.00968759
v -0.00859300 0.01694669 0.00943462
v -0.00910703 0.01656074 0.00867326
v -0.00944328 0.01691400 0.00885374
v -0.00922753 0.01655607 0.00858439
v -0.01027967 0.01687553 0.00817105
v -0.01068971 0.01648900 0.00730442
v -0.01107937 0.01683230 0.00740108
v -0.01182493 0.01678543 0.00655817
v -0.01154618 0.01643895 0.00634957
v -0.01077788 0.01684939 0.00770596
v -0.01110097 0.01646616 0.00686863
v -0.01417675 0.01652332 0.00167339
v -0.01382603 0.01619086 0.00161566
v -0.01392170 0.01657558 0.00266304
v -0.01357851 0.01624119 0.00257604
v -0.01383388 0.01659025 0.00294017
v -0.01324186 0.01629099 0.00352631
v -0.01357407 0.01662765 0.00364420
v -0.01283066 0.01633742 0.00441221
v -0.01314886 0.01667667 0.00456052
v -0.01234206 0.01638153 0.00525374
v -0.01264426 0.01672362 0.00542976
v -0.01451130 0.01639333 -0.00082590
v -0.01457508 0.01632997 -0.00201634
v -0.01461769 0.01623999 -0.00369999
v -0.01413251 0.01607579 -0.00057789
v -0.01394500 0.01615832 0.00099529
v -0.01442378 0.01644067 0.00012531
v 0.01447358 0.02061610 0.00153641
v 0.01411182 0.02043888 0.00279886
v 0.01359471 0.02028216 0.00404615
v 0.01290508 0.02012510 0.00525828
v 0.01203103 0.02020089 0.00643644
v 0.01211427 0.02377457 0.00626185
v 0.01301736 0.02400677 0.00507781
v 0.01371677 0.02423880 0.00387216
v 0.01423848 0.02447084 0.00263654
v 0.01460120 0.02469754 0.00139347
v 0.01093468 0.02003878 0.00759715
v 0.00965424 0.01988675 0.00867460
v 0.00669708 0.01718625 0.01036671
v 0.00669962 0.01737413 0.01036201
v 0.00672142 0.02009610 0.01027043
v 0.00822502 0.01975533 0.00959947
v 0.00670225 0.02300333 0.01010619
v 0.00822629 0.02314269 0.00941806
v 0.00968299 0.02332895 0.00849489
v 0.01099277 0.02354452 0.00741969
v -0.00000168 0.01983431 0.01104013
v 0.00511223 0.02291523 0.01054083
v 0.00513723 0.01981632 0.01071507
v 0.00482709 0.02290447 0.01059390
v 0.00363354 0.02287221 0.01075304
v 0.00242245 0.02285573 0.01083437
v -0.00000168 0.02284890 0.01086807
v -0.00242581 0.02285573 0.01083437
v -0.00363690 0.02287221 0.01075304
v -0.00346027 0.01978214 0.01094578
v -0.00514060 0.01981631 0.01071507
v -0.00670044 0.01718624 0.01036671
v -0.00670299 0.01737413 0.01036201
v -0.00672478 0.02009610 0.01027043
v -0.00511560 0.02291523 0.01054083
v -0.00670561 0.02300333 0.01010619
v -0.00483045 0.02290447 0.01059390
v -0.00822838 0.01975532 0.00959947
v -0.00965761 0.01988675 0.00867460
v -0.01093805 0.02003878 0.00759715
v -0.01202333 0.01996765 0.00644588
v -0.00822966 0.02314270 0.00941806
v -0.00968635 0.02332896 0.00849488
v -0.01099613 0.02354453 0.00741969
v -0.01211764 0.02377457 0.00626185
v -0.01290844 0.02012510 0.00525828
v -0.01359807 0.02028216 0.00404615
v -0.01411518 0.02043888 0.00279886
v -0.01447694 0.02061610 0.00153641
v -0.01423392 0.02446669 0.00265895
v -0.01460456 0.02469754 0.00139347
v -0.01371289 0.02423604 0.00388671
v -0.01301597 0.02400538 0.00508493
v -0.01469481 0.02052272 0.00029227
v -0.01484451 0.02066687 -0.00102933
v -0.01479585 0.01831936 -0.00369988
v -0.01507136 0.02249643 -0.00369990
v -0.01514258 0.02557307 -0.00370001
v -0.01499267 0.02513759 -0.00112530
v -0.01484168 0.02491743 0.00014993
v -0.01505345 0.02847721 -0.00370000
v -0.01493479 0.02758626 -0.00117456
v -0.01476829 0.03002931 -0.00122476
v -0.01480959 0.03132331 -0.00370000
v -0.01450329 0.03238704 -0.00127533
v -0.01442644 0.03407532 -0.00370000
v -0.01415683 0.03186448 0.00111135
v -0.01382699 0.03409703 0.00100974
v -0.01403604 0.03433924 -0.00013679
v -0.01455260 0.02713422 0.00130317
v -0.01478762 0.02734526 0.00007986
v -0.01440102 0.02953337 0.00120914
v -0.01462834 0.02978045 0.00000709
v -0.01437221 0.03213802 -0.00006723
v -0.01415842 0.03458568 -0.00131539
v -0.01425015 0.03507997 -0.00369999
v -0.01411774 0.03576967 -0.00369991
v -0.01374099 0.03665805 -0.00136676
v -0.01353403 0.03833882 -0.00369988
v -0.01362583 0.03641036 -0.00021304
v -0.01341771 0.03620494 0.00090477
v -0.01237261 0.04001800 0.00069487
v -0.01174149 0.04171538 0.00059573
v -0.01255750 0.04025995 -0.00036820
v -0.01191270 0.04197771 -0.00044085
v -0.01266297 0.04051695 -0.00147075
v -0.01201600 0.04223996 -0.00151910
v -0.01293213 0.03817989 0.00079885
v -0.01312925 0.03840273 -0.00029153
v -0.01323868 0.03865441 -0.00141946
v -0.01286138 0.04066124 -0.00370002
v -0.01210206 0.04275289 -0.00370000
v -0.01104118 0.04326656 0.00050524
v -0.01130335 0.04380503 -0.00155212
v -0.01128860 0.04454878 -0.00370000
v -0.01052355 0.04521654 -0.00158948
v -0.01042505 0.04606263 -0.00370000
v -0.00967623 0.04645922 -0.00161837
v -0.00955295 0.04726321 -0.00370000
v -0.00876175 0.04752039 -0.00163680
v -0.00889577 0.04798948 -0.00370000
v -0.01027432 0.04465955 0.00043087
v -0.00944356 0.04588081 0.00038096
v -0.00855159 0.04691676 0.00036387
v -0.00777589 0.04839581 -0.00163606
v -0.00800398 0.04877675 -0.00370010
v -0.00673554 0.04909861 -0.00163419
v -0.00704802 0.04943174 -0.00370016
v -0.00565249 0.04964891 -0.00162750
v -0.00592179 0.05002002 -0.00370009
v -0.00456565 0.05005633 -0.00160596
v -0.00460359 0.05052227 -0.00370000
v -0.00448665 0.04934365 0.00053916
v -0.00554205 0.04895715 0.00048796
v -0.00659014 0.04843648 0.00043078
v -0.00759619 0.04776472 0.00038425
v -0.00340703 0.04963072 0.00057436
v -0.00346098 0.05036485 -0.00161337
v -0.00348063 0.05082825 -0.00370000
v -0.00231549 0.05057830 -0.00161030
v -0.00231049 0.05104404 -0.00370000
v -0.00000168 0.05073859 -0.00160863
v -0.00000168 0.05120246 -0.00370000
v -0.00000168 0.05068957 -0.00142711
v -0.00125084 0.05064800 -0.00143990
v -0.00250000 0.05051329 -0.00147255
v -0.00250000 0.05005919 -0.00005530
v -0.00250000 0.04980023 0.00059193
v 0.00250000 0.05005870 -0.00005541
v 0.00250000 0.04979970 0.00059188
v 0.00338369 0.04963513 0.00057485
v 0.00229840 0.05058027 -0.00161028
v 0.00230712 0.05104404 -0.00370000
v 0.00343723 0.05036952 -0.00161329
v 0.00345662 0.05083294 -0.00370000
v 0.00250000 0.05051277 -0.00147265
v 0.00125639 0.05064738 -0.00144008
v 0.00448328 0.04934366 0.00053916
v 0.00456264 0.05006003 -0.00162011
v 0.00460023 0.05052228 -0.00370000
v 0.00566881 0.04964026 -0.00162764
v 0.00592813 0.05001523 -0.00370000
v 0.00674486 0.04909117 -0.00163425
v 0.00711443 0.04938936 -0.00370000
v 0.00777858 0.04839112 -0.00163605
v 0.00809665 0.04870134 -0.00370000
v 0.00889240 0.04798948 -0.00370000
v 0.00875778 0.04751846 -0.00162917
v 0.00854823 0.04691676 0.00036387
v 0.00759868 0.04776020 0.00038403
v 0.00659904 0.04842942 0.00043014
v 0.00555776 0.04894901 0.00048693
v 0.00967286 0.04645922 -0.00161837
v 0.00974686 0.04701682 -0.00370000
v 0.01052019 0.04521654 -0.00158947
v 0.01055405 0.04585340 -0.00370000
v 0.01129999 0.04380502 -0.00155212
v 0.01135168 0.04441675 -0.00370000
v 0.01201189 0.04223738 -0.00150834
v 0.01209870 0.04275288 -0.00370000
v 0.00944020 0.04588082 0.00038095
v 0.01103782 0.04326656 0.00050524
v 0.01173812 0.04171538 0.00059573
v 0.01190934 0.04197772 -0.00044085
v 0.01027095 0.04465955 0.00043087
v 0.01265960 0.04051695 -0.00147075
v 0.01285720 0.04066241 -0.00370000
v 0.01323532 0.03865442 -0.00141946
v 0.01355444 0.03824818 -0.00370000
v 0.01373762 0.03665806 -0.00136676
v 0.01413279 0.03567678 -0.00370000
v 0.01415581 0.03458781 -0.00132563
v 0.01424679 0.03507997 -0.00369999
v 0.01255413 0.04025994 -0.00036820
v 0.01312588 0.03840274 -0.00029153
v 0.01362246 0.03641035 -0.00021304
v 0.01403337 0.03434029 -0.00014180
v 0.01382362 0.03409702 0.00100974
v 0.01342240 0.03616815 0.00090668
v 0.01293504 0.03815699 0.00080011
v 0.01237281 0.04000739 0.00069548
v 0.01449993 0.03238705 -0.00127532
v 0.01470467 0.03216352 -0.00370000
v 0.01476493 0.03002930 -0.00122476
v 0.01500785 0.02912958 -0.00370000
v 0.01493142 0.02758626 -0.00117455
v 0.01513083 0.02637360 -0.00370000
v 0.01498873 0.02513650 -0.00111896
v 0.01513922 0.02557306 -0.00370001
v 0.01436884 0.03213801 -0.00006724
v 0.01415000 0.03189192 0.00111015
v 0.01462498 0.02978045 0.00000709
v 0.01439766 0.02953337 0.00120914
v 0.01478426 0.02734526 0.00007986
v 0.01455046 0.02710514 0.00130427
v 0.01483557 0.02491426 0.00016813
v 0.01469303 0.02054919 0.00029153
v 0.01419017 0.01651913 0.00159399
v 0.01426042 0.01650014 0.00123412
v 0.01438214 0.01645883 0.00045046
v 0.01484278 0.02069394 -0.00102987
v 0.01447724 0.01641156 -0.00044708
v 0.01450814 0.01639056 -0.00084611
v 0.01417488 0.01652296 0.00166643
v 0.01417422 0.01652322 0.00166955
v 0.01418190 0.01652131 0.00163336
v 0.01461433 0.01624024 -0.00369999
v 0.01498397 0.02094811 -0.00369987
v 0.01512552 0.02418645 -0.00369995
v 0.01232423 0.03336012 0.00441185
v 0.01146541 0.03312104 0.00549663
v 0.01261516 0.03110903 0.00460640
v 0.01173585 0.03086169 0.00572361
v 0.01283112 0.02876671 0.00478577
v 0.01193816 0.02851373 0.00592984
v 0.01296573 0.02638241 0.00494644
v 0.01206631 0.02613281 0.00611077
v 0.01298841 0.03360165 0.00330878
v 0.01329519 0.03135804 0.00347117
v 0.01352191 0.02902060 0.00362309
v 0.01366216 0.02663229 0.00376233
v 0.01348065 0.03384687 0.00217792
v 0.01379995 0.03160957 0.00230909
v 0.01403570 0.02927597 0.00243361
v 0.01418140 0.02688278 0.00255054
v 0.01039987 0.03288581 0.00656040
v 0.01082920 0.02826381 0.00705095
v 0.00656773 0.02767283 0.00968019
v 0.00630825 0.03233176 0.00905981
v 0.00810105 0.02782771 0.00899329
v 0.00953585 0.02802992 0.00809449
v 0.00778039 0.03247673 0.00840592
v 0.00915790 0.03266622 0.00755147
v -0.00000168 0.03217455 0.00977402
v -0.00000168 0.02750485 0.01042549
v 0.00236760 0.02751228 0.01039238
v 0.00472314 0.02756530 0.01015704
v 0.00355294 0.02753021 0.01031274
v 0.00227432 0.03218151 0.00974134
v 0.00341291 0.03219829 0.00966441
v 0.00453687 0.03223113 0.00951505
v -0.00237096 0.02751228 0.01039238
v -0.00355630 0.02753021 0.01031274
v -0.00472650 0.02756530 0.01015704
v -0.00657109 0.02767283 0.00968019
v -0.00631162 0.03233176 0.00905981
v -0.00454023 0.03223113 0.00951505
v -0.00341628 0.03219829 0.00966442
v -0.00227768 0.03218151 0.00974134
v -0.01173921 0.03086169 0.00572361
v -0.01194152 0.02851373 0.00592984
v -0.01083257 0.02826381 0.00705095
v -0.01206967 0.02613280 0.00611078
v -0.00953922 0.02802992 0.00809449
v -0.00810441 0.02782771 0.00899329
v -0.01146878 0.03312105 0.00549663
v -0.01040323 0.03288580 0.00656040
v -0.00916126 0.03266623 0.00755147
v -0.00778376 0.03247673 0.00840592
v -0.01418476 0.02688278 0.00255054
v -0.01366553 0.02663229 0.00376233
v -0.01296909 0.02638241 0.00494644
v -0.01403907 0.02927597 0.00243361
v -0.01352528 0.02902060 0.00362309
v -0.01283449 0.02876670 0.00478577
v -0.01380332 0.03160957 0.00230909
v -0.01329856 0.03135804 0.00347117
v -0.01261853 0.03110903 0.00460640
v -0.01348401 0.03384687 0.00217792
v -0.01299177 0.03360165 0.00330878
v -0.01232759 0.03336011 0.00441185
v -0.01030084 0.03903940 0.00473959
v -0.00980703 0.04070089 0.00447901
v -0.01105948 0.03926608 0.00377850
v -0.01051977 0.04092367 0.00356702
v -0.01164344 0.03950632 0.00279070
v -0.01106445 0.04117293 0.00262198
v -0.01207404 0.03975775 0.00176616
v -0.01146404 0.04143978 0.00163465
v -0.01074522 0.03721902 0.00499950
v -0.01154358 0.03744866 0.00399309
v -0.01216020 0.03768488 0.00296433
v -0.01261606 0.03792840 0.00190300
v -0.01113594 0.03524461 0.00525357
v -0.01196772 0.03547785 0.00420585
v -0.01261091 0.03571465 0.00313849
v -0.01308705 0.03595651 0.00204148
v -0.00841522 0.04655322 0.00124696
v -0.00925161 0.04551759 0.00135530
v -0.00833228 0.04634284 0.00169109
v -0.00899985 0.04513499 0.00224749
v -0.00824528 0.04612771 0.00210493
v -0.00806770 0.04570146 0.00282398
v -0.00823403 0.04454059 0.00371433
v -0.00798238 0.04500887 0.00358287
v -0.00867335 0.04477302 0.00304063
v -0.00791716 0.04511746 0.00355326
v -0.00787475 0.04517879 0.00354001
v -0.00784281 0.04520482 0.00353750
v -0.00784792 0.04521252 0.00352601
v -0.00784881 0.04520746 0.00353744
v -0.00785676 0.04519982 0.00353776
v -0.00786746 0.04524717 0.00347681
v -0.00788510 0.04528290 0.00342777
v -0.00790182 0.04531891 0.00337870
v -0.00791801 0.04535487 0.00332950
v -0.00793386 0.04539061 0.00328012
v -0.00796478 0.04546124 0.00318083
v -0.00799478 0.04553064 0.00308093
v -0.00801553 0.04557899 0.00300987
v -0.00805238 0.04566537 0.00287964
v -0.01078892 0.04296838 0.00151384
v -0.01042744 0.04267685 0.00246460
v -0.00993128 0.04241127 0.00336470
v -0.00922580 0.04232545 0.00419772
v -0.01005089 0.04433193 0.00141593
v -0.00973823 0.04400284 0.00233297
v -0.00931101 0.04370384 0.00318216
v -0.00858718 0.04382078 0.00389135
v -0.00785224 0.04539535 0.00340823
v -0.00784420 0.04537980 0.00342913
v -0.00785073 0.04542874 0.00338852
v -0.00732109 0.04537443 0.00386431
v -0.00634733 0.04571440 0.00428873
v -0.00748483 0.04553338 0.00362068
v -0.00786657 0.04545902 0.00334762
v -0.00785800 0.04541310 0.00338749
v -0.00784995 0.04536621 0.00342655
v -0.00784242 0.04531834 0.00346476
v -0.00783543 0.04526947 0.00350212
v -0.00782897 0.04521962 0.00353860
v -0.00782761 0.04520977 0.00354702
v -0.00786666 0.04579940 0.00307285
v -0.00790571 0.04563300 0.00318024
v -0.00782308 0.04714199 0.00135821
v -0.00763623 0.04666067 0.00234816
v -0.00664132 0.04719121 0.00260711
v -0.00675883 0.04782598 0.00151109
v -0.00560322 0.04835468 0.00167311
v -0.00442145 0.04878755 0.00171587
v -0.00435977 0.04720378 0.00394784
v -0.00436791 0.04808034 0.00286908
v -0.00550682 0.04666820 0.00395656
v -0.00552435 0.04761747 0.00286568
v -0.00782772 0.04522711 0.00354597
v -0.00778135 0.04522479 0.00357600
v -0.00780096 0.04531806 0.00351329
v -0.00773893 0.04523858 0.00360257
v -0.00781027 0.04542202 0.00343137
v -0.00757271 0.04529263 0.00370670
v -0.00747679 0.04532380 0.00376678
v -0.00781932 0.04521246 0.00355222
v -0.00781697 0.04521322 0.00355369
v -0.00782114 0.04521187 0.00355107
v -0.00783120 0.04523618 0.00353489
v -0.00782349 0.04521111 0.00354960
v -0.00783481 0.04561829 0.00325800
v -0.00788518 0.04554793 0.00326547
v -0.00783210 0.04524153 0.00352941
v -0.00783276 0.04524713 0.00352395
v -0.00783665 0.04528733 0.00349698
v -0.00783873 0.04529751 0.00348623
v -0.00784263 0.04533749 0.00345822
v -0.00784522 0.04534693 0.00344765
v -0.00783818 0.04532989 0.00346892
v -0.00751070 0.04596726 0.00323642
v -0.00523404 0.04599138 0.00468225
v -0.00658515 0.04634437 0.00360145
v -0.00443080 0.04613961 0.00490115
v -0.00250000 0.04947530 0.00129768
v -0.00333943 0.04905711 0.00178425
v -0.00125732 0.04959042 0.00135792
v -0.00000168 0.04938116 0.00184388
v -0.00000168 0.04962745 0.00137469
v -0.00335019 0.04629265 0.00510237
v -0.00329472 0.04740353 0.00410354
v -0.00223776 0.04924152 0.00182288
v -0.00221170 0.04848342 0.00304089
v -0.00000168 0.04860880 0.00307432
v -0.00220870 0.04754244 0.00419078
v -0.00000168 0.04764990 0.00423733
v -0.00224672 0.04640134 0.00521426
v -0.00000168 0.04648771 0.00527293
v -0.00329989 0.04831912 0.00297899
v 0.00250000 0.04947488 0.00129744
v 0.00124916 0.04959071 0.00135805
v 0.00223439 0.04924152 0.00182288
v 0.00333606 0.04905711 0.00178425
v 0.00220834 0.04848343 0.00304089
v 0.00220533 0.04754244 0.00419078
v 0.00224335 0.04640134 0.00521427
v 0.00334682 0.04629264 0.00510237
v 0.00329136 0.04740353 0.00410354
v 0.00329653 0.04831913 0.00297899
v 0.00441809 0.04878754 0.00171587
v 0.00436454 0.04808033 0.00286908
v 0.00435641 0.04720377 0.00394784
v 0.00442744 0.04613961 0.00490114
v 0.00784185 0.04523837 0.00350599
v 0.00800213 0.04560368 0.00299558
v 0.00723689 0.04616844 0.00317322
v 0.00825003 0.04618250 0.00202253
v 0.00733602 0.04678128 0.00234725
v 0.00640091 0.04733437 0.00251857
v 0.00546812 0.04594329 0.00459791
v 0.00783091 0.04521667 0.00353523
v 0.00726629 0.04544137 0.00383669
v 0.00636112 0.04659900 0.00343883
v 0.00540517 0.04775856 0.00270595
v 0.00539022 0.04693853 0.00371470
v 0.00668055 0.04563469 0.00411673
v 0.00846955 0.04671543 0.00088130
v 0.00747093 0.04731053 0.00140396
v 0.00649556 0.04793901 0.00150224
v 0.00547480 0.04842241 0.00161504
v 0.00865894 0.04478255 0.00304493
v 0.00799086 0.04494081 0.00361570
v 0.00820595 0.04454517 0.00372275
v 0.00872526 0.04348544 0.00396943
v 0.00929856 0.04371182 0.00318693
v 0.00943164 0.04176750 0.00429823
v 0.00992101 0.04241529 0.00337053
v 0.00980366 0.04070089 0.00447901
v 0.01051166 0.04092188 0.00357404
v 0.01105872 0.04117161 0.00262686
v 0.01041912 0.04268141 0.00246865
v 0.00972701 0.04401160 0.00233647
v 0.00898535 0.04514609 0.00225112
v 0.01145983 0.04143909 0.00163720
v 0.01078181 0.04297373 0.00151584
v 0.01004036 0.04434186 0.00141765
v 0.00923717 0.04553046 0.00135721
v 0.01308369 0.03595651 0.00204148
v 0.01261269 0.03792840 0.00190300
v 0.01207068 0.03975775 0.00176616
v 0.01260754 0.03571466 0.00313849
v 0.01215683 0.03768489 0.00296433
v 0.01164008 0.03950631 0.00279070
v 0.01196436 0.03547785 0.00420585
v 0.01154021 0.03744866 0.00399309
v 0.01105612 0.03926608 0.00377850
v 0.01113257 0.03524460 0.00525357
v 0.01074185 0.03721901 0.00499950
v 0.01029748 0.03903940 0.00473959
v 0.00730777 0.03662006 0.00768344
v 0.00593065 0.03648852 0.00828678
v 0.00668785 0.04024294 0.00686039
v 0.00543005 0.04016381 0.00739160
v 0.01010073 0.03501592 0.00627985
v 0.00859340 0.03679371 0.00689629
v 0.00975045 0.03699738 0.00598256
v 0.00935230 0.03882961 0.00567360
v 0.00890955 0.04051208 0.00535801
v 0.00824666 0.03864389 0.00653865
v 0.00785931 0.04035923 0.00616717
v 0.00449519 0.03640685 0.00866846
v 0.00411713 0.04012045 0.00773069
v 0.00301891 0.03636557 0.00886807
v 0.00276563 0.04010351 0.00791137
v 0.00151542 0.03635092 0.00894459
v -0.00000168 0.04010355 0.00799628
v -0.00000168 0.03634909 0.00895699
v -0.00543341 0.04016381 0.00739161
v -0.00593401 0.03648851 0.00828678
v -0.00412050 0.04012045 0.00773069
v -0.00449855 0.03640684 0.00866846
v -0.00276899 0.04010351 0.00791137
v -0.00151878 0.03635091 0.00894459
v -0.00302227 0.03636558 0.00886807
v -0.00935566 0.03882963 0.00567360
v -0.00975381 0.03699739 0.00598256
v -0.00859676 0.03679371 0.00689629
v -0.01010409 0.03501592 0.00627985
v -0.00890110 0.03480303 0.00723545
v -0.00891291 0.04051209 0.00535801
v -0.00731114 0.03662005 0.00768344
v -0.00636725 0.04021849 0.00701773
v -0.00669121 0.04024294 0.00686039
v -0.00816547 0.04039771 0.00595396
v -0.00782622 0.04521629 0.00355686
v -0.00783406 0.04514483 0.00362442
v -0.00783698 0.04520788 0.00355391
v -0.00785978 0.04518540 0.00355153
v -0.00767281 0.04519399 0.00375495
v -0.00561029 0.04519507 0.00514779
v -0.00460308 0.04487777 0.00569289
v -0.00594465 0.04373694 0.00580775
v -0.00485187 0.04344073 0.00634641
v -0.00514079 0.04185918 0.00689992
v -0.00633675 0.04205478 0.00636404
v -0.00704220 0.04366585 0.00524741
v -0.00751670 0.04483448 0.00418783
v -0.00789490 0.04476874 0.00388692
v -0.00800256 0.04363456 0.00456255
v -0.00731383 0.04529940 0.00400702
v -0.00663209 0.04499488 0.00473007
v -0.00261810 0.04186344 0.00737920
v -0.00000168 0.04188067 0.00746038
v -0.00246778 0.04352648 0.00677800
v -0.00000168 0.04356545 0.00685380
v -0.00233749 0.04505249 0.00606920
v -0.00000168 0.04511532 0.00613762
v -0.00389702 0.04185525 0.00721142
v -0.00367520 0.04348654 0.00662582
v -0.00348345 0.04497783 0.00593557
v 0.00233413 0.04505250 0.00606920
v 0.00348009 0.04497783 0.00593557
v 0.00246441 0.04352648 0.00677800
v 0.00261474 0.04186344 0.00737920
v 0.00367184 0.04348654 0.00662582
v 0.00389366 0.04185524 0.00721142
v 0.00459970 0.04487784 0.00569285
v 0.00484850 0.04344079 0.00634639
v 0.00513742 0.04185922 0.00689991
v 0.00567775 0.04475713 0.00532137
v 0.00753672 0.04452266 0.00431704
v 0.00667316 0.04462919 0.00485057
v 0.00633030 0.04188439 0.00641442
v 0.00744049 0.04194078 0.00578048
v 0.00843220 0.04203923 0.00503717
v 0.00597919 0.04339692 0.00591403
v 0.00702875 0.04337073 0.00535319
v 0.00795720 0.04338533 0.00469781
v -0.00900000 0.01626341 0.00300000
v -0.00969223 0.01625693 0.00287638
v -0.01087638 0.01619487 0.00169224
v -0.01041421 0.01623271 0.00241421
v 0.01099664 0.01615859 0.00100000
v 0.01087302 0.01619487 0.00169223
v 0.00968887 0.01625693 0.00287638
v 0.00899663 0.01626341 0.00300000
v 0.01041085 0.01623271 0.00241421
v -0.01046034 0.01649915 0.00749828
v -0.00966371 0.01653055 0.00809718
v -0.00791411 0.01658278 0.00909390
v -0.00598110 0.01662126 0.00982812
v -0.00380688 0.01664748 0.01032837
v -0.00300000 0.01665359 0.01044520
v -0.00300000 0.01626341 0.00300000
v 0.01382414 0.01619052 0.00160887
v 0.01412002 0.01608200 -0.00046067
v 0.01406537 0.01611140 0.00009995
v 0.01382664 0.01618990 0.00159712
v -0.01577532 0.00671872 -0.00100000
v -0.01577502 0.00691265 -0.00120763
v -0.01577449 0.00726243 -0.00144739
v -0.01577387 0.00766238 -0.00158839
v -0.01577258 0.00850141 -0.00154317
v -0.01577150 0.00920501 -0.00108499
v -0.01577139 0.00927628 -0.00100000
v -0.01553935 0.00272848 0.00747942
v -0.01570197 0.00269569 0.00737492
v -0.01572146 0.00210179 0.00756450
v -0.01555847 0.00212631 0.00767206
v -0.01575085 0.00106498 0.00777632
v -0.01558710 0.00107662 0.00788754
v -0.01540134 0.00052648 0.00798266
v -0.01539279 0.00107787 0.00792705
v -0.01536559 0.00213091 0.00771098
v -0.01534717 0.00273616 0.00751754
v -0.01587064 0.00000000 0.00768018
v -0.01585829 0.00104476 0.00761089
v -0.01582931 0.00206114 0.00740496
v -0.01581004 0.00264282 0.00722010
v -0.01579640 -0.00000000 0.00781018
v -0.01568700 0.00000000 0.00791236
v -0.01559928 -0.00000000 0.00796039
v -0.01555225 0.00000000 0.00797759
v -0.01540424 -0.00000000 0.00800000
v -0.00300000 0.01617065 0.01094145
v -0.00388330 0.01616417 0.01081480
v -0.00512015 0.01615154 0.01056763
v -0.00716928 0.01611972 0.00994218
v -0.00611595 0.01613795 0.01030097
v -0.00992815 0.01604723 0.00850790
v -0.00893107 0.01607834 0.00912451
v -0.00811216 0.01609947 0.00954259
v -0.01075727 0.01601586 0.00788456
v -0.01153046 0.01598144 0.00718869
v -0.01418922 0.01578982 0.00326636
v -0.01392272 0.01581828 0.00384274
v -0.01350307 0.01629547 0.00361171
v -0.01288753 0.01590378 0.00559058
v -0.01250595 0.01638371 0.00529537
v -0.01224654 0.01594395 0.00641746
v -0.01189005 0.01642534 0.00608986
v -0.01120260 0.01646415 0.00683024
v -0.01472078 0.01571892 0.00184553
v -0.01427529 0.01619419 0.00167906
v -0.01504057 0.01566062 0.00069189
v -0.01480301 0.01608006 -0.00049860
v -0.01526353 0.01560518 -0.00039388
v -0.01506748 0.01594897 -0.00300000
v -0.01553629 0.01547081 -0.00300000
v -0.00300000 0.01527110 0.01083288
v -0.00300000 0.01541806 0.01091393
v -0.00317106 0.01537670 0.01087928
v -0.00300000 0.01558358 0.01094187
v -0.00300000 0.01515830 0.01070730
v -0.00300000 0.01521730 0.01078339
v -0.00314827 0.01521057 0.01076472
v -0.00312097 0.01510444 0.01059373
v -0.00300000 0.01511004 0.01060912
v -0.00318559 0.01557543 0.01091853
v -0.00479390 0.01547983 0.01064308
v -0.00477043 0.01527987 0.01060664
v -0.00631183 0.01534336 0.01024558
v -0.00717311 0.01524264 0.00994951
v -0.00773869 0.01495417 0.00968089
v -0.00627900 0.01514119 0.01021389
v -0.00778108 0.01516001 0.00970511
v -0.00904373 0.01495337 0.00908930
v -0.00899335 0.01474271 0.00907457
v -0.01022314 0.01470915 0.00835573
v -0.01016630 0.01449222 0.00835303
v -0.01095672 0.01452607 0.00780399
v -0.01089684 0.01430432 0.00781049
v -0.01195363 0.01422778 0.00690579
v -0.01189147 0.01399838 0.00692692
v -0.01285073 0.01389388 0.00590682
v -0.01278890 0.01365677 0.00594291
v -0.00473325 0.01511285 0.01049445
v -0.00622609 0.01497252 0.01010568
v -0.00766838 0.01478269 0.00957888
v -0.00890635 0.01456743 0.00898050
v -0.01006239 0.01431195 0.00826934
v -0.01078193 0.01412017 0.00773509
v -0.01176127 0.01380808 0.00686554
v -0.01264494 0.01346042 0.00589748
v -0.00468860 0.01500675 0.01032532
v -0.00616222 0.01486634 0.00993955
v -0.00758275 0.01467627 0.00941735
v -0.00879912 0.01446061 0.00882483
v -0.00993231 0.01420462 0.00812150
v -0.01063624 0.01401252 0.00759371
v -0.01159268 0.01370022 0.00673564
v -0.01245418 0.01335300 0.00578168
v -0.01375587 0.01205252 0.00455134
v -0.01306270 0.01156086 0.00446763
v -0.01264805 0.01177164 0.00448805
v -0.01352961 0.01244978 0.00472013
v -0.01208481 0.01194244 0.00452145
v -0.01150000 0.01200000 0.00453624
v -0.01417269 0.01078958 0.00458634
v -0.01390778 0.01078957 0.00458634
v -0.01407974 0.01119918 0.00448464
v -0.01362132 0.01112132 0.00449700
v -0.01401020 0.01142868 0.00446623
v -0.01384765 0.01185509 0.00450244
v -0.01256544 0.01330907 0.00567129
v -0.01340398 0.01262746 0.00483212
v -0.01310987 0.01295229 0.00511906
v -0.01293666 0.01309520 0.00529505
v -0.01150000 0.01200000 0.00344557
v -0.01150000 0.01188701 0.00298382
v -0.01150000 0.01157358 0.00262642
v -0.01150000 0.01113053 0.00245413
v -0.01150000 0.01065798 0.00250588
v -0.01350000 0.00865798 0.00323382
v -0.01350000 0.00205212 0.00563816
v -0.01240654 0.01044073 0.00258496
v -0.01311747 0.00983432 0.00280567
v -0.01347700 0.00896040 0.00312375
v -0.01450000 0.00900000 0.00417351
v -0.01450000 0.00239414 0.00657785
v -0.01442388 0.00886911 0.00381391
v -0.01436603 0.00222313 0.00610800
v -0.01436603 0.00882899 0.00370366
v -0.01420711 0.00875815 0.00350905
v -0.01400000 0.00209794 0.00576405
v -0.01400000 0.00870380 0.00335972
v -0.01388268 0.00868401 0.00330535
v -0.01450000 0.00880348 0.00530922
v -0.01490124 0.00661319 0.00610642
v -0.01450000 0.00273616 0.00751754
v -0.01521905 0.00444874 0.00689421
v -0.01285982 0.01167412 0.00352465
v -0.01362276 0.01111988 0.00365913
v -0.01392621 0.01076452 0.00374536
v -0.01427228 0.01014650 0.00389532
v -0.01426639 0.01016065 0.00481525
v -0.01446550 0.00945363 0.00406344
v -0.01445328 0.00952740 0.00503863
v -0.01450000 0.00900000 0.00523636
v -0.01435022 0.01080008 0.00454723
v -0.01458539 0.00932396 0.00508476
v -0.01473821 0.00931545 0.00498744
v -0.01450420 0.01078650 0.00445100
v -0.01484776 0.00928343 0.00484647
v -0.01461422 0.01075067 0.00431040
v -0.01534677 0.00658405 0.00581370
v -0.01567629 0.00439029 0.00659247
v -0.01523793 0.00661885 0.00596126
v -0.01556803 0.00443417 0.00674645
v -0.01508219 0.00662904 0.00606358
v -0.01540763 0.00445468 0.00685230
v -0.01296644 0.01384074 0.00576233
v -0.01290065 0.01361126 0.00580897
v -0.01275554 0.01341886 0.00577602
v -0.01335156 0.01358111 0.00526954
v -0.01327366 0.01338202 0.00535220
v -0.01353067 0.01340710 0.00503866
v -0.01344768 0.01322552 0.00513818
v -0.01383374 0.01301050 0.00466113
v -0.01374279 0.01286542 0.00478795
v -0.01396272 0.01279307 0.00451302
v -0.01386859 0.01266687 0.00465030
v -0.01419410 0.01230586 0.00428760
v -0.01409447 0.01222034 0.00443992
v -0.01428754 0.01206326 0.00422082
v -0.01418572 0.01199740 0.00437700
v -0.01445220 0.01153847 0.00416633
v -0.01434643 0.01151411 0.00432357
v -0.01452210 0.01125566 0.00418602
v -0.01441457 0.01125319 0.00433987
v -0.01312494 0.01320785 0.00536134
v -0.01329744 0.01306315 0.00516688
v -0.01359031 0.01272951 0.00484862
v -0.01371531 0.01254537 0.00472360
v -0.01394007 0.01213107 0.00453284
v -0.01403102 0.01192419 0.00447604
v -0.01419155 0.01147565 0.00442865
v -0.01425985 0.01123344 0.00444432
v -0.01440549 0.00930931 0.00369214
v -0.01386759 0.00904091 0.00318080
v -0.01419479 0.00916387 0.00338110
v -0.01391927 0.01060970 0.00333386
v -0.01375730 0.01037109 0.00300192
v -0.01347162 0.01009483 0.00281373
v -0.01262215 0.01085223 0.00255064
v -0.01279097 0.01124866 0.00272769
v -0.01287637 0.01154398 0.00307767
v -0.00997955 0.00201592 -0.00300000
v -0.01562811 0.01336105 -0.00300000
v -0.01557764 0.01422141 -0.00300000
v -0.01615668 0.00813442 -0.00300000
v -0.01592305 0.01016219 -0.00300000
v -0.01617032 0.00801864 -0.00300000
v -0.01589548 0.01041462 -0.00300000
v -0.01585304 0.01081330 -0.00300000
v -0.01571983 0.01218895 -0.00300000
v -0.01678908 0.00077953 -0.00300000
v -0.01666048 0.00330139 -0.00300000
v -0.01630670 0.00685169 -0.00300000
v -0.01409396 0.00134667 -0.00694752
v -0.01425470 0.00128584 -0.00694752
v -0.01409396 0.00134666 -0.00788584
v -0.01430244 0.00125373 -0.00790115
v -0.01430245 0.00125373 -0.00694752
v -0.01438534 0.00117418 -0.00694752
v -0.01444790 0.00107781 -0.00792706
v -0.01450000 0.00085557 -0.00694752
v -0.01450000 0.00085557 -0.00795412
v -0.01447046 0.00102488 -0.00694752
v -0.01444790 0.00107781 -0.00694752
v -0.01400001 0.00084342 -0.00607572
v -0.01413509 0.00083826 -0.00617089
v -0.01414467 0.00102872 -0.00620172
v -0.01424591 0.00128640 -0.00682217
v -0.01408529 0.00134833 -0.00685420
v -0.01437531 0.00117184 -0.00679406
v -0.01448277 0.00084576 -0.00676251
v -0.01445763 0.00101870 -0.00677333
v -0.01436040 0.00083607 -0.00643631
v -0.01435034 0.00101721 -0.00646209
v -0.01428386 0.00117843 -0.00651835
v -0.01391028 0.00138157 -0.00655359
v -0.01376086 0.00140962 -0.00646460
v -0.01402320 0.00132228 -0.00640850
v -0.01382328 0.00135587 -0.00627860
v -0.01386018 0.00122966 -0.00612338
v -0.01402369 0.00136007 -0.00668899
v -0.01416987 0.00129807 -0.00659753
v -0.01410542 0.00119851 -0.00628507
v -0.01386546 0.00105187 -0.00602465
v -0.01383824 0.00085195 -0.00599874
v -0.01350000 0.00087643 -0.00593564
v -0.01353806 0.00108520 -0.00595056
v -0.01356923 0.00126939 -0.00605232
v -0.01358787 0.00139568 -0.00622249
v -0.01359060 0.00144119 -0.00643028
v -0.00711947 0.00229097 -0.00600836
v -0.00711823 0.00234427 -0.00623220
v -0.00388881 0.00258195 -0.00615733
v -0.00388512 0.00237341 -0.00575119
v -0.00387538 0.00215601 -0.00566290
v -0.00388995 0.00252666 -0.00592908
v -0.00707078 0.00170449 -0.00575280
v -0.00386289 0.00192242 -0.00568369
v -0.00711040 0.00214353 -0.00583192
v -0.00709294 0.00193319 -0.00574027
v -0.01028345 0.00135664 -0.00584462
v -0.01035251 0.00191483 -0.00611467
v -0.01035247 0.00196491 -0.00633167
v -0.00997957 0.00201593 -0.00631969
v -0.01031420 0.00157721 -0.00584433
v -0.01033885 0.00177644 -0.00594072
v -0.01654581 0.00044965 -0.00792032
v -0.01629593 0.00045036 -0.00798731
v -0.01629854 -0.00000000 -0.00800000
v -0.01660494 0.00082158 -0.00784530
v -0.01653904 0.00083651 -0.00788911
v -0.01645544 0.00085536 -0.00792555
v -0.01628847 0.00089271 -0.00795004
v -0.01671615 0.00079624 -0.00772074
v -0.01672879 0.00044159 -0.00773761
v -0.01677792 0.00078209 -0.00756932
v -0.01679589 0.00042834 -0.00748811
v -0.01678991 0.00077934 -0.00746054
v -0.01679854 0.00000000 -0.00750000
v -0.01673155 0.00000000 -0.00775000
v -0.01665209 -0.00000000 -0.00785355
v -0.01654854 -0.00000000 -0.00793301
v -0.01648988 -0.00362717 -0.00708775
v -0.01629854 -0.00364450 -0.00712163
v -0.01629854 -0.00456797 -0.00656762
v -0.01570559 -0.00084529 0.00786572
v -0.01581515 -0.00082961 0.00776316
v -0.01557013 -0.00085797 0.00793096
v -0.01546952 -0.00172545 0.00781171
v -0.01545192 -0.00146831 0.00786410
v -0.01560282 -0.00145414 0.00784292
v -0.01542109 -0.00086651 0.00795293
v -0.01553534 -0.00248600 0.00760394
v -0.01569122 -0.00246332 0.00758486
v -0.01580776 -0.00344226 0.00719113
v -0.01631551 -0.00452590 0.00607624
v -0.01612627 -0.00376535 0.00678712
v -0.01618863 -0.00368161 0.00665389
v -0.01606302 -0.00332748 0.00702223
v -0.01612791 -0.00325448 0.00688832
v -0.01594177 -0.00238152 0.00741543
v -0.01601121 -0.00233062 0.00728215
v -0.01584939 -0.00140600 0.00767450
v -0.01592197 -0.00137654 0.00754303
v -0.01588882 -0.00081235 0.00763261
v -0.01638851 -0.00500088 0.00567148
v -0.01638170 -0.00541931 0.00550817
v -0.01625871 -0.00463184 0.00620514
v -0.01611684 -0.00560827 0.00565839
v -0.01582476 -0.00482763 0.00637918
v -0.01599708 -0.00479270 0.00636666
v -0.01570317 -0.00392706 0.00696981
v -0.01586879 -0.00389553 0.00695468
v -0.01569181 -0.00383941 0.00701847
v -0.01564544 -0.00347145 0.00720757
v -0.01626224 -0.00662010 0.00442791
v -0.01598861 -0.00600499 0.00528584
v -0.01616923 -0.00596778 0.00527650
v -0.01593903 -0.00564770 0.00566599
v -0.01593865 -0.00564500 0.00566869
v -0.01643318 -0.00529218 0.00538818
v -0.01648446 -0.00562968 0.00501976
v -0.01643530 -0.00576640 0.00513373
v -0.01657532 -0.00624173 0.00420571
v -0.01653018 -0.00639610 0.00430425
v -0.01664762 -0.00674487 0.00331375
v -0.01660548 -0.00691393 0.00339309
v -0.01667668 -0.00694956 0.00284872
v -0.01671744 -0.00723069 0.00201231
v -0.01668316 -0.00744879 0.00192983
v -0.01663565 -0.00712460 0.00291742
v -0.01623130 -0.00780614 0.00175048
v -0.01622296 -0.00774883 0.00198886
v -0.01641304 -0.00771063 0.00198648
v -0.01617749 -0.00741286 0.00300824
v -0.01636609 -0.00737479 0.00300355
v -0.01614878 -0.00719453 0.00349839
v -0.01633633 -0.00715654 0.00349271
v -0.01612394 -0.00700596 0.00386219
v -0.01607758 -0.00665784 0.00443544
v -0.01625483 -0.00794627 0.00092558
v -0.01644577 -0.00790805 0.00092602
v -0.01645755 -0.00795233 0.00039190
v -0.01648631 -0.00763333 -0.00226354
v -0.01629204 -0.00780487 -0.00175614
v -0.01648355 -0.00776794 -0.00174654
v -0.01628265 -0.00797057 -0.00068559
v -0.01647409 -0.00793280 -0.00067998
v -0.01628040 -0.00798432 -0.00050064
v -0.01626636 -0.00799049 0.00038986
v -0.01629779 -0.00729466 -0.00328450
v -0.01629644 -0.00752635 -0.00271185
v -0.01629481 -0.00766964 -0.00227522
v -0.01648921 -0.00726005 -0.00326858
v -0.01648988 -0.00675133 -0.00422042
v -0.01629854 -0.00678361 -0.00424060
v -0.01648988 -0.00645354 -0.00466309
v -0.01629854 -0.00489569 -0.00632710
v -0.01629854 -0.00499754 -0.00624696
v -0.01648988 -0.00497376 -0.00621724
v -0.01629854 -0.00579636 -0.00551382
v -0.01648988 -0.00576878 -0.00548759
v -0.01629854 -0.00646872 -0.00470699
v -0.01629854 -0.00648439 -0.00468538
v -0.01648988 -0.00454623 -0.00653638
v -0.01629854 -0.00293261 -0.00744310
v -0.01648988 -0.00263544 -0.00751312
v -0.01629854 -0.00264805 -0.00754903
v -0.01648988 -0.00212638 -0.00767274
v -0.01629854 -0.00213654 -0.00770942
v -0.01648988 -0.00107662 -0.00788881
v -0.01629854 -0.00108176 -0.00792652
v -0.01672258 -0.00726453 0.00188408
v -0.01675467 -0.00744963 0.00088055
v -0.01671620 -0.00763935 0.00090166
v -0.01676626 -0.00749109 0.00037571
v -0.01672807 -0.00768209 0.00038425
v -0.01678261 -0.00747241 -0.00063657
v -0.01674470 -0.00766317 -0.00065344
v -0.01679203 -0.00731706 -0.00164301
v -0.01675419 -0.00750391 -0.00168531
v -0.01679481 -0.00719029 -0.00213066
v -0.01675694 -0.00737388 -0.00218530
v -0.01679778 -0.00683874 -0.00307833
v -0.01675983 -0.00701329 -0.00315699
v -0.01679854 -0.00635963 -0.00397555
v -0.01676048 -0.00652188 -0.00407697
v -0.01679854 -0.00607911 -0.00439254
v -0.01676048 -0.00623420 -0.00450461
v -0.01679854 -0.00543408 -0.00516921
v -0.01676048 -0.00557272 -0.00530109
v -0.01679854 -0.00468520 -0.00585653
v -0.01676048 -0.00480473 -0.00600594
v -0.01679854 -0.00428247 -0.00615715
v -0.01676048 -0.00439172 -0.00631423
v -0.01679854 -0.00341672 -0.00667653
v -0.01676048 -0.00350389 -0.00684686
v -0.01679854 -0.00248254 -0.00707722
v -0.01676048 -0.00254588 -0.00725777
v -0.01679854 -0.00200301 -0.00722758
v -0.01676048 -0.00205411 -0.00741197
v -0.01679854 -0.00101415 -0.00743112
v -0.01676048 -0.00104002 -0.00762070
v -0.01573958 -0.00143270 0.00777768
v -0.01583141 -0.00242729 0.00751984
v -0.01595225 -0.00339245 0.00712700
v -0.01601542 -0.00383949 0.00689137
v -0.01614797 -0.00472462 0.00630613
v -0.01627137 -0.00552956 0.00560241
v -0.01632522 -0.00588446 0.00522339
v -0.01642062 -0.00652851 0.00438201
v -0.01649638 -0.00705820 0.00345580
v -0.01652675 -0.00727371 0.00297171
v -0.01657454 -0.00760534 0.00196577
v -0.01660775 -0.00780029 0.00091763
v -0.01661967 -0.00784405 0.00038993
v -0.01663636 -0.00782485 -0.00066869
v -0.01664585 -0.00766225 -0.00172167
v -0.01664860 -0.00752947 -0.00223197
v -0.01665147 -0.00716124 -0.00322380
v -0.01665209 -0.00665943 -0.00416296
v -0.01665209 -0.00636568 -0.00459961
v -0.01665209 -0.00569025 -0.00541289
v -0.01665209 -0.00490606 -0.00613261
v -0.01665209 -0.00448435 -0.00644740
v -0.01665209 -0.00357779 -0.00699126
v -0.01665209 -0.00259957 -0.00741084
v -0.01665209 -0.00209744 -0.00756829
v -0.01665209 -0.00106196 -0.00778142
v -0.01629854 -0.00073587 -0.00796608
v -0.01638986 -0.00000000 0.00566338
v -0.01666317 -0.00000000 0.00307517
v -0.01671752 -0.00000000 0.00201033
v -0.01679256 -0.00000000 -0.00172412
v -0.01679854 -0.00000000 -0.00601938
v -0.01350000 0.00021023 -0.00599632
v -0.01400000 -0.00028709 -0.00612725
v -0.01350000 -0.00028082 -0.00599343
v -0.01400000 -0.00158913 -0.00592455
v -0.01350000 -0.00155442 -0.00579515
v -0.01400000 -0.00281784 -0.00544843
v -0.01350000 -0.00275629 -0.00532943
v -0.01400000 -0.00391651 -0.00472087
v -0.01350000 -0.00341746 -0.00493162
v -0.01350000 -0.00383096 -0.00461776
v -0.01400000 -0.00483442 -0.00377545
v -0.01350000 -0.00472883 -0.00369298
v -0.01400000 -0.00552924 -0.00265578
v -0.01350000 -0.00540847 -0.00259778
v -0.01400000 -0.00596888 -0.00141356
v -0.01350000 -0.00568826 -0.00190884
v -0.01350000 -0.00583851 -0.00138268
v -0.01400000 -0.00613306 -0.00010610
v -0.01350000 -0.00599911 -0.00010378
v -0.01400000 -0.00601420 0.00120626
v -0.01350000 -0.00588284 0.00117991
v -0.01400000 -0.00561779 0.00246295
v -0.01350000 -0.00570054 0.00187184
v -0.01350000 -0.00549508 0.00240916
v -0.01400000 -0.00496212 0.00360597
v -0.01350000 -0.00485373 0.00352722
v -0.01400000 -0.00407744 0.00458258
v -0.01350000 -0.00398839 0.00448250
v -0.01400000 -0.00300460 0.00534771
v -0.01350000 -0.00344944 0.00490932
v -0.01350000 -0.00293898 0.00523091
v -0.01400000 -0.00179310 0.00586604
v -0.01350000 -0.00175393 0.00573792
v -0.01400000 -0.00049884 0.00611366
v -0.01350000 -0.00048794 0.00598013
v -0.01400000 0.00081844 0.00607913
v -0.01350000 0.00080056 0.00594635
v -0.01350000 0.00017126 0.00599756
v -0.01436603 0.00086727 0.00644188
v -0.01436603 -0.00052860 0.00647847
v -0.01436603 -0.00190009 0.00621608
v -0.01436603 -0.00318389 0.00566682
v -0.01436603 -0.00432075 0.00485604
v -0.01436603 -0.00525821 0.00382115
v -0.01436603 -0.00595301 0.00260992
v -0.01436603 -0.00637308 0.00127824
v -0.01436603 -0.00649903 -0.00011243
v -0.01436603 -0.00632505 -0.00149791
v -0.01436603 -0.00585918 -0.00281426
v -0.01436603 -0.00512290 -0.00400074
v -0.01436603 -0.00415021 -0.00500258
v -0.01436603 -0.00298598 -0.00577355
v -0.01436603 -0.00168396 -0.00627808
v -0.01436603 -0.00030422 -0.00649288
v -0.01450000 0.00093399 0.00693741
v -0.01450000 -0.00056927 0.00697681
v -0.01450000 -0.00204625 0.00669424
v -0.01450000 -0.00342880 0.00610273
v -0.01450000 -0.00465312 0.00522958
v -0.01450000 -0.00566269 0.00411509
v -0.01450000 -0.00641093 0.00281068
v -0.01450000 -0.00686331 0.00137657
v -0.01450000 -0.00699895 -0.00012108
v -0.01450000 -0.00681159 -0.00161313
v -0.01450000 -0.00630988 -0.00303074
v -0.01450000 -0.00551697 -0.00430848
v -0.01450000 -0.00446945 -0.00538739
v -0.01450000 -0.00321568 -0.00621767
v -0.01450000 -0.00181349 -0.00676101
v -0.01450000 -0.00032762 -0.00699233
v -0.01450000 -0.00073588 -0.00796608
v -0.01450000 -0.00293261 -0.00744310
v -0.01450000 -0.00153181 -0.00785198
v -0.01450000 -0.00378252 -0.00704929
v -0.01450000 -0.00489570 -0.00632710
v -0.01450000 -0.00569576 -0.00561767
v -0.01450000 -0.00646871 -0.00470699
v -0.01450000 -0.00710084 -0.00368485
v -0.01450000 -0.00752634 -0.00271185
v -0.01450000 -0.00787238 -0.00142327
v -0.01450000 -0.00798432 -0.00050065
v -0.01450000 -0.00794155 0.00096530
v -0.01450000 -0.00780615 0.00175044
v -0.01450000 -0.00730219 0.00326774
v -0.01450000 -0.00700603 0.00386207
v -0.01450000 -0.00601132 0.00527864
v -0.01450000 -0.00564770 0.00566599
v -0.01450000 -0.00383941 0.00701847
v -0.01450000 -0.00418414 0.00681858
v -0.01450000 -0.00172521 0.00781176
v -0.01450000 0.00039383 0.00799030
v -0.01450000 -0.00198364 0.00775017
v -0.01643994 0.00208075 0.00470505
v -0.01617118 0.00208638 0.00624905
v -0.01603303 0.00412646 0.00557001
v -0.01484529 0.01213942 0.00278840
v -0.01434567 0.01214529 0.00405210
v -0.01422603 0.01418934 0.00345123
v -0.01502842 0.01012671 0.00371660
v -0.01524170 0.00813077 0.00479762
v -0.01630036 0.00609851 0.00100419
v -0.01626335 0.00612463 0.00153917
v -0.01622816 0.00645079 0.00138518
v -0.01621187 0.00653228 0.00144815
v -0.01610300 0.00709163 0.00172889
v -0.01612139 0.00699518 0.00169608
v -0.01609978 0.00613218 0.00316689
v -0.01604296 0.00741465 0.00180019
v -0.01583844 0.00613602 0.00461356
v -0.01600000 0.00765640 0.00181781
v -0.01561659 0.00813084 0.00352312
v -0.01591293 0.00819618 0.00175199
v -0.01582428 0.00962787 0.00039147
v -0.01581808 0.00958653 0.00051518
v -0.01539665 0.01012669 0.00244208
v -0.01580752 0.00941140 0.00086909
v -0.01580722 0.00932400 0.00099668
v -0.01582485 0.00895166 0.00137821
v -0.01583577 0.00882435 0.00147047
v -0.01589260 0.00833916 0.00170928
v -0.01620762 0.00762386 -0.00202295
v -0.01614185 0.00816408 -0.00198508
v -0.01615386 0.00813378 -0.00262361
v -0.01612747 0.00827876 -0.00195772
v -0.01592248 0.01016193 -0.00294946
v -0.01608627 0.00859824 -0.00184153
v -0.01606264 0.00877387 -0.00174909
v -0.01600000 0.00919835 -0.00140942
v -0.01597302 0.00935466 -0.00121997
v -0.01594205 0.00950655 -0.00097045
v -0.01593126 0.00955126 -0.00087549
v -0.01588127 0.00968966 -0.00037727
v -0.01580489 0.01013951 -0.00022214
v -0.01587076 0.00970129 -0.00025819
v -0.01583206 0.00966210 0.00025840
v -0.01633027 0.00654133 -0.00162044
v -0.01638725 0.00610569 -0.00229493
v -0.01634499 0.00639956 -0.00150218
v -0.01635538 0.00629604 -0.00140008
v -0.01629793 0.00683997 -0.00180774
v -0.01628334 0.00697074 -0.00186863
v -0.01622327 0.00749175 -0.00201001
v -0.01646529 0.00410748 0.00231495
v -0.01631328 0.00603799 0.00091119
v -0.01636105 0.00583207 0.00043456
v -0.01636909 0.00580358 0.00031640
v -0.01659196 0.00407549 -0.00200663
v -0.01639030 0.00576908 -0.00020476
v -0.01639229 0.00578284 -0.00033476
v -0.01639117 0.00586850 -0.00069250
v -0.01638770 0.00592670 -0.00084186
v -0.01638330 0.00598706 -0.00096732
v -0.01274213 0.01419989 0.00598274
v -0.01357378 0.01419476 0.00473656
v -0.01560892 0.01215875 -0.00097501
v -0.01547550 0.01420021 -0.00148761
v -0.01507924 0.01418460 0.00088192
v -0.01472061 0.01418467 0.00215645
v -0.01520781 0.01213935 0.00151388
v -0.01545684 0.00613588 0.00588805
v -0.01660865 0.00206952 0.00286573
v -0.01629871 0.00412011 0.00406642
v -0.01677210 0.00078343 -0.00049975
v -0.01673730 0.00204098 -0.00180195
v -0.01678403 0.00078069 -0.00173614
v -0.01653928 0.00083646 -0.00770529
v -0.00300000 -0.00000000 -0.00000000
v 0.00250000 0.04904648 0.00092458
v -0.00250000 0.04995622 -0.00147524
v -0.00250000 0.04904648 0.00092458
v 0.00250000 0.04995622 -0.00147524
v 0.00250000 0.04926683 -0.00115189
v -0.00250000 0.04926684 -0.00115189
v 0.00250000 0.04882504 -0.00053170
v -0.00250000 0.04882504 -0.00053170
v 0.00250000 0.04874469 0.00022549
v -0.00250000 0.04874469 0.00022549
v -0.00300000 0.00800843 0.00079995
v -0.00300000 0.00814518 0.00078671
v -0.01486716 0.00814519 0.00078672
v -0.00300000 0.00851909 0.00060872
v -0.01486716 0.00851909 0.00060872
v -0.00300000 0.00875391 0.00026762
v -0.01486716 0.00875391 0.00026762
v -0.00300000 0.00878672 -0.00014519
v -0.01486716 0.00878671 -0.00014519
v -0.00300000 0.00860872 -0.00051909
v -0.01486716 0.00860872 -0.00051909
v -0.00300000 0.00826763 -0.00075391
v -0.01486716 0.00826762 -0.00075391
v -0.00300000 0.00785482 -0.00078672
v -0.01486716 0.00785481 -0.00078671
v -0.00300000 0.00748091 -0.00060872
v -0.01486716 0.00748091 -0.00060872
v -0.00300000 0.00724609 -0.00026762
v -0.01486716 0.00724609 -0.00026762
v -0.00300000 0.00721328 0.00014519
v -0.01486716 0.00721328 0.00014518
v -0.00300000 0.00739128 0.00051909
v -0.01486716 0.00739128 0.00051909
v -0.00300000 0.00773237 0.00075391
v -0.01486716 0.00773238 0.00075391
v -0.01494369 0.00737969 0.00052897
v -0.01494369 0.00719832 0.00014795
v -0.01494369 0.00723174 -0.00027271
v -0.01494369 0.00747103 -0.00062031
v -0.01494369 0.00785205 -0.00080169
v -0.01494369 0.00827272 -0.00076825
v -0.01494369 0.00862031 -0.00052897
v -0.01494369 0.00880169 -0.00014795
v -0.01494369 0.00876826 0.00027272
v -0.01494369 0.00852897 0.00062031
v -0.01494369 0.00814795 0.00080169
v -0.01494369 0.00772728 0.00076826
v -0.01500858 0.00744290 -0.00065329
v -0.01500858 0.00784419 -0.00084432
v -0.01500858 0.00826531 -0.00081656
v -0.01500858 0.00828722 -0.00080911
v -0.01500858 0.00865330 -0.00055710
v -0.01500858 0.00884432 -0.00015582
v -0.01500858 0.00880911 0.00028722
v -0.01500858 0.00855710 0.00065330
v -0.01500858 0.00815582 0.00084432
v -0.01500858 0.00771278 0.00080911
v -0.01500858 0.00734671 0.00055710
v -0.01500858 0.00715568 0.00015582
v -0.01500858 0.00719089 -0.00028722
v -0.01505000 0.00830108 -0.00084815
v -0.01505000 0.00866883 -0.00060222
v -0.01505000 0.00880190 -0.00040859
v -0.01505000 0.00888033 -0.00018712
v -0.01505000 0.00885595 0.00027812
v -0.01505000 0.00860222 0.00066883
v -0.01505000 0.00818712 0.00088033
v -0.01505000 0.00772189 0.00085595
v -0.01505000 0.00733117 0.00060222
v -0.01505000 0.00711967 0.00018712
v -0.01505000 0.00714405 -0.00027812
v -0.01505000 0.00739778 -0.00066883
v -0.01505000 0.00759141 -0.00080191
v -0.01505000 0.00781288 -0.00088033
v -0.01505000 0.00804710 -0.00089877
v -0.01505000 0.00827812 -0.00085595
v -0.00300000 0.00866883 -0.00060222
v -0.00300000 0.00888033 -0.00018712
v -0.00300000 0.00827812 -0.00085595
v -0.00300000 0.00781288 -0.00088033
v -0.00300000 0.00739778 -0.00066883
v -0.00300000 0.00714405 -0.00027812
v -0.00300000 0.00711967 0.00018712
v -0.00300000 0.00733117 0.00060222
v -0.00300000 0.00772188 0.00085595
v -0.00300000 0.00818712 0.00088033
v -0.00300000 0.00860222 0.00066883
v -0.00300000 0.00885595 0.00027812
v 0.01192554 0.01400000 -0.00100000
v 0.01155000 0.01338865 -0.00087005
v 0.01155000 0.01353553 -0.00058179
v 0.01155000 0.01340559 -0.00119314
v 0.01155000 0.01412995 -0.00038866
v 0.01155000 0.01441821 -0.00053553
v 0.01155000 0.01380686 -0.00040559
v 0.01155000 0.01461134 -0.00112994
v 0.01155000 0.01446446 -0.00141821
v 0.01155000 0.01459441 -0.00080686
v 0.01155000 0.01387006 -0.00161134
v 0.01155000 0.01358179 -0.00146446
v 0.01155000 0.01419314 -0.00159441
v 0.00650000 0.01340559 -0.00119314
v 0.00650000 0.01338866 -0.00087006
v 0.00650000 0.01353553 -0.00058179
v 0.00650000 0.01380686 -0.00040559
v 0.00650000 0.01412995 -0.00038866
v 0.00650000 0.01441821 -0.00053553
v 0.00650000 0.01459441 -0.00080686
v 0.00650000 0.01461134 -0.00112995
v 0.00650000 0.01446446 -0.00141821
v 0.00650000 0.01419313 -0.00159441
v 0.00650000 0.01387005 -0.00161134
v 0.00650000 0.01358180 -0.00146446
v 0.00650000 0.01427811 -0.00185595
v 0.00650000 0.01381288 -0.00188033
v 0.00650000 0.01339778 -0.00166883
v 0.00650000 0.01314405 -0.00127811
v 0.00650000 0.01311966 -0.00081288
v 0.00650000 0.01333117 -0.00039778
v 0.00650000 0.01372188 -0.00014405
v 0.00650000 0.01418712 -0.00011967
v 0.00650000 0.01460222 -0.00033117
v 0.00650000 0.01485595 -0.00072188
v 0.00650000 0.01488033 -0.00118712
v 0.00650000 0.01466883 -0.00160222
v -0.00205000 0.01314405 -0.00127811
v -0.00205000 0.01311967 -0.00081288
v -0.00205000 0.01333117 -0.00039778
v -0.00205000 0.01372189 -0.00014405
v -0.00205000 0.01418712 -0.00011967
v -0.00205000 0.01460221 -0.00033117
v -0.00205000 0.01485595 -0.00072189
v -0.00205000 0.01488033 -0.00118712
v -0.00205000 0.01466883 -0.00160222
v -0.00205000 0.01427811 -0.00185595
v -0.00205000 0.01381288 -0.00188033
v -0.00205000 0.01339779 -0.00166883
v -0.00300000 0.01262518 0.00023789
v -0.00300000 0.01342832 0.00075945
v -0.00300000 0.01401950 0.00084990
v -0.00300000 0.01438463 0.00080957
v -0.00300000 0.01523789 0.00037482
v -0.00300000 0.01575945 -0.00042832
v -0.00300000 0.01580957 -0.00138464
v -0.00300000 0.01537482 -0.00223789
v -0.00300000 0.01457168 -0.00275946
v -0.00300000 0.01361536 -0.00280957
v -0.00300000 0.01276211 -0.00237482
v -0.00300000 0.01224054 -0.00157168
v -0.00300000 0.01219043 -0.00061536
v -0.00300000 0.01400000 -0.00100000
v -0.01478877 0.00077131 -0.00300000
v -0.01479056 0.00068800 -0.00300000
v -0.01392019 0.00056905 -0.00300000
v -0.01478695 0.00077089 -0.00236910
v -0.01430165 0.00065788 -0.00262275
v -0.01386805 0.00055691 -0.00300000
v -0.01087737 0.00015321 -0.00469750
v -0.01209895 0.00032015 -0.00419881
v -0.01429384 0.00062011 -0.00465891
v -0.01319951 0.00047056 -0.00346611
v -0.01336795 0.00049358 -0.00333387
v -0.01383135 0.00055691 -0.00300000
v -0.01479144 0.00068812 -0.00414493
v -0.01476261 0.00068418 -0.00431511
v -0.01472489 0.00067902 -0.00439873
v -0.01467972 0.00067285 -0.00446608
v -0.01455142 0.00065531 -0.00458152
v -0.01439275 0.00063363 -0.00464708
v -0.01472874 0.00043856 -0.00442869
v -0.01454577 0.00045409 -0.00461081
v -0.01429596 0.00045751 -0.00467768
v -0.01429824 0.00015320 -0.00469750
v -0.01445287 0.00016388 -0.00467260
v -0.01454840 0.00018167 -0.00462929
v -0.01458983 0.00019241 -0.00460202
v -0.01479695 0.00032298 -0.00418794
v -0.01479592 0.00041508 -0.00418006
v -0.01477588 0.00028213 -0.00433596
v -0.01473075 0.00024896 -0.00444295
v -0.01470140 0.00023354 -0.00448907
v -0.01479151 0.00061106 -0.00277471
v -0.01479441 0.00049717 -0.00331345
v 0.00650000 0.01314405 0.00322188
v -0.00205000 0.01314405 0.00322188
v 0.00650000 0.01311967 0.00368712
v -0.00205000 0.01311967 0.00368712
v 0.00650000 0.01333117 0.00410222
v -0.00205000 0.01333117 0.00410222
v 0.00650000 0.01372189 0.00435595
v -0.00205000 0.01372188 0.00435595
v 0.00650000 0.01418712 0.00438033
v -0.00205000 0.01418712 0.00438033
v 0.00650000 0.01460222 0.00416883
v -0.00205000 0.01460222 0.00416883
v 0.00650000 0.01485595 0.00377812
v -0.00205000 0.01485595 0.00377812
v 0.00650000 0.01488033 0.00331288
v -0.00205000 0.01488033 0.00331288
v 0.00650000 0.01466883 0.00289778
v -0.00205000 0.01466883 0.00289778
v 0.00650000 0.01427812 0.00264405
v -0.00205000 0.01427812 0.00264405
v 0.00650000 0.01381288 0.00261967
v -0.00205000 0.01381288 0.00261967
v 0.00650000 0.01339778 0.00283117
v -0.00205000 0.01339778 0.00283117
v -0.00300000 0.01262518 0.00473789
v -0.00300000 0.01342832 0.00525945
v -0.00300000 0.01401950 0.00534990
v -0.00300000 0.01438464 0.00530957
v -0.00300000 0.01523789 0.00487482
v -0.00300000 0.01575946 0.00407168
v -0.00300000 0.01580958 0.00311536
v -0.00300000 0.01537482 0.00226211
v -0.00300000 0.01457168 0.00174055
v -0.00300000 0.01361537 0.00169043
v -0.00300000 0.01276211 0.00212518
v -0.00300000 0.01224055 0.00292832
v -0.00300000 0.01219043 0.00388464
v 0.01192554 0.01400000 0.00350000
v 0.01155000 0.01338866 0.00362994
v 0.01155000 0.01353554 0.00391821
v 0.01155000 0.01340559 0.00330686
v 0.01155000 0.01412995 0.00411134
v 0.01155000 0.01441820 0.00396447
v 0.01155000 0.01380687 0.00409441
v 0.01155000 0.01461134 0.00337005
v 0.01155000 0.01446447 0.00308179
v 0.01155000 0.01459441 0.00369314
v 0.01155000 0.01387005 0.00288866
v 0.01155000 0.01358179 0.00303553
v 0.01155000 0.01419314 0.00290559
v 0.00650000 0.01340559 0.00330686
v 0.00650000 0.01338866 0.00362994
v 0.00650000 0.01353554 0.00391821
v 0.00650000 0.01380686 0.00409441
v 0.00650000 0.01412994 0.00411134
v 0.00650000 0.01441821 0.00396447
v 0.00650000 0.01459441 0.00369313
v 0.00650000 0.01461135 0.00337005
v 0.00650000 0.01446447 0.00308179
v 0.00650000 0.01419314 0.00290559
v 0.00650000 0.01387005 0.00288866
v 0.00650000 0.01358179 0.00303553
v -0.00300000 0.01400000 0.00350000
v -0.00795043 0.02084298 -0.00180000
v -0.00802369 0.02109636 -0.00180000
v -0.00850000 0.02082136 -0.00180000
v -0.00822500 0.02034504 -0.00180000
v -0.00802369 0.02054636 -0.00180000
v -0.00795000 0.02082136 -0.00180000
v -0.00897631 0.02054636 -0.00180000
v -0.00877500 0.02034504 -0.00180000
v -0.00850000 0.02027136 -0.00180000
v -0.00877500 0.02129767 -0.00180000
v -0.00897631 0.02109636 -0.00180000
v -0.00905000 0.02082136 -0.00180000
v -0.00822500 0.02129767 -0.00180000
v -0.00850000 0.02137136 -0.00180000
v -0.00802369 0.02109636 0.00025000
v -0.00795000 0.02082136 0.00025000
v -0.00802369 0.02054636 0.00025000
v -0.00822500 0.02034505 0.00025000
v -0.00850000 0.02027136 0.00025000
v -0.00877500 0.02034505 0.00025000
v -0.00897631 0.02054636 0.00025000
v -0.00905000 0.02082136 0.00025000
v -0.00897631 0.02109636 0.00025000
v -0.00877500 0.02129767 0.00025000
v -0.00850000 0.02137136 0.00025000
v -0.00822500 0.02129767 0.00025000
v -0.00850000 0.02082136 0.00058048
v 0.00904957 0.02084298 -0.00180000
v 0.00897631 0.02109636 -0.00180000
v 0.00850000 0.02082136 -0.00180000
v 0.00877500 0.02034504 -0.00180000
v 0.00897632 0.02054636 -0.00180000
v 0.00905000 0.02082136 -0.00180000
v 0.00802369 0.02054636 -0.00180000
v 0.00822500 0.02034505 -0.00180000
v 0.00850000 0.02027136 -0.00180000
v 0.00822500 0.02129767 -0.00180000
v 0.00802369 0.02109636 -0.00180000
v 0.00795000 0.02082136 -0.00180000
v 0.00877500 0.02129767 -0.00180000
v 0.00850000 0.02137136 -0.00180000
v 0.00850000 0.02082136 0.00058047
v 0.00802368 0.02109636 0.00025000
v 0.00822500 0.02129767 0.00025000
v 0.00795000 0.02082136 0.00025000
v 0.00877500 0.02129767 0.00025000
v 0.00897631 0.02109636 0.00025000
v 0.00850000 0.02137136 0.00025000
v 0.00897631 0.02054635 0.00025000
v 0.00877500 0.02034505 0.00025000
v 0.00905000 0.02082136 0.00025000
v 0.00822500 0.02034504 0.00025000
v 0.00802369 0.02054636 0.00025000
v 0.00850000 0.02027136 0.00025000
v 0.00904958 0.03384297 -0.00180000
v 0.00897631 0.03409636 -0.00180000
v 0.00850000 0.03382136 -0.00180000
v 0.00877500 0.03334504 -0.00180000
v 0.00897631 0.03354636 -0.00180000
v 0.00905000 0.03382136 -0.00180000
v 0.00802369 0.03354636 -0.00180000
v 0.00822500 0.03334504 -0.00180000
v 0.00850000 0.03327136 -0.00180000
v 0.00822500 0.03429767 -0.00180000
v 0.00802368 0.03409636 -0.00180000
v 0.00795000 0.03382136 -0.00180000
v 0.00877500 0.03429767 -0.00180000
v 0.00850000 0.03437136 -0.00180000
v 0.00897631 0.03409636 0.00025000
v 0.00905000 0.03382136 0.00025000
v 0.00897631 0.03354636 0.00025000
v 0.00877500 0.03334504 0.00025000
v 0.00850000 0.03327136 0.00025000
v 0.00822500 0.03334505 0.00025000
v 0.00802368 0.03354636 0.00025000
v 0.00795000 0.03382136 0.00025000
v 0.00802369 0.03409636 0.00025000
v 0.00822500 0.03429767 0.00025000
v 0.00850000 0.03437136 0.00025000
v 0.00877500 0.03429767 0.00025000
v 0.00850000 0.03382136 0.00058047
v -0.00795042 0.03384297 -0.00180000
v -0.00802369 0.03409635 -0.00180000
v -0.00850000 0.03382136 -0.00180000
v -0.00822500 0.03334505 -0.00180000
v -0.00802369 0.03354635 -0.00180000
v -0.00795000 0.03382136 -0.00180000
v -0.00897631 0.03354635 -0.00180000
v -0.00877500 0.03334504 -0.00180000
v -0.00850000 0.03327136 -0.00180000
v -0.00877500 0.03429767 -0.00180000
v -0.00897631 0.03409636 -0.00180000
v -0.00905000 0.03382136 -0.00180000
v -0.00822500 0.03429767 -0.00180000
v -0.00850000 0.03437135 -0.00180000
v -0.00850000 0.03382136 0.00058048
v -0.00897631 0.03409635 0.00025000
v -0.00877500 0.03429767 0.00025000
v -0.00905000 0.03382136 0.00025000
v -0.00822500 0.03429767 0.00025000
v -0.00802369 0.03409636 0.00025000
v -0.00850000 0.03437136 0.00025000
v -0.00802369 0.03354636 0.00025000
v -0.00822500 0.03334504 0.00025000
v -0.00795000 0.03382136 0.00025000
v -0.00877500 0.03334504 0.00025000
v -0.00897631 0.03354636 0.00025000
v -0.00850000 0.03327136 0.00025000
v 0.00325076 0.03520470 0.00518976
v 0.00324629 0.03520472 0.00497820
v 0.00334261 0.03520465 0.00518976
v 0.00333317 0.03520466 0.00495708
v 0.00342436 0.03520460 0.00514760
v 0.00340734 0.03403343 0.00535862
v 0.00340984 0.03403341 0.00535744
v 0.00341446 0.03404439 0.00535340
v 0.00339971 0.03403346 0.00536194
v 0.00334150 0.03403250 0.00537622
v 0.00333342 0.03403221 0.00537680
v 0.00332335 0.03403243 0.00537699
v 0.00335550 0.03403290 0.00537445
v 0.00337600 0.03403331 0.00537001
v 0.00341518 0.03403336 0.00535480
v 0.00341061 0.03407519 0.00534654
v 0.00336795 0.03405551 0.00536808
v 0.00349039 0.03405641 0.00553954
v 0.00347234 0.03405667 0.00554882
v 0.00342046 0.03405744 0.00557546
v 0.00335923 0.03405497 0.00557572
v 0.00332368 0.03405351 0.00557588
v 0.00349563 0.03405633 0.00553685
v 0.00350613 0.03405619 0.00553146
v 0.00332360 0.03406772 0.00537004
v 0.00332359 0.03407674 0.00536716
v 0.00332368 0.03414067 0.00555667
v 0.00332368 0.03409917 0.00557099
v 0.00341838 0.03409897 0.00557101
v 0.00350396 0.03409836 0.00552712
v 0.00349732 0.03414061 0.00551448
v -0.00341838 0.03534122 0.00510048
v -0.00333010 0.03530039 0.00492400
v -0.00333928 0.03530464 0.00515520
v -0.00324577 0.03526139 0.00495865
v -0.00325011 0.03526338 0.00516952
v -0.00336168 0.03403297 0.00537397
v -0.00341447 0.03407491 0.00534639
v -0.00339819 0.03403346 0.00536387
v -0.00332727 0.03403219 0.00537702
v -0.00340866 0.03407211 0.00535030
v -0.00341855 0.03403337 0.00535480
v -0.00350954 0.03405620 0.00553143
v -0.00346701 0.03405680 0.00555328
v -0.00342382 0.03405744 0.00557546
v -0.00332704 0.03405351 0.00557588
v -0.00338969 0.03407728 0.00535626
v -0.00334704 0.03407764 0.00536578
v -0.00332696 0.03407674 0.00536716
v -0.00332705 0.03409917 0.00557099
v -0.00342196 0.03409856 0.00557105
v -0.00332705 0.03414061 0.00555670
v -0.00350732 0.03409836 0.00552712
v -0.00350068 0.03414063 0.00551447
f 1 2 3
f 4 5 6
f 6 5 7
f 6 7 8
f 8 7 1
f 8 1 9
f 10 11 12
f 1 3 9
f 9 3 13
f 9 13 14
f 14 13 15
f 14 15 16
f 16 15 17
f 16 17 18
f 18 17 19
f 18 19 20
f 20 19 21
f 20 21 22
f 22 21 23
f 22 23 24
f 24 23 25
f 24 25 26
f 26 25 10
f 26 10 27
f 27 10 12
f 27 12 4
f 4 12 28
f 4 28 5
f 29 30 31
f 32 33 34
f 35 36 37
f 37 36 20
f 20 22 37
f 37 22 24
f 37 24 38
f 39 40 38
f 32 9 31
f 31 9 14
f 31 14 29
f 29 14 16
f 29 16 36
f 36 16 18
f 36 18 20
f 24 26 38
f 38 26 27
f 38 27 39
f 39 27 4
f 39 4 34
f 34 4 6
f 34 6 32
f 32 6 8
f 32 8 9
f 41 42 32
f 32 42 33
f 34 33 43
f 43 33 42
f 44 45 39
f 39 45 40
f 38 40 46
f 46 40 45
f 47 48 37
f 37 48 35
f 36 35 49
f 49 35 48
f 50 51 29
f 29 51 30
f 31 30 52
f 52 30 51
f 47 46 48
f 48 46 45
f 41 52 42
f 42 52 51
f 50 49 51
f 51 49 48
f 51 48 42
f 42 48 45
f 42 45 43
f 43 45 44
f 34 43 39
f 39 43 44
f 31 52 32
f 32 52 41
f 36 49 29
f 29 49 50
f 38 46 37
f 37 46 47
f 53 54 55
f 55 54 56
f 55 56 57
f 58 54 59
f 59 54 53
f 58 59 60
f 58 60 61
f 62 63 60
f 60 63 64
f 60 64 61
f 57 65 55
f 55 65 66
f 67 68 69
f 70 71 69
f 69 71 72
f 69 72 67
f 73 74 75
f 75 74 76
f 75 76 77
f 77 76 78
f 77 78 79
f 79 78 80
f 79 80 81
f 82 83 84
f 84 83 85
f 82 86 87
f 87 86 88
f 87 88 89
f 89 88 90
f 89 90 91
f 91 90 92
f 91 92 93
f 94 95 86
f 82 84 86
f 86 84 96
f 86 96 94
f 97 98 99
f 97 99 100
f 101 102 99
f 99 102 103
f 99 103 100
f 104 105 99
f 99 105 106
f 99 106 101
f 107 108 99
f 99 108 109
f 99 109 104
f 110 111 99
f 99 111 112
f 99 112 107
f 113 114 99
f 99 114 115
f 99 115 110
f 116 117 99
f 99 117 118
f 99 118 113
f 119 120 99
f 99 120 121
f 99 121 116
f 122 123 99
f 99 123 124
f 99 124 119
f 125 126 99
f 99 126 127
f 99 127 122
f 128 129 99
f 99 129 130
f 99 130 125
f 131 132 99
f 99 132 133
f 99 133 128
f 98 134 99
f 99 134 135
f 99 135 131
f 136 84 85
f 137 138 139
f 139 138 140
f 62 141 63
f 63 141 142
f 63 142 64
f 143 144 145
f 144 143 139
f 139 143 146
f 139 146 147
f 148 137 149
f 149 137 139
f 149 139 150
f 150 139 147
f 151 143 152
f 152 143 145
f 152 145 153
f 153 145 154
f 153 154 155
f 155 154 136
f 155 136 65
f 65 136 85
f 64 156 152
f 152 156 157
f 152 157 151
f 158 159 142
f 142 159 160
f 142 160 64
f 64 160 161
f 64 161 156
f 162 163 164
f 164 163 165
f 166 167 168
f 168 167 169
f 170 171 172
f 173 174 175
f 176 177 178
f 179 180 181
f 181 180 182
f 181 182 183
f 176 178 184
f 184 178 185
f 184 185 186
f 187 188 189
f 190 191 172
f 172 191 192
f 172 192 170
f 175 193 173
f 173 193 194
f 173 194 195
f 189 196 187
f 187 196 197
f 187 197 174
f 174 197 198
f 174 198 175
f 182 199 183
f 183 199 173
f 183 173 200
f 200 173 195
f 171 188 172
f 172 188 187
f 172 187 176
f 176 187 199
f 176 199 177
f 177 199 182
f 186 201 184
f 184 201 202
f 184 202 203
f 204 205 172
f 172 205 206
f 172 206 190
f 203 207 184
f 184 207 208
f 184 208 204
f 204 208 209
f 204 209 205
f 210 211 212
f 210 212 85
f 85 212 213
f 85 213 65
f 65 213 214
f 65 214 66
f 215 216 217
f 218 219 220
f 220 219 212
f 220 212 221
f 221 212 211
f 221 211 222
f 222 211 223
f 222 223 224
f 224 223 225
f 224 225 226
f 226 225 227
f 226 227 228
f 228 227 229
f 228 229 230
f 230 229 231
f 230 231 232
f 232 231 233
f 232 233 234
f 234 233 235
f 234 235 236
f 236 235 237
f 236 237 238
f 238 237 239
f 238 239 240
f 240 239 241
f 240 241 242
f 242 241 243
f 242 243 244
f 244 243 245
f 244 245 246
f 246 245 215
f 246 215 247
f 247 215 217
f 247 217 248
f 220 249 218
f 218 249 250
f 218 250 251
f 251 250 252
f 251 252 253
f 136 96 84
f 254 255 256
f 254 256 257
f 257 256 258
f 257 258 259
f 259 258 260
f 259 260 261
f 261 260 262
f 262 260 263
f 262 263 264
f 264 263 265
f 264 265 266
f 266 265 267
f 267 265 268
f 267 268 269
f 269 268 270
f 270 268 271
f 270 271 272
f 272 271 273
f 272 273 274
f 255 254 275
f 275 254 276
f 275 276 277
f 274 273 278
f 278 273 279
f 278 279 280
f 280 279 281
f 280 281 277
f 277 281 282
f 277 282 275
f 283 284 285
f 285 284 286
f 287 288 289
f 289 288 290
f 291 292 293
f 293 292 294
f 293 294 295
f 294 296 295
f 295 296 297
f 295 297 298
f 298 297 168
f 298 168 169
f 292 93 294
f 294 93 92
f 294 92 299
f 92 300 299
f 299 300 301
f 299 301 302
f 302 301 288
f 302 288 287
f 81 303 304
f 305 306 307
f 307 306 167
f 307 167 166
f 303 308 304
f 304 308 309
f 304 309 305
f 305 309 310
f 305 310 306
f 81 304 79
f 79 304 311
f 79 311 312
f 312 311 313
f 312 313 314
f 314 313 285
f 314 285 286
f 254 315 276
f 276 315 316
f 276 316 317
f 317 316 318
f 317 318 319
f 320 321 322
f 322 321 323
f 322 323 324
f 324 323 316
f 324 316 315
f 290 95 289
f 289 95 94
f 289 94 320
f 320 94 325
f 320 325 321
f 326 327 173
f 173 327 174
f 328 326 199
f 199 326 173
f 329 328 187
f 187 328 199
f 327 329 174
f 174 329 187
f 328 329 326
f 326 329 327
f 330 331 204
f 204 331 184
f 332 330 172
f 172 330 204
f 333 332 176
f 176 332 172
f 331 333 184
f 184 333 176
f 332 333 330
f 330 333 331
f 293 309 291
f 291 309 308
f 293 295 309
f 309 295 298
f 298 169 309
f 309 169 167
f 309 167 310
f 310 167 306
f 73 334 74
f 74 334 335
f 74 335 336
f 334 73 337
f 334 337 338
f 338 337 339
f 338 339 340
f 340 339 341
f 340 341 342
f 342 341 284
f 342 284 283
f 336 335 343
f 343 335 344
f 343 344 345
f 345 344 346
f 345 346 347
f 347 346 348
f 347 348 83
f 83 348 210
f 83 210 85
f 279 349 281
f 281 349 350
f 281 350 282
f 282 350 351
f 282 351 275
f 275 351 255
f 255 351 352
f 255 352 256
f 256 352 353
f 256 353 258
f 258 353 354
f 258 354 260
f 260 354 355
f 260 355 263
f 263 355 356
f 263 356 265
f 265 356 357
f 265 357 268
f 268 357 358
f 268 358 271
f 271 358 359
f 271 359 273
f 273 359 360
f 273 360 279
f 279 360 361
f 279 361 349
f 164 165 362
f 164 362 363
f 363 362 364
f 363 364 365
f 365 364 366
f 365 366 367
f 367 366 368
f 367 368 369
f 369 368 370
f 369 370 371
f 371 370 372
f 371 372 373
f 373 372 374
f 373 374 375
f 375 374 376
f 375 376 377
f 377 376 378
f 377 378 379
f 379 378 180
f 379 180 179
f 380 381 382
f 380 382 383
f 383 382 384
f 383 384 385
f 385 384 142
f 385 142 141
f 163 162 243
f 243 162 278
f 243 278 245
f 245 278 280
f 386 387 388
f 386 388 389
f 389 388 390
f 389 390 391
f 391 390 392
f 391 392 393
f 393 392 381
f 393 381 380
f 241 165 243
f 243 165 163
f 211 180 378
f 211 378 223
f 223 378 376
f 223 376 225
f 225 376 374
f 225 374 227
f 227 374 372
f 227 372 229
f 229 372 370
f 229 370 231
f 231 370 368
f 231 368 233
f 233 368 366
f 233 366 235
f 235 366 364
f 235 364 237
f 237 364 362
f 237 362 239
f 239 362 165
f 239 165 241
f 210 182 211
f 211 182 180
f 335 186 344
f 344 186 185
f 344 185 346
f 346 185 178
f 346 178 348
f 348 178 177
f 348 177 210
f 210 177 182
f 334 201 335
f 335 201 186
f 201 334 338
f 201 338 202
f 202 338 340
f 202 340 203
f 203 340 342
f 203 342 207
f 207 342 283
f 207 283 208
f 285 209 283
f 283 209 208
f 209 285 313
f 209 313 205
f 205 313 311
f 205 311 206
f 206 311 304
f 206 304 190
f 190 304 305
f 190 305 191
f 191 305 307
f 191 307 192
f 192 307 166
f 192 166 170
f 168 171 166
f 166 171 170
f 171 168 297
f 171 297 188
f 188 297 296
f 188 296 189
f 189 296 294
f 189 294 196
f 196 294 299
f 196 299 197
f 197 299 302
f 197 302 198
f 198 302 287
f 198 287 175
f 289 193 287
f 287 193 175
f 193 289 320
f 193 320 194
f 194 320 322
f 194 322 195
f 195 322 324
f 195 324 200
f 200 324 315
f 200 315 183
f 254 181 315
f 315 181 183
f 257 179 254
f 254 179 181
f 274 164 363
f 274 363 272
f 272 363 365
f 272 365 270
f 270 365 367
f 270 367 269
f 269 367 369
f 269 369 267
f 267 369 371
f 267 371 266
f 266 371 373
f 266 373 264
f 264 373 375
f 264 375 262
f 262 375 377
f 262 377 261
f 261 377 379
f 261 379 259
f 259 379 179
f 259 179 257
f 164 274 162
f 162 274 278
f 394 121 395
f 395 121 120
f 395 120 396
f 396 120 119
f 396 119 397
f 397 119 124
f 397 124 398
f 398 124 123
f 398 123 399
f 399 123 122
f 399 122 400
f 400 122 127
f 400 127 401
f 401 127 126
f 401 126 402
f 402 126 125
f 402 125 403
f 403 125 130
f 403 130 404
f 404 130 129
f 404 129 405
f 405 129 128
f 405 128 406
f 406 128 133
f 406 133 407
f 407 133 132
f 407 132 408
f 408 132 131
f 408 131 409
f 409 131 135
f 409 135 410
f 410 135 134
f 410 134 411
f 411 134 98
f 411 98 412
f 412 98 97
f 412 97 413
f 413 97 100
f 413 100 414
f 414 100 103
f 414 103 415
f 415 103 102
f 415 102 416
f 416 102 101
f 416 101 417
f 417 101 106
f 417 106 418
f 418 106 105
f 418 105 419
f 419 105 104
f 419 104 420
f 420 104 109
f 420 109 421
f 421 109 108
f 421 108 422
f 422 108 107
f 422 107 423
f 423 107 112
f 423 112 424
f 424 112 111
f 424 111 425
f 425 111 110
f 425 110 426
f 426 110 115
f 426 115 427
f 427 115 114
f 427 114 428
f 428 114 113
f 428 113 429
f 429 113 118
f 429 118 430
f 430 118 117
f 430 117 431
f 431 117 116
f 431 116 394
f 394 116 121
f 432 433 434
f 434 433 435
f 434 435 436
f 436 435 437
f 436 437 438
f 438 437 439
f 438 439 440
f 440 439 441
f 440 441 442
f 442 441 443
f 442 443 444
f 444 443 445
f 444 445 446
f 446 445 447
f 446 447 448
f 448 447 449
f 448 449 450
f 450 449 451
f 450 451 452
f 452 451 453
f 452 453 454
f 454 453 455
f 454 455 456
f 456 455 457
f 456 457 458
f 458 457 459
f 458 459 460
f 460 459 461
f 460 461 462
f 462 461 463
f 462 463 464
f 464 463 465
f 464 465 466
f 466 465 467
f 466 467 468
f 468 467 469
f 468 469 470
f 470 469 471
f 470 471 472
f 472 471 473
f 472 473 474
f 474 473 475
f 474 475 476
f 476 475 477
f 476 477 478
f 478 477 479
f 478 479 480
f 480 479 481
f 480 481 482
f 482 481 483
f 482 483 484
f 484 483 485
f 484 485 486
f 486 485 487
f 486 487 488
f 488 487 489
f 488 489 490
f 490 489 491
f 490 491 492
f 492 491 493
f 492 493 494
f 494 493 495
f 494 495 496
f 496 495 497
f 496 497 498
f 498 497 499
f 498 499 500
f 500 499 501
f 500 501 502
f 502 501 503
f 502 503 504
f 504 503 505
f 504 505 506
f 506 505 507
f 506 507 432
f 432 507 433
f 57 508 65
f 65 508 83
f 65 83 155
f 155 83 82
f 155 82 153
f 56 508 57
f 509 153 82
f 510 76 56
f 56 76 74
f 56 74 508
f 509 82 511
f 511 82 87
f 153 509 152
f 152 509 512
f 513 78 514
f 514 78 76
f 514 76 510
f 515 516 517
f 517 518 515
f 515 518 519
f 515 519 520
f 520 519 521
f 520 521 522
f 522 521 523
f 522 523 524
f 524 523 81
f 524 81 513
f 513 81 80
f 513 80 78
f 525 511 87
f 526 527 528
f 529 530 531
f 531 530 532
f 531 532 533
f 533 532 526
f 533 526 534
f 534 526 528
f 87 89 525
f 525 89 91
f 525 91 535
f 535 91 93
f 535 93 529
f 529 93 536
f 529 536 530
f 152 512 64
f 64 512 61
f 528 527 516
f 516 527 517
f 470 430 468
f 468 430 431
f 468 431 466
f 466 431 394
f 466 394 464
f 464 394 395
f 464 395 462
f 462 395 396
f 462 396 460
f 460 396 397
f 460 397 458
f 458 397 398
f 458 398 456
f 456 398 399
f 456 399 454
f 454 399 400
f 454 400 452
f 452 400 401
f 452 401 450
f 450 401 402
f 450 402 448
f 448 402 403
f 448 403 446
f 446 403 404
f 446 404 444
f 444 404 405
f 444 405 442
f 442 405 406
f 442 406 440
f 440 406 407
f 440 407 438
f 438 407 408
f 438 408 436
f 436 408 409
f 436 409 434
f 434 409 410
f 434 410 432
f 432 410 411
f 432 411 506
f 506 411 412
f 506 412 504
f 504 412 413
f 504 413 502
f 502 413 414
f 502 414 500
f 500 414 415
f 500 415 498
f 498 415 416
f 498 416 496
f 496 416 417
f 496 417 494
f 494 417 418
f 494 418 492
f 492 418 419
f 492 419 490
f 490 419 420
f 490 420 488
f 488 420 421
f 488 421 486
f 486 421 422
f 486 422 484
f 484 422 423
f 484 423 482
f 482 423 424
f 482 424 480
f 480 424 425
f 480 425 478
f 478 425 426
f 478 426 476
f 476 426 427
f 476 427 474
f 474 427 428
f 474 428 472
f 472 428 429
f 472 429 470
f 470 429 430
f 475 473 537
f 487 537 489
f 489 537 538
f 489 538 491
f 491 538 493
f 487 485 537
f 537 485 483
f 537 483 481
f 463 461 539
f 503 501 538
f 538 501 499
f 481 479 537
f 537 479 477
f 537 477 475
f 463 539 465
f 447 445 540
f 540 445 443
f 540 443 441
f 441 439 540
f 540 439 437
f 540 437 435
f 435 433 540
f 540 433 507
f 540 507 538
f 538 507 505
f 538 505 503
f 499 497 538
f 538 497 495
f 538 495 493
f 473 471 537
f 537 471 469
f 537 469 539
f 539 469 467
f 539 467 465
f 455 453 539
f 539 453 451
f 539 451 540
f 540 451 449
f 540 449 447
f 461 459 539
f 539 459 457
f 539 457 455
f 541 539 542
f 542 539 540
f 537 543 538
f 538 543 544
f 538 544 61
f 545 546 542
f 542 540 545
f 545 540 538
f 545 538 512
f 512 538 61
f 547 548 549
f 549 548 550
f 549 550 551
f 550 552 551
f 551 552 553
f 551 553 554
f 554 553 555
f 555 553 556
f 555 556 557
f 557 556 558
f 557 558 559
f 559 558 560
f 559 560 561
f 561 560 562
f 561 562 563
f 563 562 564
f 563 564 565
f 565 564 566
f 565 566 567
f 567 566 568
f 567 568 569
f 569 568 570
f 569 570 571
f 546 545 572
f 572 545 573
f 572 573 574
f 574 573 571
f 574 571 575
f 575 571 570
f 547 576 577
f 547 577 548
f 578 579 580
f 581 582 583
f 583 582 584
f 583 584 585
f 585 584 586
f 585 586 587
f 587 586 588
f 587 588 589
f 589 588 590
f 589 590 591
f 591 590 592
f 591 592 593
f 593 592 594
f 593 594 595
f 595 594 596
f 595 596 597
f 597 596 598
f 597 598 599
f 599 598 600
f 599 600 601
f 601 600 602
f 601 602 578
f 578 602 603
f 578 603 579
f 577 576 604
f 604 576 605
f 604 605 580
f 580 605 606
f 580 606 578
f 541 582 539
f 539 582 581
f 539 581 537
f 537 581 54
f 537 54 543
f 543 54 58
f 336 343 345
f 508 74 83
f 83 74 336
f 83 336 347
f 347 336 345
f 143 151 607
f 608 146 609
f 609 146 143
f 609 143 610
f 610 143 607
f 156 611 157
f 157 611 612
f 157 612 151
f 151 612 613
f 151 613 607
f 158 614 159
f 159 614 615
f 159 615 160
f 615 616 160
f 160 616 617
f 160 617 161
f 161 617 618
f 161 618 156
f 156 618 619
f 156 619 611
f 147 146 608
f 620 137 621
f 621 137 148
f 621 148 622
f 622 148 149
f 622 149 623
f 623 149 150
f 623 150 624
f 624 150 147
f 624 147 625
f 625 147 608
f 608 626 625
f 625 626 627
f 625 627 624
f 624 627 623
f 623 627 628
f 623 628 622
f 622 628 629
f 622 629 621
f 621 629 630
f 621 630 620
f 631 630 632
f 632 630 629
f 632 629 633
f 633 629 628
f 633 628 634
f 634 628 627
f 634 627 635
f 635 627 626
f 636 631 637
f 637 631 632
f 637 632 638
f 638 632 633
f 638 633 639
f 639 633 634
f 639 634 640
f 640 634 635
f 641 636 642
f 642 636 637
f 642 637 643
f 643 637 638
f 643 638 644
f 644 638 639
f 644 639 645
f 645 639 640
f 646 647 648
f 649 646 650
f 651 649 652
f 653 651 654
f 646 648 650
f 650 648 655
f 650 655 656
f 656 655 657
f 656 657 658
f 657 659 658
f 658 659 660
f 658 660 661
f 661 660 641
f 661 641 642
f 649 650 652
f 652 650 656
f 652 656 662
f 662 656 658
f 662 658 663
f 663 658 661
f 663 661 664
f 664 661 642
f 664 642 643
f 651 652 654
f 654 652 662
f 654 662 665
f 665 662 663
f 665 663 666
f 666 663 664
f 666 664 667
f 667 664 643
f 667 643 644
f 653 654 668
f 668 654 665
f 668 665 669
f 669 665 666
f 669 666 670
f 670 666 667
f 670 667 671
f 671 667 644
f 671 644 645
f 672 673 674
f 675 676 677
f 678 647 679
f 679 647 646
f 679 646 680
f 680 646 649
f 680 649 681
f 681 649 651
f 681 651 682
f 682 651 653
f 683 678 684
f 684 678 679
f 684 679 685
f 685 679 680
f 685 680 686
f 686 680 681
f 686 681 687
f 687 681 682
f 676 683 677
f 677 683 684
f 677 684 688
f 688 684 685
f 688 685 689
f 689 685 686
f 689 686 690
f 690 686 687
f 691 675 692
f 692 675 677
f 692 677 693
f 693 677 688
f 693 688 694
f 694 688 689
f 694 689 695
f 695 689 690
f 673 691 674
f 674 691 692
f 674 692 696
f 696 692 693
f 696 693 697
f 697 693 694
f 697 694 698
f 698 694 695
f 699 672 700
f 700 672 674
f 700 674 701
f 701 674 696
f 701 696 702
f 702 696 697
f 702 697 703
f 703 697 698
f 704 699 705
f 705 699 700
f 705 700 706
f 706 700 701
f 706 701 707
f 707 701 702
f 707 702 708
f 708 702 703
f 709 704 710
f 710 704 705
f 710 705 711
f 711 705 706
f 711 706 712
f 712 706 707
f 712 707 713
f 713 707 708
f 712 713 714
f 710 711 715
f 716 717 718
f 718 717 709
f 718 709 710
f 719 720 721
f 721 720 722
f 721 722 723
f 723 722 724
f 723 724 725
f 725 724 726
f 725 726 716
f 716 726 727
f 716 727 717
f 719 721 728
f 728 721 729
f 728 729 730
f 731 732 733
f 733 732 734
f 733 734 735
f 735 734 736
f 735 736 737
f 737 736 738
f 737 738 739
f 739 738 740
f 739 740 730
f 730 740 741
f 730 741 728
f 742 743 744
f 744 743 745
f 744 745 746
f 746 745 747
f 746 747 731
f 731 747 748
f 731 748 732
f 749 750 742
f 742 750 751
f 742 751 743
f 712 714 752
f 752 714 753
f 752 753 754
f 754 753 755
f 754 755 756
f 756 755 757
f 756 757 758
f 758 757 759
f 758 759 760
f 760 759 761
f 760 761 762
f 762 761 763
f 762 763 764
f 764 763 765
f 764 765 766
f 766 765 767
f 766 767 768
f 768 767 769
f 768 769 770
f 770 769 771
f 770 771 772
f 772 771 773
f 772 773 774
f 774 773 775
f 774 775 776
f 776 775 777
f 776 777 778
f 778 777 779
f 778 779 780
f 780 779 781
f 780 781 782
f 782 781 783
f 782 783 784
f 742 785 749
f 749 785 786
f 749 786 787
f 787 786 788
f 787 788 789
f 789 788 790
f 789 790 791
f 791 790 792
f 783 793 784
f 784 793 794
f 784 794 795
f 795 794 796
f 795 796 797
f 797 796 798
f 797 798 799
f 799 798 800
f 799 800 801
f 801 800 802
f 801 802 803
f 804 805 806
f 806 805 807
f 806 807 808
f 808 807 809
f 808 809 792
f 792 809 810
f 792 810 791
f 811 812 804
f 804 812 813
f 804 813 805
f 804 814 811
f 811 814 815
f 811 815 816
f 816 815 817
f 816 817 818
f 710 715 718
f 718 715 819
f 718 819 716
f 716 819 820
f 716 820 725
f 725 820 821
f 725 821 723
f 723 821 822
f 723 822 721
f 721 822 823
f 721 823 729
f 729 823 824
f 729 824 730
f 730 824 825
f 730 825 739
f 739 825 826
f 739 826 737
f 737 826 827
f 737 827 735
f 735 827 828
f 735 828 733
f 733 828 829
f 733 829 731
f 731 829 830
f 731 830 746
f 746 830 831
f 746 831 744
f 744 831 832
f 744 832 742
f 742 832 833
f 742 833 785
f 785 833 834
f 785 834 786
f 786 834 835
f 786 835 788
f 788 835 836
f 788 836 790
f 790 836 837
f 790 837 792
f 792 837 838
f 792 838 808
f 808 838 839
f 808 839 806
f 806 839 840
f 806 840 804
f 804 840 841
f 804 841 814
f 814 841 842
f 814 842 815
f 815 842 843
f 815 843 817
f 817 843 844
f 817 844 845
f 845 846 817
f 817 846 847
f 817 847 818
f 802 848 803
f 803 848 849
f 803 849 850
f 850 849 851
f 850 851 852
f 852 851 853
f 852 853 854
f 854 853 855
f 854 855 856
f 856 855 857
f 856 857 858
f 858 857 859
f 858 859 860
f 861 846 862
f 862 846 845
f 862 845 860
f 860 845 844
f 860 844 858
f 858 844 843
f 858 843 856
f 856 843 842
f 856 842 854
f 854 842 841
f 854 841 852
f 852 841 840
f 852 840 850
f 850 840 839
f 850 839 803
f 803 839 838
f 803 838 801
f 801 838 837
f 801 837 799
f 799 837 836
f 799 836 797
f 797 836 835
f 797 835 795
f 795 835 834
f 795 834 784
f 784 834 833
f 784 833 782
f 782 833 832
f 782 832 780
f 780 832 831
f 780 831 778
f 778 831 830
f 778 830 776
f 776 830 829
f 776 829 774
f 774 829 828
f 774 828 772
f 772 828 827
f 772 827 770
f 770 827 826
f 770 826 768
f 768 826 825
f 768 825 766
f 766 825 824
f 766 824 764
f 764 824 823
f 764 823 762
f 762 823 822
f 762 822 760
f 760 822 821
f 760 821 758
f 758 821 820
f 758 820 756
f 756 820 819
f 756 819 754
f 754 819 715
f 754 715 752
f 752 715 711
f 752 711 712
f 862 860 863
f 864 865 866
f 866 865 867
f 866 867 868
f 868 867 863
f 868 863 869
f 869 863 860
f 869 860 859
f 862 863 870
f 870 863 867
f 870 867 871
f 871 867 865
f 871 865 872
f 861 862 873
f 873 862 870
f 873 870 874
f 874 870 871
f 874 871 875
f 875 871 872
f 875 872 876
f 877 878 879
f 879 878 880
f 865 864 881
f 865 881 882
f 882 881 883
f 882 883 884
f 883 885 884
f 884 885 886
f 884 886 887
f 887 886 888
f 887 888 889
f 877 879 887
f 887 879 890
f 887 890 884
f 884 890 891
f 884 891 882
f 882 891 872
f 882 872 865
f 880 892 879
f 879 892 893
f 879 893 890
f 890 893 894
f 890 894 891
f 891 894 876
f 891 876 872
f 895 877 896
f 896 877 887
f 896 887 897
f 897 887 889
f 898 899 900
f 901 902 903
f 895 896 904
f 901 905 906
f 906 905 907
f 906 907 908
f 908 907 904
f 908 904 897
f 897 904 896
f 900 899 319
f 319 899 909
f 319 909 317
f 901 906 902
f 902 906 910
f 902 910 911
f 911 910 912
f 911 912 913
f 913 912 914
f 913 914 915
f 915 914 916
f 915 916 917
f 917 916 918
f 917 918 919
f 919 918 920
f 919 920 921
f 903 902 898
f 898 902 911
f 898 911 899
f 899 911 913
f 899 913 909
f 909 913 915
f 909 915 922
f 922 915 917
f 922 917 923
f 923 917 919
f 923 919 924
f 924 919 921
f 924 921 925
f 317 909 926
f 926 909 922
f 926 922 927
f 927 922 923
f 927 923 928
f 928 923 924
f 928 924 929
f 929 924 925
f 929 925 930
f 931 932 933
f 933 932 934
f 935 936 937
f 937 936 931
f 938 939 935
f 934 940 933
f 933 940 941
f 933 941 942
f 942 941 943
f 942 943 944
f 944 943 945
f 944 945 946
f 946 945 947
f 946 947 948
f 948 947 930
f 948 930 925
f 931 933 937
f 937 933 942
f 937 942 949
f 949 942 944
f 949 944 950
f 950 944 946
f 950 946 951
f 951 946 948
f 951 948 952
f 952 948 925
f 952 925 921
f 935 937 938
f 938 937 949
f 938 949 953
f 953 949 950
f 953 950 954
f 954 950 951
f 954 951 955
f 955 951 952
f 955 952 956
f 956 952 921
f 956 921 920
f 659 657 957
f 647 958 648
f 648 958 957
f 648 957 655
f 655 957 657
f 659 957 660
f 660 957 959
f 660 959 641
f 392 390 934
f 934 390 388
f 934 388 387
f 142 384 158
f 158 384 382
f 158 382 381
f 931 936 381
f 614 158 939
f 939 158 381
f 939 381 935
f 935 381 936
f 392 934 381
f 381 934 932
f 381 932 931
f 900 319 318
f 901 903 318
f 318 903 898
f 318 898 900
f 960 907 318
f 318 907 905
f 318 905 901
f 961 907 962
f 962 907 960
f 963 964 965
f 966 967 968
f 968 967 969
f 968 969 970
f 971 972 966
f 966 972 973
f 966 973 967
f 960 959 962
f 962 959 957
f 962 957 974
f 877 895 961
f 961 895 904
f 961 904 907
f 975 976 965
f 965 976 977
f 965 977 963
f 969 978 970
f 970 978 979
f 970 979 975
f 975 979 980
f 975 980 976
f 957 958 974
f 974 958 981
f 974 981 971
f 971 981 982
f 971 982 972
f 963 983 964
f 964 983 984
f 964 984 985
f 985 984 986
f 985 986 987
f 987 986 880
f 987 880 961
f 961 880 878
f 961 878 877
f 727 726 973
f 875 876 986
f 875 986 874
f 874 986 984
f 874 984 873
f 818 847 983
f 983 847 846
f 983 846 984
f 984 846 861
f 984 861 873
f 813 812 963
f 963 812 811
f 963 811 983
f 983 811 816
f 983 816 818
f 810 809 977
f 977 809 807
f 977 807 963
f 963 807 805
f 963 805 813
f 810 977 791
f 791 977 976
f 791 976 789
f 789 976 787
f 787 976 980
f 787 980 749
f 745 743 979
f 979 743 751
f 979 751 980
f 980 751 750
f 980 750 749
f 734 732 978
f 978 732 748
f 978 748 979
f 979 748 747
f 979 747 745
f 741 740 969
f 969 740 738
f 969 738 978
f 978 738 736
f 978 736 734
f 741 969 728
f 728 969 967
f 728 967 719
f 726 724 973
f 973 724 722
f 973 722 967
f 967 722 720
f 967 720 719
f 672 699 982
f 982 699 704
f 982 704 972
f 972 704 709
f 972 709 973
f 973 709 717
f 973 717 727
f 676 675 981
f 981 675 691
f 981 691 982
f 982 691 673
f 982 673 672
f 958 647 678
f 958 678 981
f 981 678 683
f 981 683 676
f 988 989 987
f 990 991 964
f 992 993 966
f 993 994 966
f 966 994 995
f 966 995 971
f 996 997 968
f 968 997 998
f 968 998 966
f 966 998 999
f 966 999 992
f 1000 1001 970
f 970 1001 1002
f 970 1002 968
f 968 1002 1003
f 968 1003 996
f 1000 970 1004
f 1004 970 975
f 1004 975 1005
f 965 1006 975
f 975 1006 1007
f 1007 1008 975
f 975 1008 1009
f 975 1009 1005
f 991 1010 964
f 964 1010 1011
f 964 1011 965
f 965 1011 1012
f 965 1012 1006
f 990 964 1013
f 1013 964 985
f 1013 985 1014
f 989 1015 987
f 987 1015 1016
f 987 1016 985
f 985 1016 1017
f 985 1017 1014
f 1018 1019 961
f 961 1019 1020
f 961 1020 987
f 987 1020 1021
f 987 1021 988
f 962 1022 1023
f 962 1023 961
f 961 1023 1024
f 961 1024 1018
f 1025 1026 974
f 974 1026 1027
f 974 1027 962
f 962 1027 1028
f 962 1028 1022
f 995 1029 971
f 971 1029 1030
f 971 1030 974
f 974 1030 1031
f 974 1031 1025
f 848 802 1032
f 999 761 992
f 992 761 1033
f 992 1033 993
f 993 1033 994
f 999 998 761
f 761 998 997
f 761 997 763
f 763 997 996
f 763 996 765
f 765 996 1003
f 765 1003 767
f 767 1003 1002
f 767 1002 769
f 769 1002 1001
f 769 1001 771
f 1007 1006 783
f 771 1001 773
f 773 1001 1000
f 773 1000 775
f 775 1000 1004
f 775 1004 777
f 777 1004 779
f 779 1004 1005
f 779 1005 781
f 781 1005 1009
f 781 1009 783
f 783 1009 1008
f 783 1008 1007
f 1006 1012 783
f 783 1012 1011
f 783 1011 1010
f 1013 1034 990
f 990 1034 783
f 990 783 991
f 991 783 1010
f 761 759 1033
f 1033 759 757
f 1033 757 755
f 755 753 1033
f 1033 753 714
f 1033 714 713
f 1032 802 1034
f 802 800 1034
f 1034 800 798
f 1034 798 796
f 796 794 1034
f 1034 794 793
f 1034 793 783
f 859 857 1032
f 1032 857 855
f 1032 855 853
f 853 851 1032
f 1032 851 849
f 1032 849 848
f 635 1035 1036
f 912 910 1037
f 889 888 1038
f 1038 888 886
f 869 859 1032
f 645 640 1039
f 1040 687 682
f 682 653 1040
f 1040 653 668
f 1040 668 1041
f 668 669 1041
f 1041 669 670
f 1041 670 1039
f 1039 670 671
f 1039 671 645
f 703 698 1042
f 1042 698 695
f 1042 695 1040
f 1040 695 690
f 1040 690 687
f 1017 1043 1014
f 1014 1043 1034
f 1014 1034 1013
f 1017 1016 1043
f 1043 1016 1015
f 1043 1015 989
f 989 988 1043
f 1043 988 1021
f 1043 1021 1020
f 1020 1019 1043
f 1043 1019 1018
f 1043 1018 1024
f 1023 1022 1042
f 1042 1022 1028
f 713 708 1033
f 1033 708 703
f 1033 703 994
f 994 703 1042
f 994 1042 995
f 995 1042 1029
f 1028 1027 1042
f 1042 1027 1026
f 1042 1026 1025
f 1025 1031 1042
f 1042 1031 1030
f 1042 1030 1029
f 1044 864 1045
f 1045 864 866
f 1045 866 1032
f 1032 866 868
f 1032 868 869
f 886 885 1046
f 1046 885 883
f 1046 883 1044
f 1044 883 881
f 1044 881 864
f 889 1038 897
f 897 1038 1047
f 897 1047 908
f 908 1047 1048
f 908 1048 906
f 906 1048 910
f 910 1048 1049
f 910 1049 1037
f 920 918 1050
f 1050 918 916
f 1050 916 1037
f 1037 916 914
f 1037 914 912
f 617 956 618
f 618 956 920
f 618 920 619
f 953 954 617
f 617 954 955
f 617 955 956
f 617 616 953
f 953 616 615
f 953 615 938
f 938 615 614
f 938 614 939
f 619 920 611
f 611 920 1050
f 611 1050 612
f 612 1050 1037
f 612 1037 613
f 613 1037 1049
f 613 1049 607
f 1035 609 610
f 1035 635 609
f 609 635 626
f 609 626 608
f 886 1046 1038
f 1038 1046 1051
f 1038 1051 1047
f 610 1052 1035
f 1035 1052 1053
f 1035 1053 1036
f 1036 1053 1054
f 1036 1054 1055
f 1055 1054 1056
f 1032 1057 1045
f 1045 1057 1058
f 1045 1058 1044
f 1044 1058 1059
f 1044 1059 1046
f 1046 1059 1056
f 1046 1056 1051
f 1051 1056 1054
f 1051 1054 1047
f 1047 1054 1053
f 1047 1053 1048
f 1048 1053 1052
f 1048 1052 1049
f 1049 1052 610
f 1049 610 607
f 1039 1060 1041
f 1041 1060 1061
f 1041 1061 1040
f 1040 1061 1062
f 1040 1062 1042
f 1042 1062 1043
f 1042 1043 1023
f 1023 1043 1024
f 1032 1034 1057
f 1057 1034 1043
f 1057 1043 1058
f 1058 1043 1062
f 1058 1062 1059
f 1059 1062 1061
f 1059 1061 1056
f 1056 1061 1060
f 1056 1060 1055
f 1055 1060 1039
f 1055 1039 1036
f 1036 1039 640
f 1036 640 635
f 892 880 986
f 876 894 986
f 986 894 893
f 986 893 892
f 1063 138 137
f 137 620 1063
f 1063 620 94
f 1063 94 1064
f 1064 94 96
f 1064 96 154
f 154 96 136
f 1065 1066 1067
f 1068 1069 1070
f 1071 1072 1073
f 1074 1075 1076
f 1077 1078 1079
f 1080 1081 1082
f 1083 1084 1085
f 1079 1086 1087
f 1086 1088 1089
f 1088 1090 1091
f 1092 1093 1094
f 1088 1091 1089
f 1089 1091 1095
f 1089 1095 1096
f 1096 1095 1097
f 1096 1097 1098
f 1098 1097 1099
f 1098 1099 1100
f 1100 1099 1101
f 1100 1101 1102
f 1092 1094 1103
f 1103 1094 1104
f 1103 1104 1105
f 1105 1104 1106
f 1105 1106 1107
f 1107 1106 1108
f 1107 1108 1109
f 1109 1108 1110
f 1109 1110 1111
f 1111 1110 1112
f 1111 1112 1113
f 1113 1112 1114
f 1113 1114 1115
f 1115 1114 1116
f 1115 1116 1117
f 1117 1116 1118
f 1117 1118 1119
f 1093 1120 1121
f 1086 1089 1087
f 1087 1089 1096
f 1087 1096 1122
f 1122 1096 1098
f 1122 1098 1123
f 1123 1098 1100
f 1123 1100 1124
f 1124 1100 1102
f 1124 1102 1125
f 1093 1121 1094
f 1094 1121 1126
f 1094 1126 1104
f 1104 1126 1127
f 1104 1127 1106
f 1106 1127 1128
f 1106 1128 1108
f 1108 1128 1129
f 1108 1129 1110
f 1110 1129 1130
f 1110 1130 1112
f 1112 1130 1131
f 1112 1131 1114
f 1114 1131 1132
f 1114 1132 1116
f 1116 1132 1133
f 1116 1133 1118
f 1120 1134 1135
f 1136 1137 1138
f 1138 1137 1139
f 1138 1139 1140
f 1140 1139 1141
f 1140 1141 1142
f 1142 1141 1085
f 1079 1087 1143
f 1143 1087 1122
f 1143 1122 1144
f 1144 1122 1123
f 1144 1123 1145
f 1145 1123 1124
f 1145 1124 1146
f 1146 1124 1125
f 1146 1125 1076
f 1147 1148 1149
f 1149 1148 1150
f 1149 1150 1151
f 1151 1150 1152
f 1151 1152 1153
f 1153 1152 1073
f 1120 1135 1121
f 1121 1135 1154
f 1121 1154 1126
f 1126 1154 1155
f 1126 1155 1127
f 1127 1155 1156
f 1127 1156 1128
f 1128 1156 1157
f 1128 1157 1129
f 1129 1157 1158
f 1129 1158 1130
f 1130 1158 1159
f 1130 1159 1131
f 1131 1159 1160
f 1131 1160 1132
f 1132 1160 1067
f 1132 1067 1133
f 1161 1135 1162
f 1162 1135 1134
f 1162 1134 1163
f 1164 1163 1165
f 1165 1163 1134
f 1165 1134 1166
f 1166 1134 1120
f 1166 1120 1167
f 1167 1120 1093
f 1167 1093 1168
f 1168 1093 1092
f 1168 1136 1167
f 1167 1136 1138
f 1167 1138 1166
f 1166 1138 1140
f 1166 1140 1165
f 1165 1140 1142
f 1165 1142 1164
f 1164 1142 1169
f 1085 1084 1142
f 1142 1084 1170
f 1142 1170 1169
f 1081 1083 1082
f 1082 1083 1085
f 1082 1085 1171
f 1171 1085 1141
f 1171 1141 1172
f 1172 1141 1139
f 1172 1139 1173
f 1173 1139 1137
f 1174 1080 1175
f 1175 1080 1082
f 1175 1082 1176
f 1176 1082 1171
f 1176 1171 1177
f 1177 1171 1172
f 1177 1172 1178
f 1178 1172 1173
f 1178 1090 1177
f 1177 1090 1088
f 1177 1088 1176
f 1176 1088 1086
f 1176 1086 1175
f 1175 1086 1079
f 1175 1079 1174
f 1174 1079 1078
f 1077 1079 1179
f 1179 1079 1143
f 1179 1143 1180
f 1180 1143 1144
f 1180 1144 1181
f 1181 1144 1145
f 1181 1145 1182
f 1182 1145 1146
f 1182 1146 1183
f 1076 1075 1146
f 1146 1075 1184
f 1146 1184 1183
f 1185 1074 1186
f 1186 1074 1076
f 1186 1076 1187
f 1187 1076 1125
f 1187 1125 1188
f 1188 1125 1102
f 1188 1102 1189
f 1189 1102 1101
f 1189 1147 1188
f 1188 1147 1149
f 1188 1149 1187
f 1187 1149 1151
f 1187 1151 1186
f 1186 1151 1153
f 1186 1153 1185
f 1185 1153 1190
f 1073 1072 1153
f 1153 1072 1191
f 1153 1191 1190
f 1148 1192 1150
f 1150 1192 1193
f 1150 1193 1152
f 1152 1193 1194
f 1152 1194 1073
f 1073 1194 1070
f 1073 1070 1071
f 1071 1070 1069
f 1195 1068 1196
f 1196 1068 1070
f 1196 1070 1197
f 1197 1070 1194
f 1197 1194 1198
f 1198 1194 1193
f 1198 1193 1199
f 1199 1193 1192
f 1199 1119 1198
f 1198 1119 1118
f 1198 1118 1197
f 1197 1118 1133
f 1197 1133 1196
f 1196 1133 1067
f 1196 1067 1195
f 1195 1067 1066
f 1065 1067 1200
f 1200 1067 1160
f 1200 1160 1201
f 1201 1160 1159
f 1201 1159 1202
f 1202 1159 1158
f 1202 1158 1203
f 1203 1158 1157
f 1203 1157 1204
f 1161 1205 1135
f 1135 1205 1206
f 1135 1206 1154
f 1154 1206 1207
f 1154 1207 1155
f 1155 1207 1208
f 1155 1208 1156
f 1156 1208 1209
f 1156 1209 1157
f 1157 1209 1210
f 1157 1210 1204
f 1211 1212 1213
f 1213 1212 1214
f 1213 1214 1215
f 1215 1214 1216
f 1215 1216 1217
f 1217 1216 1218
f 1217 1218 1219
f 1219 1218 1220
f 1219 1220 1221
f 1221 1220 1222
f 1221 1222 1223
f 1223 1222 1224
f 1223 1224 1225
f 1225 1224 1226
f 1225 1226 1227
f 1227 1226 1228
f 1227 1228 1229
f 1229 1228 1230
f 1229 1230 1231
f 1231 1230 1232
f 1231 1232 1233
f 1233 1232 1234
f 1233 1234 1235
f 1235 1234 1236
f 1235 1236 1237
f 1237 1236 1238
f 1237 1238 1239
f 1239 1238 1240
f 1239 1240 1241
f 1241 1240 1242
f 1241 1242 1243
f 1243 1242 1244
f 1243 1244 1245
f 1245 1244 1246
f 1245 1246 1247
f 1247 1246 1248
f 1247 1248 1249
f 1249 1248 1250
f 1249 1250 1251
f 1251 1250 1252
f 1251 1252 1253
f 1253 1252 1254
f 1253 1254 1255
f 1255 1254 1256
f 1255 1256 1257
f 1257 1256 1258
f 1257 1258 1259
f 1259 1258 1260
f 1259 1260 1261
f 1261 1260 1262
f 1261 1262 1263
f 1263 1262 1264
f 1263 1264 1265
f 1265 1264 1266
f 1265 1266 1267
f 1267 1266 1268
f 1267 1268 1269
f 1269 1268 1270
f 1269 1270 1271
f 1271 1270 1272
f 1271 1272 1273
f 1273 1272 1274
f 1273 1274 1275
f 1275 1274 1276
f 1275 1276 1277
f 1277 1276 1278
f 1277 1278 1279
f 1279 1278 1280
f 1279 1280 1281
f 1281 1280 1282
f 1281 1282 1283
f 1283 1282 1284
f 1283 1284 1285
f 1285 1284 1286
f 1285 1286 1211
f 1211 1286 1212
f 1212 1287 1214
f 1214 1287 1288
f 1214 1288 1216
f 1216 1288 1289
f 1216 1289 1218
f 1218 1289 1290
f 1218 1290 1220
f 1220 1290 1291
f 1220 1291 1222
f 1222 1291 1292
f 1222 1292 1224
f 1224 1292 1293
f 1224 1293 1226
f 1226 1293 1294
f 1226 1294 1228
f 1228 1294 1295
f 1228 1295 1230
f 1230 1295 1296
f 1230 1296 1232
f 1232 1296 1297
f 1232 1297 1234
f 1234 1297 1298
f 1234 1298 1236
f 1236 1298 1299
f 1236 1299 1238
f 1238 1299 1300
f 1238 1300 1240
f 1240 1300 1301
f 1240 1301 1242
f 1242 1301 1302
f 1242 1302 1244
f 1244 1302 1303
f 1244 1303 1246
f 1246 1303 1304
f 1246 1304 1248
f 1248 1304 1305
f 1248 1305 1250
f 1250 1305 1306
f 1250 1306 1252
f 1252 1306 1307
f 1252 1307 1254
f 1254 1307 1308
f 1254 1308 1256
f 1256 1308 1309
f 1256 1309 1258
f 1258 1309 1310
f 1258 1310 1260
f 1260 1310 1311
f 1260 1311 1262
f 1262 1311 1312
f 1262 1312 1264
f 1264 1312 1313
f 1264 1313 1266
f 1266 1313 1314
f 1266 1314 1268
f 1268 1314 1315
f 1268 1315 1270
f 1270 1315 1316
f 1270 1316 1272
f 1272 1316 1317
f 1272 1317 1274
f 1274 1317 1318
f 1274 1318 1276
f 1276 1318 1319
f 1276 1319 1278
f 1278 1319 1320
f 1278 1320 1280
f 1280 1320 1321
f 1280 1321 1282
f 1282 1321 1322
f 1282 1322 1284
f 1284 1322 1323
f 1284 1323 1286
f 1286 1323 1324
f 1286 1324 1212
f 1212 1324 1287
f 1287 1325 1288
f 1288 1325 1326
f 1288 1326 1289
f 1289 1326 1327
f 1289 1327 1290
f 1290 1327 1328
f 1290 1328 1291
f 1291 1328 1329
f 1291 1329 1292
f 1292 1329 1330
f 1292 1330 1293
f 1293 1330 1331
f 1293 1331 1294
f 1294 1331 1332
f 1294 1332 1295
f 1295 1332 1333
f 1295 1333 1296
f 1296 1333 1334
f 1296 1334 1297
f 1297 1334 1335
f 1297 1335 1298
f 1298 1335 1336
f 1298 1336 1299
f 1299 1336 1337
f 1299 1337 1300
f 1300 1337 1338
f 1300 1338 1301
f 1301 1338 1339
f 1301 1339 1302
f 1302 1339 1340
f 1302 1340 1303
f 1303 1340 1341
f 1303 1341 1304
f 1304 1341 1342
f 1304 1342 1305
f 1305 1342 1343
f 1305 1343 1306
f 1306 1343 1344
f 1306 1344 1307
f 1307 1344 1345
f 1307 1345 1308
f 1308 1345 1346
f 1308 1346 1309
f 1309 1346 1347
f 1309 1347 1310
f 1310 1347 1348
f 1310 1348 1311
f 1311 1348 1349
f 1311 1349 1312
f 1312 1349 1350
f 1312 1350 1313
f 1313 1350 1351
f 1313 1351 1314
f 1314 1351 1352
f 1314 1352 1315
f 1315 1352 1353
f 1315 1353 1316
f 1316 1353 1354
f 1316 1354 1317
f 1317 1354 1355
f 1317 1355 1318
f 1318 1355 1356
f 1318 1356 1319
f 1319 1356 1357
f 1319 1357 1320
f 1320 1357 1358
f 1320 1358 1321
f 1321 1358 1359
f 1321 1359 1322
f 1322 1359 1360
f 1322 1360 1323
f 1323 1360 1361
f 1323 1361 1324
f 1324 1361 1362
f 1324 1362 1287
f 1287 1362 1325
f 1109 1111 1363
f 1109 1363 1107
f 1092 1103 1363
f 1363 1103 1105
f 1363 1105 1107
f 1137 1136 1363
f 1363 1136 1168
f 1363 1168 1092
f 1090 1178 1363
f 1363 1178 1173
f 1363 1173 1137
f 1097 1095 1363
f 1363 1095 1091
f 1363 1091 1090
f 1189 1101 1363
f 1363 1101 1099
f 1363 1099 1097
f 1192 1148 1363
f 1363 1148 1147
f 1363 1147 1189
f 1117 1119 1363
f 1363 1119 1199
f 1363 1199 1192
f 1111 1113 1363
f 1363 1113 1115
f 1363 1115 1117
f 1169 1170 1267
f 1267 1170 1265
f 1265 1170 1084
f 1265 1084 1263
f 1263 1084 1083
f 1263 1083 1261
f 1261 1083 1081
f 1261 1081 1259
f 1169 1267 1164
f 1164 1267 1269
f 1164 1269 1163
f 1163 1269 1271
f 1163 1271 1162
f 1162 1271 1273
f 1162 1273 1161
f 1161 1273 1275
f 1161 1275 1205
f 1205 1275 1277
f 1205 1277 1206
f 1283 1207 1281
f 1281 1207 1206
f 1281 1206 1279
f 1279 1206 1277
f 1227 1195 1225
f 1225 1195 1066
f 1225 1066 1223
f 1223 1066 1065
f 1223 1065 1221
f 1221 1065 1200
f 1221 1200 1219
f 1219 1200 1201
f 1219 1201 1217
f 1217 1201 1202
f 1217 1202 1215
f 1215 1202 1203
f 1215 1203 1213
f 1213 1203 1204
f 1213 1204 1211
f 1211 1204 1210
f 1211 1210 1285
f 1285 1210 1209
f 1285 1209 1283
f 1283 1209 1208
f 1283 1208 1207
f 1239 1185 1237
f 1237 1185 1190
f 1237 1190 1235
f 1235 1190 1191
f 1235 1191 1233
f 1233 1191 1072
f 1233 1072 1231
f 1231 1072 1071
f 1231 1071 1229
f 1229 1071 1069
f 1229 1069 1227
f 1227 1069 1068
f 1227 1068 1195
f 1081 1080 1259
f 1259 1080 1174
f 1259 1174 1257
f 1257 1174 1078
f 1257 1078 1255
f 1255 1078 1077
f 1255 1077 1253
f 1253 1077 1179
f 1253 1179 1251
f 1251 1179 1180
f 1251 1180 1249
f 1249 1180 1181
f 1249 1181 1247
f 1247 1181 1182
f 1247 1182 1245
f 1245 1182 1183
f 1245 1183 1243
f 1243 1183 1184
f 1243 1184 1241
f 1241 1184 1075
f 1241 1075 1239
f 1239 1075 1074
f 1239 1074 1185
f 1364 1365 1366
f 1367 1368 581
f 1369 1370 591
f 1371 1372 1373
f 1374 1375 577
f 1376 601 1377
f 1377 601 578
f 1377 578 1378
f 1378 578 606
f 1378 606 1379
f 1379 606 605
f 1379 605 1380
f 1380 605 576
f 591 593 1369
f 1369 593 595
f 1369 595 1381
f 1381 595 597
f 1381 597 1376
f 1376 597 599
f 1376 599 601
f 581 583 1367
f 1367 583 585
f 1367 585 1382
f 1382 585 587
f 1382 587 1370
f 1370 587 589
f 1370 589 591
f 582 1383 584
f 584 1383 1384
f 1385 590 1386
f 1386 590 588
f 1386 588 1384
f 1384 588 586
f 1384 586 584
f 1387 594 1385
f 1385 594 592
f 1385 592 590
f 1388 600 1389
f 1389 600 598
f 1389 598 1387
f 1387 598 596
f 1387 596 594
f 1390 603 1388
f 1388 603 602
f 1388 602 600
f 1374 577 604
f 1374 604 1391
f 1391 604 580
f 1391 580 1390
f 1390 580 579
f 1390 579 603
f 1383 1392 1384
f 1384 1392 1393
f 1384 1393 1386
f 1386 1393 1394
f 1386 1394 1385
f 1385 1394 1395
f 1385 1395 1387
f 1387 1395 1396
f 1387 1396 1389
f 1389 1396 1397
f 1389 1397 1388
f 1388 1397 1398
f 1388 1398 1390
f 1390 1398 1399
f 1390 1399 1391
f 1391 1399 1400
f 1391 1400 1374
f 1374 1400 1373
f 1374 1373 1375
f 1375 1373 1372
f 1392 1364 1393
f 1393 1364 1366
f 1393 1366 1394
f 1394 1366 1401
f 1394 1401 1395
f 1395 1401 1402
f 1395 1402 1396
f 1396 1402 1403
f 1396 1403 1397
f 1397 1403 1404
f 1397 1404 1398
f 1398 1404 1405
f 1398 1405 1399
f 1399 1405 1406
f 1399 1406 1400
f 1400 1406 1407
f 1400 1407 1373
f 1373 1407 1408
f 1373 1408 1371
f 1371 1408 1409
f 1365 1368 1366
f 1366 1368 1367
f 1366 1367 1401
f 1401 1367 1382
f 1401 1382 1402
f 1402 1382 1370
f 1402 1370 1403
f 1403 1370 1369
f 1403 1369 1404
f 1404 1369 1381
f 1404 1381 1405
f 1405 1381 1376
f 1405 1376 1406
f 1406 1376 1377
f 1406 1377 1407
f 1407 1377 1378
f 1407 1378 1408
f 1408 1378 1379
f 1408 1379 1409
f 1409 1379 1380
f 548 577 1375
f 1380 576 547
f 547 1410 1380
f 1380 1410 1411
f 1380 1411 1409
f 1409 1411 1412
f 1409 1412 1371
f 1371 1412 1413
f 1371 1413 1372
f 1372 1413 1414
f 1372 1414 1375
f 1375 1414 1415
f 1375 1415 548
f 1416 1417 1418
f 1413 1412 1419
f 1420 1421 555
f 1422 1423 565
f 545 1424 573
f 573 1424 1425
f 573 1425 571
f 571 1425 1426
f 571 1426 569
f 569 1426 1422
f 569 1422 567
f 567 1422 565
f 555 557 1420
f 1420 557 559
f 1420 559 1427
f 1427 559 561
f 1427 561 1423
f 1423 561 563
f 1423 563 565
f 1428 549 1429
f 1429 549 551
f 1429 551 1421
f 1421 551 554
f 1421 554 555
f 547 549 1410
f 1410 549 1428
f 1410 1428 1411
f 1430 553 1431
f 1431 553 552
f 1431 552 1432
f 1432 552 550
f 1432 550 1415
f 1415 550 548
f 1433 558 1430
f 1430 558 556
f 1430 556 553
f 1434 564 1435
f 1435 564 562
f 1435 562 1433
f 1433 562 560
f 1433 560 558
f 1436 568 1434
f 1434 568 566
f 1434 566 564
f 1437 574 1438
f 1438 574 575
f 1438 575 1436
f 1436 575 570
f 1436 570 568
f 1439 546 1437
f 1437 546 572
f 1437 572 574
f 1415 1414 1432
f 1432 1414 1440
f 1432 1440 1431
f 1431 1440 1441
f 1431 1441 1430
f 1430 1441 1442
f 1430 1442 1433
f 1433 1442 1443
f 1433 1443 1435
f 1435 1443 1444
f 1435 1444 1434
f 1434 1444 1445
f 1434 1445 1436
f 1436 1445 1446
f 1436 1446 1438
f 1438 1446 1447
f 1438 1447 1437
f 1437 1447 1418
f 1437 1418 1439
f 1439 1418 1417
f 1414 1413 1440
f 1440 1413 1419
f 1440 1419 1441
f 1441 1419 1448
f 1441 1448 1442
f 1442 1448 1449
f 1442 1449 1443
f 1443 1449 1450
f 1443 1450 1444
f 1444 1450 1451
f 1444 1451 1445
f 1445 1451 1452
f 1445 1452 1446
f 1446 1452 1453
f 1446 1453 1447
f 1447 1453 1454
f 1447 1454 1418
f 1418 1454 1455
f 1418 1455 1416
f 1416 1455 1456
f 1412 1411 1419
f 1419 1411 1428
f 1419 1428 1448
f 1448 1428 1429
f 1448 1429 1449
f 1449 1429 1421
f 1449 1421 1450
f 1450 1421 1420
f 1450 1420 1451
f 1451 1420 1427
f 1451 1427 1452
f 1452 1427 1423
f 1452 1423 1453
f 1453 1423 1422
f 1453 1422 1454
f 1454 1422 1426
f 1454 1426 1455
f 1455 1426 1425
f 1455 1425 1456
f 1456 1425 1424
f 75 510 73
f 73 510 56
f 73 56 71
f 54 1457 56
f 56 1457 72
f 56 72 71
f 1458 1459 516
f 510 75 514
f 514 75 77
f 514 77 513
f 513 77 79
f 79 1460 513
f 513 1460 1461
f 513 1461 524
f 524 1461 1462
f 524 1462 522
f 522 1462 1463
f 522 1463 520
f 520 1463 1458
f 520 1458 515
f 515 1458 516
f 516 1459 528
f 528 1459 1464
f 534 528 1464
f 88 511 525
f 1464 1465 534
f 534 1465 1466
f 534 1466 533
f 533 1466 1467
f 533 1467 531
f 531 1467 1468
f 531 1468 529
f 529 1468 1469
f 529 1469 535
f 535 1469 92
f 535 92 525
f 525 92 90
f 525 90 88
f 1470 1063 95
f 95 1063 1064
f 95 1064 86
f 1471 70 1472
f 1472 70 69
f 1473 1474 1475
f 1473 1475 1476
f 1476 1475 1471
f 1476 1471 1472
f 1477 1478 1479
f 1477 1479 1480
f 1480 1479 1474
f 1480 1474 1473
f 1481 1482 1483
f 1481 1483 1484
f 1484 1483 1478
f 1484 1478 1477
f 1485 1486 1487
f 1485 1487 1488
f 1488 1487 1489
f 1488 1489 1490
f 1490 1489 1482
f 1490 1482 1481
f 1491 1492 1493
f 1491 1493 1494
f 1494 1493 1495
f 1494 1495 1496
f 1496 1495 1486
f 1496 1486 1485
f 1497 1498 1499
f 1497 1499 1500
f 1500 1499 1492
f 1500 1492 1491
f 1501 1502 1503
f 1501 1503 1504
f 1504 1503 1498
f 1504 1498 1497
f 1505 1506 1507
f 1505 1507 1508
f 1508 1507 1509
f 1508 1509 1510
f 1510 1509 1502
f 1510 1502 1501
f 1511 1512 1513
f 1511 1513 1514
f 1514 1513 1515
f 1514 1515 1516
f 1516 1515 1506
f 1516 1506 1505
f 1517 1518 1519
f 1517 1519 1520
f 1520 1519 1512
f 1520 1512 1511
f 1521 1522 1523
f 1521 1523 1524
f 1524 1523 1518
f 1524 1518 1517
f 1525 1526 1527
f 1525 1527 1528
f 1528 1527 1522
f 1528 1522 1521
f 1529 1530 1531
f 1532 1533 1534
f 1534 1535 1532
f 1532 1535 1536
f 1532 1536 1537
f 1537 1536 1538
f 1537 1538 1539
f 1539 1538 1531
f 1540 1529 1541
f 1541 1529 1531
f 1541 1531 1542
f 1542 1531 1538
f 1529 1540 1543
f 1544 1545 1546
f 1544 1546 1547
f 1547 1546 1548
f 1547 1548 1549
f 1549 1548 1550
f 1549 1550 1551
f 1552 1553 1550
f 1550 1553 1554
f 1550 1554 1551
f 1552 1555 1553
f 1553 1555 1556
f 1553 1556 1557
f 1557 1556 1558
f 1557 1558 1559
f 1559 1558 1560
f 1559 1560 1561
f 1561 1560 1562
f 1561 1562 1563
f 1563 1562 1564
f 1564 1562 1565
f 1564 1565 1566
f 1566 1565 1567
f 1566 1567 1543
f 1543 1567 1530
f 1543 1530 1529
f 1568 1569 1570
f 1570 1569 1571
f 1570 1571 1572
f 1572 1571 1573
f 1573 1571 1574
f 1573 1574 1575
f 1575 1574 1576
f 1576 1574 1545
f 1576 1545 1544
f 1577 1578 1579
f 1577 1579 1580
f 1579 1581 1580
f 1580 1581 1582
f 1580 1582 1583
f 1583 1582 1584
f 1583 1584 1585
f 1569 1568 1584
f 1584 1568 1586
f 1584 1586 1585
f 1579 1578 1587
f 1587 1578 1588
f 1587 1588 1589
f 1588 1590 1589
f 1589 1590 1591
f 1589 1591 1592
f 1592 1591 1593
f 1592 1593 1594
f 1594 1593 1595
f 1594 1595 1596
f 1597 1598 1599
f 1595 1600 1596
f 1596 1600 1597
f 1596 1597 1601
f 1601 1597 1599
f 1602 1603 1604
f 1604 1603 1605
f 1604 1605 1606
f 1606 1605 1607
f 1606 1607 1608
f 1608 1607 1609
f 1608 1609 1610
f 1610 1609 1611
f 1610 1611 1612
f 1612 1611 1599
f 1612 1599 1598
f 1613 1614 67
f 67 1614 1615
f 67 1615 68
f 67 1616 1613
f 1613 1616 1617
f 1613 1617 1618
f 1618 1617 1603
f 1618 1603 1602
f 1534 1619 1620
f 1534 1620 1535
f 1535 1620 1621
f 1535 1621 1536
f 1536 1621 1538
f 1538 1621 1622
f 1538 1622 1542
f 1623 1540 1622
f 1622 1540 1541
f 1622 1541 1542
f 1624 1623 1625
f 1625 1623 1622
f 1625 1622 1626
f 1626 1622 1621
f 1626 1621 1627
f 1627 1621 1620
f 1627 1620 1628
f 1628 1620 1619
f 1540 1623 1543
f 1543 1623 1629
f 1543 1629 1566
f 1566 1629 1630
f 1566 1630 1564
f 1544 1547 1631
f 1631 1547 1549
f 1631 1549 1632
f 1549 1551 1632
f 1632 1551 1554
f 1632 1554 1633
f 1633 1554 1553
f 1553 1557 1633
f 1633 1557 1559
f 1633 1559 1634
f 1634 1559 1561
f 1634 1561 1630
f 1630 1561 1563
f 1630 1563 1564
f 1635 1633 1636
f 1636 1633 1634
f 1636 1634 1637
f 1637 1634 1630
f 1637 1630 1638
f 1638 1630 1629
f 1638 1629 1624
f 1624 1629 1623
f 1639 1568 1570
f 1635 1640 1641
f 1641 1640 1642
f 1576 1641 1575
f 1575 1641 1642
f 1575 1642 1573
f 1573 1642 1643
f 1573 1643 1572
f 1572 1643 1644
f 1572 1644 1570
f 1570 1644 1645
f 1570 1645 1639
f 1544 1631 1576
f 1576 1631 1632
f 1576 1632 1641
f 1641 1632 1633
f 1641 1633 1635
f 1639 1645 1646
f 1647 1586 1646
f 1646 1586 1568
f 1646 1568 1639
f 1585 1648 1583
f 1583 1648 1649
f 1583 1649 1580
f 1578 1577 1650
f 1650 1577 1580
f 1650 1580 1651
f 1651 1580 1649
f 1651 1649 1652
f 1652 1649 1653
f 1652 1653 1654
f 1585 1586 1648
f 1648 1586 1647
f 1648 1647 1649
f 1649 1647 1655
f 1649 1655 1653
f 1591 1590 1656
f 1578 1650 1588
f 1588 1650 1651
f 1588 1651 1652
f 1591 1656 1593
f 1593 1656 1657
f 1593 1657 1595
f 1595 1657 1658
f 1595 1658 1600
f 1659 1598 1658
f 1658 1598 1597
f 1658 1597 1600
f 1654 1656 1652
f 1652 1656 1590
f 1652 1590 1588
f 1654 1660 1656
f 1656 1660 1661
f 1656 1661 1657
f 1657 1661 1662
f 1657 1662 1658
f 1658 1662 1663
f 1658 1663 1659
f 1598 1659 1664
f 1598 1664 1612
f 1612 1664 1665
f 1612 1665 1610
f 1666 1667 1602
f 1602 1604 1666
f 1666 1604 1606
f 1666 1606 1665
f 1665 1606 1608
f 1665 1608 1610
f 1668 1669 1667
f 1667 1666 1668
f 1668 1666 1665
f 1668 1665 1670
f 1670 1665 1664
f 1670 1664 1671
f 1671 1664 1659
f 1671 1659 1663
f 1602 1667 1672
f 1602 1672 1618
f 1618 1672 1673
f 1618 1673 1613
f 1674 1615 1614
f 1613 1673 1614
f 1614 1673 1675
f 1614 1675 1674
f 1676 1675 1677
f 1677 1675 1673
f 1677 1673 1678
f 1678 1673 1672
f 1678 1672 1669
f 1669 1672 1667
f 1679 1680 1681
f 1679 1681 1682
f 1682 1681 1683
f 1682 1683 1684
f 1685 1686 1687
f 1679 1676 1680
f 1680 1676 1677
f 1680 1677 1678
f 1669 1688 1689
f 1689 1688 1690
f 1689 1690 1691
f 1691 1690 1685
f 1691 1685 1692
f 1692 1685 1687
f 1692 1687 1693
f 1694 1684 1693
f 1693 1684 1683
f 1693 1683 1692
f 1692 1683 1681
f 1692 1681 1691
f 1691 1681 1680
f 1691 1680 1689
f 1689 1680 1678
f 1689 1678 1669
f 1695 1694 1693
f 1696 1697 1695
f 1695 1693 1696
f 1696 1693 1687
f 1696 1687 1698
f 1698 1687 1686
f 1698 1686 1699
f 1700 1701 1702
f 1702 1701 1703
f 1702 1703 1704
f 1704 1703 1705
f 1706 1700 1707
f 1707 1700 1702
f 1707 1702 1708
f 1708 1702 1704
f 1699 1706 1698
f 1698 1706 1707
f 1698 1707 1696
f 1696 1707 1708
f 1696 1708 1697
f 1697 1708 1704
f 1697 1704 1709
f 1709 1704 1705
f 1709 1705 1710
f 1703 1701 1711
f 1710 1705 1712
f 1710 1712 1713
f 1713 1712 1714
f 1713 1714 1715
f 1715 1714 1716
f 1715 1716 1717
f 1717 1716 1718
f 1717 1718 1719
f 1705 1703 1712
f 1712 1703 1711
f 1712 1711 1714
f 1714 1711 1720
f 1714 1720 1716
f 1716 1720 1721
f 1716 1721 1718
f 1718 1721 1722
f 1719 1718 1723
f 1719 1723 1724
f 1724 1723 1725
f 1724 1725 1726
f 1726 1725 1727
f 1726 1727 1728
f 1728 1727 1729
f 1728 1729 1730
f 1731 1729 1732
f 1732 1729 1727
f 1732 1727 1733
f 1733 1727 1725
f 1733 1725 1734
f 1734 1725 1723
f 1734 1723 1722
f 1722 1723 1718
f 1735 1736 1731
f 1731 1736 1729
f 1737 1730 1729
f 1729 1736 1737
f 1737 1736 1738
f 1737 1738 1739
f 1739 1738 1740
f 1739 1740 1741
f 1742 1740 1743
f 1743 1740 1738
f 1743 1738 1744
f 1744 1738 1736
f 1744 1736 1745
f 1745 1736 1735
f 1745 1735 1746
f 1747 1748 1749
f 1741 1740 1750
f 1741 1750 1751
f 1751 1750 1752
f 1751 1752 1753
f 1747 1749 1754
f 1749 1752 1754
f 1754 1752 1750
f 1754 1750 1755
f 1755 1750 1740
f 1755 1740 1742
f 1749 1756 1752
f 1752 1756 1757
f 1752 1757 1753
f 1753 1757 1758
f 1758 1757 1759
f 1758 1759 1760
f 1760 1759 1761
f 1760 1761 1762
f 1762 1761 1763
f 1762 1763 1764
f 1765 1764 1766
f 1766 1764 1763
f 1766 1763 1767
f 1767 1763 1768
f 1768 1763 1761
f 1768 1761 1769
f 1769 1761 1759
f 1769 1759 1770
f 1770 1759 1757
f 1770 1757 1756
f 1765 1766 1771
f 1765 1771 1772
f 1772 1771 1773
f 1772 1773 1774
f 1774 1773 1775
f 1774 1775 1776
f 1776 1775 1777
f 1776 1777 1778
f 1766 1767 1779
f 1780 1781 1782
f 1766 1779 1771
f 1771 1779 1783
f 1771 1783 1773
f 1773 1783 1780
f 1773 1780 1775
f 1775 1780 1782
f 1775 1782 1777
f 1778 1777 1784
f 1778 1784 1785
f 1785 1784 1786
f 1785 1786 1787
f 1787 1786 1788
f 1787 1788 1789
f 1789 1788 1790
f 1789 1790 1791
f 1777 1782 1784
f 1784 1782 1792
f 1784 1792 1786
f 1786 1792 1793
f 1786 1793 1788
f 1788 1793 1794
f 1788 1794 1790
f 1790 1794 1795
f 1796 1795 1797
f 1797 1795 1794
f 1797 1794 1798
f 1798 1794 1793
f 1798 1793 1799
f 1799 1793 1792
f 1799 1792 1781
f 1781 1792 1782
f 1791 1790 1800
f 1791 1800 1801
f 1801 1800 1802
f 1801 1802 1803
f 1803 1802 1804
f 1803 1804 1805
f 1805 1804 1806
f 1805 1806 1807
f 1795 1796 1808
f 1808 1796 1809
f 1808 1809 1810
f 1810 1809 1811
f 1810 1811 1812
f 1812 1811 1813
f 1812 1813 1814
f 1814 1813 1628
f 1814 1806 1812
f 1812 1806 1804
f 1812 1804 1810
f 1810 1804 1802
f 1810 1802 1808
f 1808 1802 1800
f 1808 1800 1795
f 1795 1800 1790
f 1619 1534 1815
f 1816 1817 1815
f 1815 1817 1818
f 1815 1818 1819
f 1819 1818 1820
f 1819 1820 1821
f 1822 1816 1823
f 1823 1816 1824
f 1816 1815 1824
f 1824 1815 1534
f 1824 1534 1823
f 1823 1534 1822
f 1814 1628 1619
f 1821 1825 1819
f 1819 1825 1826
f 1819 1826 1827
f 1619 1815 1814
f 1814 1815 1819
f 1814 1819 1806
f 1806 1819 1827
f 1806 1827 1807
f 1828 1829 1830
f 1830 1829 1831
f 1830 1831 1832
f 1832 1831 1833
f 1832 1833 1834
f 1834 1833 1835
f 1834 1835 1625
f 1625 1835 1624
f 1836 1828 1837
f 1837 1828 1830
f 1837 1830 1838
f 1838 1830 1832
f 1838 1832 1839
f 1839 1832 1834
f 1839 1834 1626
f 1626 1834 1625
f 1840 1836 1841
f 1841 1836 1837
f 1841 1837 1842
f 1842 1837 1838
f 1842 1838 1843
f 1843 1838 1839
f 1843 1839 1627
f 1627 1839 1626
f 1796 1840 1809
f 1809 1840 1841
f 1809 1841 1811
f 1811 1841 1842
f 1811 1842 1813
f 1813 1842 1843
f 1813 1843 1628
f 1628 1843 1627
f 1831 1829 1844
f 1835 1833 1845
f 1846 1635 1636
f 1847 1846 1848
f 1846 1636 1848
f 1848 1636 1637
f 1848 1637 1849
f 1849 1637 1638
f 1849 1638 1845
f 1845 1638 1624
f 1845 1624 1835
f 1847 1848 1850
f 1850 1848 1849
f 1850 1849 1851
f 1851 1849 1845
f 1851 1845 1844
f 1844 1845 1833
f 1844 1833 1831
f 1852 1853 1854
f 1635 1846 1640
f 1640 1846 1855
f 1640 1855 1642
f 1642 1855 1856
f 1642 1856 1643
f 1643 1856 1854
f 1643 1854 1644
f 1644 1854 1853
f 1644 1853 1645
f 1852 1854 1857
f 1857 1854 1856
f 1857 1856 1858
f 1858 1856 1855
f 1858 1855 1859
f 1859 1855 1846
f 1859 1846 1847
f 1645 1853 1646
f 1646 1853 1860
f 1646 1860 1647
f 1647 1860 1861
f 1647 1861 1655
f 1655 1861 1862
f 1655 1862 1653
f 1653 1862 1863
f 1653 1863 1654
f 1864 1863 1865
f 1865 1863 1862
f 1865 1862 1866
f 1866 1862 1861
f 1866 1861 1867
f 1867 1861 1860
f 1867 1860 1852
f 1852 1860 1853
f 1868 1869 1870
f 1871 1663 1662
f 1869 1871 1870
f 1870 1871 1662
f 1870 1662 1872
f 1872 1662 1661
f 1872 1661 1873
f 1873 1661 1660
f 1873 1660 1863
f 1863 1660 1654
f 1874 1868 1875
f 1875 1868 1870
f 1875 1870 1876
f 1876 1870 1872
f 1876 1872 1877
f 1877 1872 1873
f 1877 1873 1864
f 1864 1873 1863
f 1688 1669 1878
f 1878 1669 1668
f 1878 1668 1879
f 1879 1668 1670
f 1879 1670 1880
f 1880 1670 1671
f 1880 1671 1871
f 1871 1671 1663
f 1690 1688 1881
f 1881 1688 1878
f 1881 1878 1882
f 1882 1878 1879
f 1882 1879 1883
f 1883 1879 1880
f 1883 1880 1869
f 1869 1880 1871
f 1685 1690 1884
f 1884 1690 1881
f 1884 1881 1885
f 1885 1881 1882
f 1885 1882 1886
f 1886 1882 1883
f 1886 1883 1868
f 1868 1883 1869
f 1686 1685 1887
f 1887 1685 1884
f 1887 1884 1888
f 1888 1884 1885
f 1888 1885 1889
f 1889 1885 1886
f 1889 1886 1874
f 1874 1886 1868
f 1890 1891 1892
f 1892 1891 1893
f 1892 1893 1894
f 1894 1893 1895
f 1894 1895 1896
f 1896 1895 1897
f 1896 1897 1700
f 1700 1897 1701
f 1898 1890 1899
f 1899 1890 1892
f 1899 1892 1900
f 1900 1892 1894
f 1900 1894 1901
f 1901 1894 1896
f 1901 1896 1706
f 1706 1896 1700
f 1902 1898 1903
f 1903 1898 1899
f 1903 1899 1904
f 1904 1899 1900
f 1904 1900 1905
f 1905 1900 1901
f 1905 1901 1699
f 1699 1901 1706
f 1874 1902 1889
f 1889 1902 1903
f 1889 1903 1888
f 1888 1903 1904
f 1888 1904 1887
f 1887 1904 1905
f 1887 1905 1686
f 1686 1905 1699
f 1722 1721 1906
f 1906 1721 1907
f 1906 1907 1908
f 1908 1907 1909
f 1908 1909 1910
f 1910 1909 1911
f 1912 1913 1914
f 1914 1913 1915
f 1914 1915 1916
f 1917 1918 1919
f 1919 1918 1914
f 1919 1914 1920
f 1920 1914 1916
f 1918 1921 1914
f 1914 1921 1922
f 1914 1922 1923
f 1923 1924 1914
f 1914 1924 1925
f 1914 1925 1926
f 1926 1927 1914
f 1914 1927 1928
f 1914 1928 1909
f 1909 1928 1929
f 1909 1929 1911
f 1711 1701 1930
f 1930 1701 1897
f 1930 1897 1931
f 1931 1897 1895
f 1931 1895 1932
f 1932 1895 1893
f 1932 1893 1933
f 1933 1893 1891
f 1720 1711 1934
f 1934 1711 1930
f 1934 1930 1935
f 1935 1930 1931
f 1935 1931 1936
f 1936 1931 1932
f 1936 1932 1937
f 1937 1932 1933
f 1721 1720 1907
f 1907 1720 1934
f 1907 1934 1909
f 1909 1934 1935
f 1909 1935 1914
f 1914 1935 1936
f 1914 1936 1912
f 1912 1936 1937
f 1938 1939 1940
f 1941 1942 1943
f 1944 1924 1945
f 1945 1924 1923
f 1945 1923 1946
f 1946 1923 1922
f 1946 1922 1947
f 1947 1922 1921
f 1947 1921 1948
f 1948 1921 1918
f 1948 1918 1949
f 1949 1918 1917
f 1949 1917 1950
f 1911 1929 1951
f 1951 1929 1928
f 1951 1928 1952
f 1952 1928 1927
f 1952 1927 1926
f 1906 1908 1953
f 1953 1908 1954
f 1953 1954 1955
f 1734 1956 1733
f 1733 1956 1957
f 1733 1957 1732
f 1732 1957 1958
f 1732 1958 1731
f 1959 1960 1961
f 1961 1960 1962
f 1961 1962 1955
f 1963 1964 1965
f 1965 1964 1966
f 1965 1966 1967
f 1967 1966 1968
f 1967 1968 1943
f 1943 1968 1969
f 1943 1969 1941
f 1963 1970 1971
f 1963 1971 1964
f 1970 1963 1972
f 1972 1963 1973
f 1972 1973 1974
f 1975 1976 1944
f 1944 1976 1925
f 1944 1925 1924
f 1974 1977 1978
f 1978 1977 1979
f 1978 1979 1980
f 1980 1979 1981
f 1980 1981 1982
f 1938 1982 1939
f 1939 1982 1981
f 1939 1981 1983
f 1983 1981 1979
f 1977 1974 1973
f 1977 1973 1979
f 1979 1973 1963
f 1979 1963 1983
f 1983 1963 1965
f 1983 1965 1939
f 1939 1965 1967
f 1939 1967 1940
f 1910 1911 1984
f 1984 1911 1951
f 1984 1951 1975
f 1975 1951 1952
f 1975 1952 1976
f 1976 1952 1926
f 1976 1926 1925
f 1985 1986 1942
f 1942 1986 1984
f 1942 1984 1943
f 1943 1984 1975
f 1943 1975 1967
f 1967 1975 1944
f 1967 1944 1940
f 1940 1944 1945
f 1940 1945 1938
f 1938 1945 1946
f 1938 1946 1982
f 1982 1946 1947
f 1982 1947 1980
f 1980 1947 1948
f 1980 1948 1978
f 1978 1948 1949
f 1978 1949 1974
f 1974 1949 1950
f 1987 1959 1985
f 1985 1959 1961
f 1985 1961 1986
f 1986 1961 1955
f 1986 1955 1984
f 1984 1955 1954
f 1984 1954 1910
f 1910 1954 1908
f 1722 1906 1734
f 1734 1906 1953
f 1734 1953 1956
f 1956 1953 1955
f 1956 1955 1957
f 1957 1955 1962
f 1957 1962 1958
f 1958 1962 1960
f 1746 1735 1988
f 1988 1735 1989
f 1988 1989 1990
f 1991 1992 1990
f 1987 1993 1994
f 1990 1995 1991
f 1991 1995 1996
f 1991 1996 1997
f 1997 1996 1998
f 1997 1998 1999
f 1999 1998 2000
f 1999 2000 2001
f 1990 1989 1995
f 1995 1989 2002
f 1995 2002 1996
f 1996 2002 1994
f 1996 1994 1998
f 1998 1994 1993
f 1998 1993 2000
f 1987 1994 1959
f 1959 1994 2002
f 1959 2002 1960
f 1960 2002 1989
f 1960 1989 1958
f 1958 1989 1735
f 1958 1735 1731
f 2003 2004 2005
f 2006 1749 1748
f 2004 1992 2005
f 2005 1992 1991
f 2005 1991 2007
f 2007 1991 1997
f 2007 1997 2008
f 2008 1997 1999
f 2008 1999 2009
f 2009 1999 2001
f 2009 2010 2008
f 2008 2010 2011
f 2008 2011 2007
f 2007 2011 2012
f 2007 2012 2005
f 2005 2012 2006
f 2005 2006 2003
f 2003 2006 1748
f 1756 1749 2013
f 2013 1749 2006
f 2013 2006 2014
f 2014 2006 2012
f 2014 2012 2015
f 2015 2012 2011
f 2015 2011 2016
f 2016 2011 2010
f 2017 2018 2019
f 2018 2020 2019
f 2019 2020 2021
f 2019 2021 2022
f 2015 2016 2023
f 2024 2017 2025
f 2025 2017 2019
f 2025 2019 2026
f 2026 2019 2022
f 2013 2014 2027
f 2027 2014 2015
f 2027 2015 2028
f 2028 2015 2023
f 2028 2023 2029
f 2030 1767 2031
f 2031 1767 1768
f 2031 1768 2032
f 2032 1768 1769
f 2032 1769 1770
f 1756 2013 2033
f 2033 2013 2027
f 2033 2027 2022
f 2022 2027 2028
f 2022 2028 2026
f 2026 2028 2029
f 2026 2029 2025
f 2020 2030 2021
f 2021 2030 2031
f 2021 2031 2022
f 2022 2031 2032
f 2022 2032 2033
f 2033 2032 1770
f 2033 1770 1756
f 2018 2017 2034
f 2034 2017 2024
f 2034 2024 2035
f 2035 2036 2034
f 2034 2036 2037
f 2034 2037 2038
f 2038 2037 2039
f 2038 2039 2040
f 2040 2039 2041
f 2040 2041 2042
f 2042 2043 2040
f 2040 2043 2044
f 2040 2044 2038
f 2038 2044 2045
f 2038 2045 2034
f 2034 2045 2046
f 2034 2046 2018
f 2018 2046 2020
f 2043 2047 2044
f 2044 2047 2048
f 2044 2048 2045
f 2045 2048 2049
f 2045 2049 2046
f 2046 2049 2050
f 2046 2050 2020
f 2020 2050 2030
f 1767 2030 1779
f 1779 2030 2050
f 1779 2050 1783
f 1783 2050 2049
f 1783 2049 1780
f 1780 2049 2048
f 1780 2048 1781
f 1781 2048 2047
f 1840 1796 2051
f 2051 1796 1797
f 2051 1797 2052
f 2052 1797 1798
f 2052 1798 2053
f 2053 1798 1799
f 2053 1799 2047
f 2047 1799 1781
f 1836 1840 2054
f 2054 1840 2051
f 2054 2051 2055
f 2055 2051 2052
f 2055 2052 2056
f 2056 2052 2053
f 2056 2053 2043
f 2043 2053 2047
f 1828 1836 2057
f 2057 1836 2054
f 2057 2054 2058
f 2058 2054 2055
f 2058 2055 2059
f 2059 2055 2056
f 2059 2056 2042
f 2042 2056 2043
f 1829 1828 2060
f 2060 1828 2057
f 2060 2057 2061
f 2061 2057 2058
f 2061 2058 2062
f 2062 2058 2059
f 2062 2059 2041
f 2041 2059 2042
f 1847 2063 2064
f 2064 2063 2065
f 2064 2065 2066
f 1829 2067 1844
f 1844 2067 2068
f 1844 2068 1851
f 1851 2068 1850
f 2060 2061 2069
f 2069 2061 2062
f 2069 2062 2070
f 2070 2062 2041
f 2070 2041 2071
f 1829 2060 2067
f 2067 2060 2069
f 2067 2069 2068
f 2068 2069 2070
f 2068 2070 2072
f 2072 2070 2071
f 1847 1850 2063
f 2063 1850 2068
f 2063 2068 2065
f 2065 2068 2072
f 2065 2072 2073
f 2073 2072 2071
f 2064 2066 2074
f 2074 2066 2075
f 2074 2075 2076
f 2076 2075 2077
f 2076 2077 2078
f 2078 2077 2079
f 2078 2079 2080
f 1847 2064 1859
f 1859 2064 2074
f 1859 2074 1858
f 1858 2074 2076
f 1858 2076 1857
f 1857 2076 2078
f 1857 2078 1852
f 1852 2078 2080
f 2081 2082 2083
f 2083 2082 2084
f 2083 2084 2085
f 2080 2079 2086
f 2086 2079 2085
f 2086 2085 2087
f 2087 2085 2084
f 2082 1864 2084
f 2084 1864 1865
f 2084 1865 2087
f 2087 1865 1866
f 2087 1866 2086
f 2086 1866 1867
f 2086 1867 2080
f 2080 1867 1852
f 2088 2089 2090
f 1902 1874 2091
f 2091 1874 1875
f 2091 1875 2092
f 2092 1875 1876
f 2092 1876 1877
f 2088 2090 2093
f 2094 2082 2081
f 2093 1891 2088
f 2088 1891 1890
f 2088 1890 2089
f 2089 1890 1898
f 2081 2095 2094
f 2094 2095 2096
f 2094 2096 2090
f 2090 2096 2097
f 2090 2097 2093
f 1898 1902 2089
f 2089 1902 2091
f 2089 2091 2090
f 2090 2091 2092
f 2090 2092 2094
f 2094 2092 1877
f 2094 1877 2082
f 2082 1877 1864
f 2098 1974 1950
f 2098 1950 1917
f 2098 1970 1972
f 2098 1972 1974
f 1964 1971 2099
f 2099 1971 1970
f 1970 2098 2099
f 2099 2098 2100
f 2099 2100 2101
f 1964 2099 1966
f 1966 2099 2102
f 1966 2102 1968
f 2103 1985 1942
f 2104 1987 1985
f 1985 2103 2104
f 2104 2103 2105
f 2104 2105 2106
f 2081 2107 2095
f 2095 2107 2108
f 2109 2097 2108
f 2108 2097 2096
f 2108 2096 2095
f 2110 2111 2112
f 2112 2111 1937
f 2112 1937 2093
f 2093 1937 1933
f 2093 1933 1891
f 1915 1913 2111
f 2111 1913 1912
f 2111 1912 1937
f 1917 1919 2098
f 2098 1919 1920
f 2098 1920 2100
f 2100 1920 1916
f 2100 1916 2101
f 2101 1916 1915
f 2101 1915 2099
f 2099 1915 2111
f 2099 2111 2102
f 2102 2111 2110
f 2102 2110 2113
f 2093 2097 2112
f 2112 2097 2109
f 2112 2109 2110
f 2110 2109 2114
f 2110 2114 2113
f 2107 2106 2108
f 2108 2106 2105
f 2108 2105 2109
f 2109 2105 2103
f 2109 2103 2114
f 2114 2103 1942
f 2114 1942 2113
f 2113 1942 1941
f 2113 1941 2102
f 2102 1941 1969
f 2102 1969 1968
f 2085 2079 2115
f 2115 2079 2116
f 2115 2116 2117
f 2117 2116 2118
f 2117 2118 2119
f 2119 2118 2120
f 2119 2120 2000
f 2000 2120 2001
f 2083 2085 2121
f 2121 2085 2115
f 2121 2115 2122
f 2122 2115 2117
f 2122 2117 2123
f 2123 2117 2119
f 2123 2119 1993
f 1993 2119 2000
f 2081 2083 2107
f 2107 2083 2121
f 2107 2121 2106
f 2106 2121 2122
f 2106 2122 2104
f 2104 2122 2123
f 2104 2123 1987
f 1987 2123 1993
f 2009 2001 2120
f 2010 2009 2124
f 2016 2010 2125
f 2009 2120 2124
f 2124 2120 2118
f 2124 2118 2126
f 2126 2118 2116
f 2126 2116 2127
f 2127 2116 2079
f 2127 2079 2077
f 2010 2124 2125
f 2125 2124 2126
f 2125 2126 2128
f 2128 2126 2127
f 2128 2127 2129
f 2129 2127 2077
f 2129 2077 2075
f 2016 2125 2130
f 2130 2125 2128
f 2130 2128 2131
f 2131 2128 2129
f 2131 2129 2132
f 2132 2129 2075
f 2132 2075 2066
f 2016 2130 2133
f 2134 2036 2035
f 2016 2133 2023
f 2023 2133 2135
f 2023 2135 2029
f 2029 2135 2134
f 2029 2134 2025
f 2025 2134 2035
f 2025 2035 2024
f 2132 2066 2136
f 2136 2066 2065
f 2136 2065 2137
f 2137 2065 2073
f 2137 2073 2138
f 2138 2073 2071
f 2138 2071 2039
f 2039 2071 2041
f 2131 2132 2139
f 2139 2132 2136
f 2139 2136 2140
f 2140 2136 2137
f 2140 2137 2141
f 2141 2137 2138
f 2141 2138 2037
f 2037 2138 2039
f 2130 2131 2133
f 2133 2131 2139
f 2133 2139 2135
f 2135 2139 2140
f 2135 2140 2134
f 2134 2140 2141
f 2134 2141 2036
f 2036 2141 2037
f 58 2142 2143
f 54 581 1368
f 2144 1457 54
f 54 1368 2144
f 2144 1368 1365
f 2144 1365 2145
f 1383 582 541
f 58 2143 543
f 541 543 1383
f 1383 543 2143
f 1383 2143 1392
f 1392 2143 2145
f 1392 2145 1364
f 1364 2145 1365
f 512 2146 2147
f 542 546 1439
f 544 2148 61
f 61 2148 2149
f 544 542 1439
f 544 1439 2148
f 2148 1439 1417
f 2148 1417 2150
f 545 512 1424
f 1424 512 2147
f 1424 2147 1456
f 1456 2147 2150
f 1456 2150 1416
f 1416 2150 1417
f 511 88 509
f 509 88 86
f 509 86 1064
f 2146 512 145
f 145 512 509
f 145 509 154
f 154 509 1064
f 1594 1596 2151
f 2151 2152 1594
f 1594 2152 2153
f 1594 2153 1592
f 1581 2154 1582
f 1582 2154 2155
f 1582 2155 1584
f 1584 2155 2156
f 1584 2156 1569
f 1569 2156 2157
f 1569 2157 1571
f 1537 2150 2147
f 1581 1579 2154
f 2154 1579 1587
f 2154 1587 2153
f 2153 1587 1589
f 2153 1589 1592
f 1530 2148 1531
f 1531 2148 2150
f 1531 2150 1539
f 1539 2150 1537
f 1546 1545 2157
f 2157 1545 1574
f 2157 1574 1571
f 1558 1556 2157
f 2157 1556 1555
f 2157 1555 1552
f 2158 1533 2146
f 2146 1533 2147
f 2147 1533 1532
f 2147 1532 1537
f 1552 1550 2157
f 2157 1550 1548
f 2157 1548 1546
f 1530 1567 2148
f 2148 1567 1565
f 2148 1565 2149
f 2149 1565 1562
f 2149 1562 2157
f 2157 1562 1560
f 2157 1560 1558
f 144 2159 145
f 145 2159 2160
f 145 2160 2146
f 2146 2160 2161
f 2146 2161 2158
f 1063 1470 138
f 138 1470 1526
f 138 1526 140
f 140 1526 1525
f 1472 69 68
f 1717 1719 1485
f 1491 1494 1728
f 1485 1719 1496
f 1496 1719 1724
f 1496 1724 1494
f 1494 1724 1726
f 1494 1726 1728
f 1511 1514 1776
f 1505 1765 1516
f 1516 1765 1772
f 1516 1772 1514
f 1514 1772 1774
f 1514 1774 1776
f 1717 1485 1715
f 1715 1485 1488
f 1715 1488 1713
f 1713 1488 1490
f 1713 1490 1710
f 1710 1490 1481
f 1710 1481 1709
f 1709 1481 1484
f 1709 1484 1697
f 1697 1484 1695
f 1695 1484 1477
f 1695 1477 1694
f 1473 1679 1480
f 1480 1679 1682
f 1480 1682 1477
f 1477 1682 1684
f 1477 1684 1694
f 1501 1758 1510
f 1510 1758 1760
f 1510 1760 1508
f 1508 1760 1762
f 1508 1762 1505
f 1505 1762 1764
f 1505 1764 1765
f 1805 1521 1803
f 1803 1521 1524
f 1803 1524 1801
f 1801 1524 1517
f 1801 1517 1791
f 1776 1778 1511
f 1511 1778 1785
f 1511 1785 1520
f 1520 1785 1787
f 1520 1787 1517
f 1517 1787 1789
f 1517 1789 1791
f 1728 1730 1491
f 1491 1730 1737
f 1491 1737 1500
f 1500 1737 1739
f 1500 1739 1497
f 1497 1739 1741
f 1497 1741 1504
f 1504 1741 1751
f 1504 1751 1501
f 1501 1751 1753
f 1501 1753 1758
f 68 1615 1472
f 1472 1615 1674
f 1472 1674 1476
f 1476 1674 1675
f 1476 1675 1473
f 1473 1675 1676
f 1473 1676 1679
f 139 140 1825
f 1825 140 1525
f 1825 1525 1826
f 1826 1525 1528
f 1826 1528 1827
f 1827 1528 1521
f 1827 1521 1807
f 1807 1521 1805
f 139 1825 144
f 144 1825 1821
f 144 1821 2159
f 2159 1821 1820
f 2159 1820 2160
f 2160 1820 1818
f 2160 1818 2161
f 2161 1818 1817
f 1817 1816 2161
f 2161 1816 1822
f 2161 1822 2158
f 2158 1822 1534
f 2158 1534 1533
f 2142 58 2157
f 2157 58 61
f 2157 61 2149
f 543 1344 544
f 544 1344 1343
f 544 1343 1342
f 1361 1360 541
f 541 1360 1359
f 541 1359 1358
f 1358 1357 541
f 541 1357 1356
f 541 1356 1355
f 543 1351 1350
f 1347 1346 543
f 543 1346 1345
f 543 1345 1344
f 1342 1341 544
f 544 1341 1340
f 544 1340 1339
f 1355 1354 541
f 541 1354 1353
f 541 1353 543
f 543 1353 1352
f 543 1352 1351
f 1327 542 1328
f 1328 542 1329
f 1327 1326 542
f 542 1326 1325
f 542 1325 541
f 541 1325 1362
f 541 1362 1361
f 1350 1349 543
f 543 1349 1348
f 543 1348 1347
f 1332 1331 542
f 542 1331 1330
f 542 1330 1329
f 1339 1338 544
f 544 1338 1337
f 544 1337 1336
f 1336 1335 544
f 544 1335 1334
f 544 1334 542
f 542 1334 1333
f 542 1333 1332
f 303 81 523
f 291 536 292
f 292 536 93
f 519 518 308
f 308 518 517
f 308 517 291
f 291 517 527
f 291 527 526
f 526 532 291
f 291 532 530
f 291 530 536
f 303 523 308
f 308 523 521
f 308 521 519
f 284 341 1471
f 1471 341 70
f 70 341 339
f 70 339 71
f 71 339 337
f 71 337 73
f 1526 1470 290
f 290 1470 95
f 1519 1518 288
f 1462 1461 1489
f 1489 1461 1482
f 1518 1523 288
f 288 1523 1522
f 288 1522 290
f 290 1522 1527
f 290 1527 1526
f 1467 1513 1468
f 1468 1513 1512
f 1468 1512 1469
f 1466 1506 1467
f 1467 1506 1515
f 1467 1515 1513
f 1489 1487 1462
f 1462 1487 1486
f 1462 1486 1463
f 1471 1475 284
f 284 1475 1474
f 284 1474 286
f 1465 1509 1466
f 1466 1509 1507
f 1466 1507 1506
f 1486 1495 1463
f 1463 1495 1493
f 1463 1493 1458
f 1458 1493 1492
f 1458 1492 1459
f 1461 1460 1482
f 1482 1460 79
f 1482 79 1483
f 79 312 1483
f 1483 312 314
f 1483 314 1478
f 1478 314 286
f 1478 286 1479
f 1479 286 1474
f 288 301 1519
f 1519 301 300
f 1519 300 1512
f 1512 300 92
f 1512 92 1469
f 1492 1499 1459
f 1459 1499 1498
f 1459 1498 1464
f 1464 1498 1503
f 1464 1503 1465
f 1465 1503 1502
f 1465 1502 1509
f 316 323 318
f 318 323 321
f 318 321 325
f 94 620 630
f 641 959 636
f 636 959 960
f 636 960 631
f 631 960 318
f 631 318 630
f 630 318 325
f 630 325 94
f 2162 1 2163
f 2163 1 7
f 2163 7 2164
f 2164 7 2165
f 2165 7 5
f 2165 5 2166
f 2166 5 28
f 2166 28 2167
f 2167 28 12
f 2167 12 2168
f 1 2162 2
f 2169 2170 2171
f 2169 2171 2172
f 2172 2171 2173
f 2172 2173 2174
f 2175 2176 2174
f 2174 2176 2177
f 2174 2177 2172
f 2172 2177 2178
f 2172 2178 2169
f 2179 2173 2180
f 2180 2173 2171
f 2180 2171 2181
f 2181 2171 2170
f 2181 2170 2182
f 2179 2183 2173
f 2173 2183 2184
f 2173 2184 2174
f 2174 2184 2185
f 2174 2185 2175
f 2175 2185 2186
f 2175 2186 2187
f 2188 2156 2189
f 2189 2156 2155
f 2189 2155 2190
f 2190 2155 2154
f 2153 2191 2154
f 2154 2191 2192
f 2154 2192 2190
f 2193 2194 2153
f 2153 2194 2195
f 2153 2195 2191
f 2153 2152 2193
f 2193 2152 2151
f 2193 2151 2196
f 2196 2151 1596
f 2196 1596 2197
f 2198 2199 2200
f 2200 2199 2201
f 2200 2201 2202
f 2202 2201 2203
f 2202 2203 2204
f 2204 2203 2197
f 2204 2197 2205
f 2205 2197 1596
f 2198 2200 2206
f 2206 2200 2207
f 2206 2207 2208
f 2208 2207 2209
f 2208 2209 2210
f 2210 2209 2211
f 2210 2211 2212
f 2157 60 2142
f 2142 60 59
f 2142 59 2143
f 2145 2143 2144
f 2144 2143 59
f 2144 59 1457
f 1457 59 53
f 1457 53 72
f 72 53 55
f 72 55 214
f 214 55 66
f 2213 2214 2215
f 2215 2214 2216
f 2217 2218 2219
f 2219 2218 2213
f 2220 2221 2217
f 2216 2222 2215
f 2215 2222 2223
f 2215 2223 2224
f 2224 2223 2225
f 2226 2227 2225
f 2225 2227 2228
f 2225 2228 2224
f 2226 2229 2227
f 2227 2229 2230
f 2227 2230 2231
f 2231 2230 2232
f 2231 2232 2233
f 2233 2232 2234
f 2233 2234 2235
f 2235 2234 2236
f 2235 2236 2237
f 2237 2236 2238
f 2237 2238 2239
f 2213 2215 2219
f 2219 2215 2224
f 2219 2224 2240
f 2240 2224 2228
f 2240 2228 2241
f 2241 2228 2227
f 2241 2227 2242
f 2242 2227 2231
f 2242 2231 2243
f 2243 2231 2233
f 2243 2233 2244
f 2244 2233 2235
f 2244 2235 2245
f 2245 2235 2237
f 2245 2237 2246
f 2246 2237 2239
f 2246 2239 2247
f 2217 2219 2220
f 2220 2219 2240
f 2220 2240 2248
f 2248 2240 2241
f 2248 2241 2249
f 2249 2241 2242
f 2249 2242 2250
f 2250 2242 2243
f 2250 2243 2251
f 2251 2243 2244
f 2251 2244 2252
f 2252 2244 2245
f 2252 2245 2253
f 2253 2245 2246
f 2253 2246 2254
f 2254 2246 2247
f 2254 2247 2255
f 386 2221 2220
f 930 387 386
f 930 947 387
f 387 947 945
f 387 945 943
f 2253 2254 386
f 386 2254 2255
f 386 2255 930
f 943 941 387
f 387 941 940
f 387 940 934
f 2220 2248 386
f 386 2248 2249
f 386 2249 2250
f 2250 2251 386
f 386 2251 2252
f 386 2252 2253
f 2256 2257 2258
f 2256 2258 2259
f 2259 2258 2260
f 2259 2260 2261
f 2262 2263 2264
f 2264 2263 2265
f 2264 2265 2266
f 2266 2265 2257
f 2266 2257 2267
f 2267 2257 2256
f 930 2255 929
f 929 2255 2268
f 929 2268 928
f 2261 216 2259
f 2259 216 926
f 2259 926 2269
f 2269 926 927
f 2269 927 2270
f 2270 927 928
f 2270 928 2271
f 2271 928 2268
f 317 926 276
f 276 926 216
f 276 216 277
f 277 216 215
f 277 215 280
f 280 215 245
f 217 216 2272
f 2272 216 2261
f 217 2272 248
f 248 2272 2273
f 248 2273 247
f 247 2273 2274
f 247 2274 246
f 246 2274 2275
f 246 2275 244
f 244 2275 2276
f 2277 2278 242
f 2276 2279 2280
f 242 244 2277
f 2277 244 2276
f 2277 2276 2281
f 2281 2276 2280
f 2282 2283 2284
f 2284 2283 2285
f 2284 2285 2286
f 2286 2285 2287
f 2287 2285 2288
f 2287 2288 2289
f 2289 2288 2290
f 2290 2288 2278
f 2290 2278 2277
f 2291 2292 2293
f 2293 2292 2294
f 2293 2294 2178
f 2272 2261 2260
f 2272 2260 2295
f 2260 2258 2295
f 2295 2258 2257
f 2295 2257 2296
f 2296 2257 2265
f 2296 2265 2297
f 2297 2265 2263
f 2297 2263 2298
f 2298 2263 2299
f 2298 2299 2300
f 2300 2299 2301
f 2300 2301 2282
f 2282 2301 2302
f 2299 2262 2303
f 2291 2302 2304
f 2291 2304 2292
f 2299 2303 2301
f 2302 2301 2304
f 2304 2301 2303
f 2304 2303 2305
f 2305 2303 2306
f 2305 2306 2307
f 2307 2306 2308
f 2309 2310 2311
f 2311 2310 2312
f 2311 2312 2313
f 2313 2312 2314
f 2169 2314 2170
f 2170 2314 2312
f 2170 2312 2182
f 2182 2312 2310
f 2307 2309 2305
f 2305 2309 2311
f 2305 2311 2304
f 2304 2311 2313
f 2304 2313 2292
f 2292 2313 2314
f 2292 2314 2294
f 2294 2314 2169
f 2294 2169 2178
f 2239 2238 2315
f 2247 2239 2316
f 2255 2247 2317
f 2239 2315 2316
f 2316 2315 2318
f 2316 2318 2319
f 2319 2318 2320
f 2319 2320 2321
f 2321 2320 2322
f 2321 2322 2323
f 2323 2322 2324
f 2323 2324 2325
f 2325 2324 2326
f 2325 2326 2327
f 2327 2326 2328
f 2327 2328 2329
f 2329 2328 2330
f 2329 2330 2331
f 2331 2330 2332
f 2331 2332 2333
f 2333 2332 2308
f 2333 2308 2306
f 2247 2316 2317
f 2317 2316 2319
f 2317 2319 2334
f 2334 2319 2321
f 2334 2321 2335
f 2335 2321 2323
f 2335 2323 2336
f 2336 2323 2325
f 2336 2325 2337
f 2337 2325 2327
f 2337 2327 2338
f 2338 2327 2329
f 2338 2329 2339
f 2339 2329 2331
f 2339 2331 2340
f 2340 2331 2333
f 2340 2333 2341
f 2341 2333 2306
f 2341 2306 2303
f 2255 2317 2268
f 2268 2317 2334
f 2268 2334 2271
f 2271 2334 2335
f 2271 2335 2270
f 2270 2335 2336
f 2270 2336 2269
f 2269 2336 2337
f 2269 2337 2259
f 2259 2337 2338
f 2259 2338 2256
f 2256 2338 2339
f 2256 2339 2267
f 2267 2339 2340
f 2267 2340 2266
f 2266 2340 2341
f 2266 2341 2264
f 2264 2341 2303
f 2264 2303 2262
f 2262 2299 2263
f 2298 2300 2342
f 2342 2300 2282
f 2290 2343 2289
f 2289 2343 2344
f 2282 2284 2342
f 2342 2284 2286
f 2342 2286 2344
f 2344 2286 2287
f 2344 2287 2289
f 2280 2343 2281
f 2281 2343 2290
f 2281 2290 2277
f 2296 2297 2345
f 2345 2297 2298
f 2298 2342 2345
f 2345 2342 2344
f 2345 2344 2346
f 2346 2344 2343
f 2346 2343 2347
f 2347 2343 2280
f 2347 2280 2279
f 2279 2348 2347
f 2347 2348 2349
f 2347 2349 2346
f 2346 2349 2350
f 2346 2350 2345
f 2345 2350 2295
f 2345 2295 2296
f 2272 2295 2273
f 2273 2295 2350
f 2273 2350 2274
f 2274 2350 2349
f 2274 2349 2275
f 2275 2349 2348
f 2275 2348 2276
f 2276 2348 2279
f 214 213 72
f 72 213 2351
f 2352 2353 72
f 2212 2211 2353
f 2353 2211 67
f 2353 67 72
f 2354 2355 2351
f 2354 2351 2356
f 2355 2357 2351
f 2351 2357 2358
f 2351 2358 72
f 72 2358 2359
f 72 2359 2352
f 2360 2361 2351
f 2351 2361 2362
f 2351 2362 2356
f 2363 2364 2365
f 2365 2364 2366
f 2364 2367 2366
f 2366 2367 2368
f 2366 2368 2369
f 2370 2371 2372
f 2372 2371 2369
f 2372 2369 2373
f 2373 2369 2368
f 2374 2375 2376
f 2377 2364 2378
f 2378 2364 2363
f 2379 2368 2367
f 2380 2370 2381
f 2381 2370 2372
f 2381 2372 2373
f 2382 2380 2383
f 2383 2380 2381
f 2383 2381 2379
f 2379 2381 2373
f 2379 2373 2368
f 2375 2382 2376
f 2376 2382 2383
f 2376 2383 2384
f 2384 2383 2379
f 2384 2379 2377
f 2377 2379 2367
f 2377 2367 2364
f 2385 2386 2387
f 2387 2386 2388
f 2387 2388 2389
f 2390 2385 2391
f 2391 2385 2387
f 2391 2387 2392
f 2392 2387 2389
f 2392 2389 2393
f 2394 2374 2393
f 2393 2374 2376
f 2393 2376 2392
f 2392 2376 2384
f 2392 2384 2391
f 2391 2384 2377
f 2391 2377 2390
f 2390 2377 2378
f 2395 2394 2396
f 2396 2394 2393
f 2396 2393 2397
f 2397 2393 2389
f 2397 2389 2398
f 2398 2389 2388
f 2398 2388 2399
f 2399 2388 2386
f 2400 2401 2402
f 2403 252 2404
f 2404 252 250
f 2404 250 249
f 219 218 2405
f 2405 218 251
f 2405 251 2403
f 2403 251 253
f 2403 253 252
f 2406 2404 2407
f 2407 2404 249
f 2407 249 220
f 212 219 2402
f 2402 219 2405
f 2402 2405 2400
f 2400 2405 2403
f 2400 2403 2408
f 2408 2403 2404
f 2408 2404 2409
f 2409 2404 2406
f 2409 2406 2410
f 2411 2412 2413
f 2410 2414 2409
f 2409 2414 2415
f 2409 2415 2408
f 2408 2415 2411
f 2408 2411 2400
f 2400 2411 2413
f 2400 2413 2401
f 2399 2412 2398
f 2398 2412 2411
f 2398 2411 2397
f 2397 2411 2415
f 2397 2415 2396
f 2396 2415 2414
f 2396 2414 2395
f 2395 2414 2410
f 2416 2417 2418
f 2419 2420 2416
f 2416 2420 2417
f 2417 2420 2421
f 2417 2421 2422
f 2419 2416 2423
f 2423 2416 2424
f 2423 2424 2425
f 2425 2424 2426
f 2425 2426 2427
f 2428 2426 2429
f 2429 2426 2424
f 2429 2424 2430
f 2430 2424 2416
f 2430 2416 2431
f 2431 2416 2418
f 2432 2433 2434
f 2185 2184 2435
f 2184 2183 2436
f 2437 2186 2185
f 2438 2439 2440
f 2440 2439 2441
f 2440 2441 2437
f 2437 2441 2187
f 2437 2187 2186
f 2438 2440 2442
f 2442 2440 2443
f 2442 2443 2444
f 2445 2446 2447
f 2447 2446 2448
f 2447 2448 2449
f 2449 2448 2450
f 2449 2450 2451
f 2451 2450 2452
f 2451 2452 2453
f 2453 2452 2436
f 2453 2436 2454
f 2454 2436 2183
f 2454 2183 2179
f 2455 2456 2445
f 2445 2456 2457
f 2445 2457 2446
f 2458 2459 2460
f 2460 2459 2461
f 2460 2461 2462
f 2462 2461 2463
f 2462 2463 2444
f 2444 2463 2464
f 2444 2464 2442
f 2465 2466 2467
f 2467 2466 2468
f 2467 2468 2458
f 2458 2468 2469
f 2458 2469 2459
f 2455 2470 2456
f 2456 2470 2471
f 2456 2471 2472
f 2472 2471 2473
f 2472 2473 2474
f 2474 2473 2475
f 2474 2475 2476
f 2476 2475 2477
f 2478 2479 2477
f 2477 2479 2480
f 2477 2480 2476
f 2481 2482 2483
f 2483 2482 2484
f 2483 2484 2485
f 2485 2484 2486
f 2485 2486 2487
f 2487 2486 2488
f 2487 2488 2465
f 2465 2488 2489
f 2465 2489 2466
f 2481 2483 2490
f 2490 2483 2491
f 2490 2491 2492
f 2493 2494 2495
f 2495 2494 2496
f 2495 2496 2497
f 2497 2496 2498
f 2497 2498 2492
f 2492 2498 2499
f 2492 2499 2490
f 2500 2501 2493
f 2493 2501 2502
f 2493 2502 2494
f 2493 2503 2500
f 2500 2503 2504
f 2500 2504 2505
f 2505 2504 2506
f 2507 2508 2509
f 2509 2508 2510
f 2509 2510 2511
f 2511 2510 2512
f 2511 2512 2506
f 2506 2512 2513
f 2506 2513 2505
f 2507 2509 2434
f 2434 2509 2514
f 2434 2514 2432
f 2433 2432 2515
f 2515 2432 2516
f 2515 2516 2517
f 2517 2516 2518
f 2517 2518 2519
f 2519 2518 2520
f 2519 2520 2521
f 2478 2522 2479
f 2479 2522 2523
f 2479 2523 2524
f 2524 2523 2525
f 2524 2525 2526
f 2526 2525 2527
f 2526 2527 2528
f 2528 2527 2529
f 2528 2529 2530
f 2530 2529 2531
f 2530 2531 2532
f 2532 2531 2533
f 2532 2533 2534
f 2534 2533 2535
f 2534 2535 2536
f 2536 2535 2537
f 2536 2537 2538
f 2538 2537 2539
f 2538 2539 2540
f 2540 2539 2541
f 2540 2541 2542
f 2542 2541 2543
f 2542 2543 2544
f 2544 2543 2545
f 2544 2545 2546
f 2546 2545 2547
f 2546 2547 2548
f 2548 2547 2549
f 2548 2549 2550
f 2550 2549 2551
f 2550 2551 2552
f 2552 2551 2428
f 2552 2428 2429
f 2184 2436 2435
f 2435 2436 2452
f 2435 2452 2553
f 2553 2452 2450
f 2553 2450 2554
f 2554 2450 2448
f 2554 2448 2555
f 2555 2448 2446
f 2555 2446 2556
f 2556 2446 2457
f 2556 2457 2557
f 2557 2457 2456
f 2557 2456 2558
f 2558 2456 2472
f 2558 2472 2559
f 2559 2472 2474
f 2559 2474 2560
f 2560 2474 2476
f 2560 2476 2561
f 2561 2476 2480
f 2561 2480 2562
f 2562 2480 2479
f 2562 2479 2563
f 2563 2479 2524
f 2563 2524 2564
f 2564 2524 2526
f 2564 2526 2565
f 2565 2526 2528
f 2565 2528 2566
f 2566 2528 2530
f 2566 2530 2567
f 2567 2530 2532
f 2567 2532 2568
f 2568 2532 2534
f 2568 2534 2569
f 2569 2534 2536
f 2569 2536 2570
f 2570 2536 2538
f 2570 2538 2571
f 2571 2538 2540
f 2571 2540 2572
f 2572 2540 2542
f 2572 2542 2573
f 2573 2542 2544
f 2573 2544 2574
f 2574 2544 2546
f 2574 2546 2575
f 2575 2546 2548
f 2575 2548 2576
f 2576 2548 2550
f 2576 2550 2577
f 2577 2550 2552
f 2577 2552 2578
f 2578 2552 2429
f 2578 2429 2430
f 2185 2435 2437
f 2437 2435 2553
f 2437 2553 2440
f 2440 2553 2554
f 2440 2554 2443
f 2443 2554 2555
f 2443 2555 2444
f 2444 2555 2556
f 2444 2556 2462
f 2462 2556 2557
f 2462 2557 2460
f 2460 2557 2558
f 2460 2558 2458
f 2458 2558 2559
f 2458 2559 2467
f 2467 2559 2560
f 2467 2560 2465
f 2465 2560 2561
f 2465 2561 2487
f 2487 2561 2562
f 2487 2562 2485
f 2485 2562 2563
f 2485 2563 2483
f 2483 2563 2564
f 2483 2564 2491
f 2491 2564 2565
f 2491 2565 2492
f 2492 2565 2566
f 2492 2566 2497
f 2497 2566 2567
f 2497 2567 2495
f 2495 2567 2568
f 2495 2568 2493
f 2493 2568 2569
f 2493 2569 2503
f 2503 2569 2570
f 2503 2570 2504
f 2504 2570 2571
f 2504 2571 2506
f 2506 2571 2572
f 2506 2572 2511
f 2511 2572 2573
f 2511 2573 2509
f 2509 2573 2574
f 2509 2574 2514
f 2514 2574 2575
f 2514 2575 2432
f 2432 2575 2576
f 2432 2576 2516
f 2516 2576 2577
f 2516 2577 2518
f 2518 2577 2578
f 2518 2578 2520
f 2520 2578 2430
f 2520 2430 2431
f 2431 2418 2520
f 2520 2418 2579
f 2520 2579 2521
f 386 389 2221
f 2221 389 391
f 2221 391 393
f 2156 2188 2216
f 2156 380 383
f 2216 2214 2156
f 2156 2214 2213
f 2156 2213 2218
f 393 380 2221
f 2221 380 2156
f 2221 2156 2217
f 2217 2156 2218
f 383 385 2156
f 2156 385 141
f 2156 141 2157
f 2157 141 62
f 2157 62 60
f 2454 2179 2580
f 2445 2447 2580
f 2580 2447 2449
f 2449 2451 2580
f 2580 2451 2453
f 2580 2453 2454
f 2581 2475 2473
f 2473 2471 2581
f 2581 2471 2470
f 2581 2470 2580
f 2580 2470 2455
f 2580 2455 2445
f 2582 2478 2581
f 2581 2478 2477
f 2581 2477 2475
f 2583 2529 2527
f 2527 2525 2583
f 2583 2525 2523
f 2583 2523 2582
f 2582 2523 2522
f 2582 2522 2478
f 2583 2584 2541
f 2541 2539 2583
f 2583 2539 2537
f 2583 2537 2535
f 2535 2533 2583
f 2583 2533 2531
f 2583 2531 2529
f 2428 2551 2584
f 2584 2551 2549
f 2584 2549 2547
f 2547 2545 2584
f 2584 2545 2543
f 2584 2543 2541
f 2394 2395 2585
f 2382 2375 2586
f 2586 2375 2374
f 2586 2374 2394
f 2394 2585 2586
f 2586 2585 2587
f 2586 2587 2588
f 2588 2587 2589
f 2588 2589 2590
f 2590 2589 2591
f 2590 2591 2592
f 2591 2593 2592
f 2592 2593 2594
f 2592 2594 2595
f 2595 2594 2596
f 2595 2596 2597
f 2597 2596 2598
f 2597 2598 2599
f 2598 2600 2599
f 2599 2600 2601
f 2599 2601 2602
f 2602 2601 2603
f 2602 2603 2604
f 2604 2603 2605
f 2604 2605 2606
f 2605 2607 2606
f 2606 2607 2608
f 2606 2608 2609
f 2609 2608 2610
f 2609 2610 2611
f 2611 2610 2612
f 2611 2612 2613
f 2612 2614 2613
f 2613 2614 2615
f 2613 2615 2616
f 2616 2615 2617
f 2616 2617 2618
f 2618 2617 2619
f 2618 2619 2620
f 2278 2288 2621
f 2621 2288 2620
f 2621 2620 2622
f 2622 2620 2619
f 2288 2285 2620
f 2620 2285 2623
f 2620 2623 2618
f 2618 2623 2624
f 2618 2624 2616
f 2616 2624 2625
f 2616 2625 2613
f 2613 2625 2626
f 2613 2626 2611
f 2611 2626 2627
f 2611 2627 2609
f 2609 2627 2628
f 2609 2628 2606
f 2606 2628 2629
f 2606 2629 2604
f 2604 2629 2630
f 2604 2630 2602
f 2602 2630 2631
f 2602 2631 2599
f 2599 2631 2632
f 2599 2632 2597
f 2597 2632 2633
f 2597 2633 2595
f 2595 2633 2634
f 2595 2634 2592
f 2592 2634 2635
f 2592 2635 2590
f 2590 2635 2636
f 2590 2636 2588
f 2588 2636 2637
f 2588 2637 2586
f 2586 2637 2638
f 2586 2638 2382
f 2382 2638 2380
f 2285 2283 2623
f 2623 2283 2639
f 2623 2639 2624
f 2624 2639 2640
f 2624 2640 2625
f 2625 2640 2641
f 2625 2641 2626
f 2626 2641 2642
f 2626 2642 2627
f 2627 2642 2643
f 2627 2643 2628
f 2628 2643 2644
f 2628 2644 2629
f 2629 2644 2645
f 2629 2645 2630
f 2630 2645 2646
f 2630 2646 2631
f 2631 2646 2647
f 2631 2647 2632
f 2632 2647 2648
f 2632 2648 2633
f 2633 2648 2649
f 2633 2649 2634
f 2634 2649 2650
f 2634 2650 2635
f 2635 2650 2651
f 2635 2651 2636
f 2636 2651 2652
f 2636 2652 2637
f 2637 2652 2653
f 2637 2653 2638
f 2638 2653 2654
f 2638 2654 2380
f 2380 2654 2370
f 2410 2406 221
f 221 2406 2407
f 221 2407 220
f 2395 2410 2585
f 2585 2410 221
f 2585 221 2587
f 2587 221 222
f 2587 222 2589
f 2589 222 2591
f 2591 222 224
f 2591 224 2593
f 2593 224 2594
f 2594 224 226
f 2594 226 2596
f 2596 226 2598
f 2598 226 228
f 2598 228 2600
f 2600 228 2601
f 2601 228 230
f 2601 230 2603
f 2603 230 2605
f 2605 230 232
f 2605 232 2607
f 2607 232 2608
f 2608 232 234
f 2608 234 2610
f 2610 234 2612
f 2612 234 236
f 2612 236 2614
f 2614 236 2615
f 2615 236 238
f 2615 238 2617
f 2617 238 2619
f 2619 238 240
f 2619 240 2622
f 2622 240 2621
f 2621 240 242
f 2621 242 2278
f 2422 2365 2366
f 2366 2369 2422
f 2422 2369 2371
f 2422 2371 2417
f 2417 2371 2655
f 2417 2655 2418
f 2656 2515 2517
f 2656 2517 2657
f 2517 2519 2657
f 2657 2519 2521
f 2657 2521 2655
f 2655 2521 2579
f 2655 2579 2418
f 2515 2656 2433
f 2433 2656 2658
f 2433 2658 2434
f 2434 2658 2659
f 2434 2659 2507
f 2507 2659 2508
f 2508 2659 2660
f 2508 2660 2510
f 2510 2660 2512
f 2512 2660 2661
f 2512 2661 2513
f 2513 2661 2505
f 2505 2661 2662
f 2505 2662 2500
f 2500 2662 2501
f 2501 2662 2663
f 2501 2663 2502
f 2502 2663 2664
f 2502 2664 2494
f 2494 2664 2496
f 2496 2664 2665
f 2496 2665 2498
f 2498 2665 2499
f 2499 2665 2666
f 2499 2666 2490
f 2490 2666 2481
f 2481 2666 2667
f 2481 2667 2482
f 2482 2667 2484
f 2484 2667 2668
f 2484 2668 2486
f 2486 2668 2488
f 2488 2668 2669
f 2488 2669 2489
f 2489 2669 2670
f 2489 2670 2466
f 2466 2670 2468
f 2468 2670 2671
f 2468 2671 2469
f 2672 2463 2673
f 2673 2463 2461
f 2673 2461 2671
f 2671 2461 2459
f 2671 2459 2469
f 2441 2674 2187
f 2187 2674 2675
f 2187 2675 2175
f 2441 2439 2674
f 2674 2439 2438
f 2674 2438 2676
f 2676 2438 2442
f 2676 2442 2672
f 2672 2442 2464
f 2672 2464 2463
f 2293 2178 2177
f 2293 2177 2675
f 2675 2177 2176
f 2675 2176 2175
f 2646 2645 2668
f 2371 2370 2655
f 2655 2370 2654
f 2655 2654 2657
f 2657 2654 2653
f 2657 2653 2656
f 2656 2653 2652
f 2650 2660 2651
f 2651 2660 2659
f 2651 2659 2652
f 2652 2659 2658
f 2652 2658 2656
f 2648 2663 2649
f 2649 2663 2662
f 2649 2662 2650
f 2650 2662 2661
f 2650 2661 2660
f 2668 2667 2646
f 2646 2667 2666
f 2646 2666 2647
f 2647 2666 2665
f 2647 2665 2648
f 2648 2665 2664
f 2648 2664 2663
f 2675 2674 2641
f 2641 2674 2676
f 2641 2676 2642
f 2641 2640 2675
f 2675 2640 2639
f 2675 2639 2293
f 2293 2639 2283
f 2293 2283 2291
f 2291 2283 2282
f 2291 2282 2302
f 2676 2672 2642
f 2642 2672 2673
f 2642 2673 2643
f 2643 2673 2671
f 2643 2671 2644
f 2644 2671 2670
f 2644 2670 2645
f 2645 2670 2669
f 2645 2669 2668
f 2677 2678 2679
f 2680 2681 2682
f 2308 2683 2684
f 2685 2686 2687
f 2687 2686 2688
f 2689 2690 2691
f 2692 2693 2694
f 2694 2693 2695
f 2694 2695 2696
f 2697 2698 2699
f 2699 2698 2700
f 2699 2700 2701
f 2701 2702 2699
f 2699 2702 2703
f 2699 2703 2695
f 2695 2703 2704
f 2695 2704 2696
f 2705 2706 2707
f 2707 2706 2708
f 2707 2708 2709
f 2709 2708 2710
f 2709 2710 2711
f 2711 2712 2709
f 2709 2712 2713
f 2709 2713 2714
f 2715 2716 2717
f 2717 2716 2718
f 2717 2718 2719
f 2720 2721 2722
f 2722 2721 2723
f 2720 2724 2721
f 2721 2724 2725
f 2721 2725 2707
f 2707 2725 2726
f 2707 2726 2705
f 2690 2688 2691
f 2691 2688 2686
f 2691 2686 2727
f 2727 2686 2685
f 2727 2685 2728
f 2728 2729 2727
f 2727 2729 2730
f 2727 2730 2731
f 2731 2730 2732
f 2731 2732 2733
f 2733 2734 2731
f 2731 2734 2735
f 2731 2735 2721
f 2721 2735 2736
f 2721 2736 2723
f 2216 2188 2222
f 2222 2188 2189
f 2222 2189 2223
f 2223 2189 2190
f 2223 2190 2225
f 2225 2190 2192
f 2225 2192 2226
f 2226 2192 2191
f 2226 2191 2229
f 2229 2191 2195
f 2229 2195 2230
f 2195 2194 2230
f 2230 2194 2193
f 2230 2193 2232
f 2232 2193 2196
f 2232 2196 2234
f 2234 2196 2197
f 2234 2197 2236
f 2236 2197 2203
f 2236 2203 2737
f 2320 2318 2738
f 2738 2318 2315
f 2738 2315 2737
f 2737 2315 2238
f 2737 2238 2236
f 2320 2738 2322
f 2322 2738 2682
f 2322 2682 2324
f 2683 2308 2680
f 2308 2332 2680
f 2680 2332 2330
f 2680 2330 2681
f 2681 2330 2328
f 2681 2328 2682
f 2682 2328 2326
f 2682 2326 2324
f 2310 2679 2182
f 2182 2679 2678
f 2182 2678 2181
f 2181 2678 2180
f 2580 2179 2180
f 2426 2428 2584
f 2583 2360 2584
f 2584 2360 2427
f 2584 2427 2426
f 2357 2355 2709
f 2709 2355 2354
f 2709 2354 2707
f 2707 2354 2356
f 2707 2356 2721
f 2721 2356 2362
f 2721 2362 2731
f 2731 2362 2361
f 2731 2361 2360
f 2714 2715 2709
f 2709 2715 2717
f 2709 2717 2357
f 2357 2717 2358
f 2358 2717 2359
f 2359 2717 2739
f 2359 2739 2352
f 2352 2739 2740
f 2352 2740 2353
f 2206 2208 2741
f 2741 2208 2210
f 2198 2206 2742
f 2203 2201 2737
f 2737 2201 2199
f 2737 2199 2738
f 2738 2199 2198
f 2738 2198 2682
f 2682 2198 2742
f 2682 2742 2680
f 2212 2353 2210
f 2210 2353 2740
f 2210 2740 2741
f 2741 2740 2739
f 2741 2739 2743
f 2743 2739 2717
f 2743 2717 2699
f 2699 2717 2719
f 2699 2719 2697
f 2206 2741 2742
f 2742 2741 2743
f 2742 2743 2680
f 2680 2743 2699
f 2680 2699 2683
f 2683 2699 2695
f 2683 2695 2684
f 2684 2695 2693
f 2684 2693 2744
f 2745 2677 2746
f 2746 2677 2679
f 2746 2679 2693
f 2693 2679 2310
f 2693 2310 2744
f 2744 2310 2309
f 2744 2309 2684
f 2684 2309 2307
f 2684 2307 2308
f 2180 2678 2580
f 2580 2678 2677
f 2580 2677 2581
f 2581 2677 2745
f 2581 2745 2747
f 2747 2745 2748
f 2747 2748 2749
f 2692 2689 2693
f 2693 2689 2691
f 2693 2691 2746
f 2746 2691 2727
f 2746 2727 2745
f 2745 2727 2731
f 2745 2731 2748
f 2748 2731 2360
f 2748 2360 2749
f 2749 2360 2583
f 2749 2583 2747
f 2747 2583 2582
f 2747 2582 2581
f 2399 2386 2360
f 2399 2360 2412
f 2412 2360 2351
f 2412 2351 2413
f 2386 2385 2360
f 2360 2385 2390
f 2360 2390 2427
f 2363 2365 2422
f 2425 2427 2750
f 2425 2750 2423
f 2421 2420 2750
f 2750 2420 2419
f 2750 2419 2423
f 2390 2378 2427
f 2427 2378 2363
f 2427 2363 2750
f 2750 2363 2422
f 2750 2422 2421
f 213 212 2402
f 213 2402 2351
f 2351 2402 2401
f 2351 2401 2413
f 1596 1601 2205
f 2205 1601 1599
f 2205 1599 2204
f 2204 1599 1611
f 2204 1611 2202
f 2202 1611 1609
f 2202 1609 2200
f 2200 1609 1607
f 2200 1607 2207
f 2207 1607 1605
f 67 2211 1616
f 1616 2211 2209
f 1616 2209 1617
f 1617 2209 2207
f 1617 2207 1603
f 1603 2207 1605
f 11 2168 12
f 2168 2715 2714
f 2168 2714 2167
f 2716 2715 25
f 25 2715 2168
f 25 2168 10
f 10 2168 11
f 2714 2713 2167
f 2167 2713 2712
f 2167 2712 2166
f 2712 2711 2166
f 2166 2711 2710
f 2166 2710 2165
f 2165 2710 2708
f 2165 2708 2706
f 2706 2705 2165
f 2165 2705 2726
f 2165 2726 2164
f 3 2 2162
f 2726 2725 2164
f 2164 2725 2724
f 2164 2724 2163
f 2163 2724 2720
f 2163 2720 2162
f 2720 2722 2162
f 2162 2722 2723
f 2162 2723 2736
f 2696 19 2694
f 2694 19 17
f 15 2687 2688
f 2688 2690 15
f 15 2690 2689
f 15 2689 17
f 17 2689 2692
f 17 2692 2694
f 2687 15 2685
f 2685 15 13
f 2685 13 2728
f 2736 2735 2162
f 2162 2735 2734
f 2162 2734 3
f 3 2734 2733
f 2733 2732 3
f 3 2732 2730
f 3 2730 13
f 13 2730 2729
f 13 2729 2728
f 2698 2697 23
f 23 2697 2719
f 23 2719 25
f 25 2719 2718
f 25 2718 2716
f 21 2701 23
f 23 2701 2700
f 23 2700 2698
f 2696 2704 19
f 19 2704 2703
f 19 2703 21
f 21 2703 2702
f 21 2702 2701
f 361 360 2751
f 351 350 2751
f 2751 350 349
f 2751 349 361
f 354 353 2751
f 2751 353 352
f 2751 352 351
f 357 356 2751
f 2751 356 355
f 2751 355 354
f 360 359 2751
f 2751 359 358
f 2751 358 357
f 2004 2003 2752
f 1755 1742 2753
f 2753 1742 1743
f 2753 1743 1744
f 2754 1988 1990
f 2004 2752 1992
f 1754 1755 2755
f 2755 1755 2753
f 2755 2753 2756
f 2756 2753 2757
f 2756 2757 2758
f 2758 2757 2759
f 2758 2759 2760
f 2760 2759 2761
f 2760 2761 2752
f 2752 2761 2754
f 2752 2754 1992
f 1992 2754 1990
f 2755 2756 2758
f 1754 2755 1747
f 1747 2755 2758
f 1747 2758 1748
f 1748 2758 2760
f 1748 2760 2003
f 2003 2760 2752
f 1988 2754 1746
f 1746 2754 2761
f 1746 2761 1745
f 1745 2761 2759
f 2759 2757 1745
f 1745 2757 2753
f 1745 2753 1744
f 2762 2763 2764
f 2764 2763 2765
f 2764 2765 2766
f 2766 2765 2767
f 2766 2767 2768
f 2768 2767 2769
f 2768 2769 2770
f 2770 2769 2771
f 2770 2771 2772
f 2772 2771 2773
f 2772 2773 2774
f 2774 2773 2775
f 2774 2775 2776
f 2776 2775 2777
f 2776 2777 2778
f 2778 2777 2779
f 2778 2779 2780
f 2780 2779 2781
f 2780 2781 2782
f 2782 2781 2783
f 2782 2783 2784
f 2784 2783 2785
f 2784 2785 2786
f 2786 2785 2762
f 2786 2762 2764
f 2784 2787 2782
f 2782 2787 2788
f 2782 2788 2780
f 2780 2788 2789
f 2780 2789 2778
f 2778 2789 2790
f 2778 2790 2776
f 2776 2790 2791
f 2776 2791 2774
f 2774 2791 2792
f 2774 2792 2772
f 2772 2792 2793
f 2772 2793 2770
f 2770 2793 2794
f 2770 2794 2768
f 2768 2794 2795
f 2768 2795 2766
f 2766 2795 2796
f 2766 2796 2764
f 2764 2796 2797
f 2764 2797 2786
f 2786 2797 2798
f 2786 2798 2784
f 2784 2798 2787
f 2799 2800 2791
f 2791 2800 2801
f 2791 2801 2792
f 2792 2801 2802
f 2792 2802 2793
f 2793 2802 2803
f 2793 2803 2794
f 2794 2803 2804
f 2794 2804 2795
f 2795 2804 2805
f 2795 2805 2796
f 2796 2805 2806
f 2796 2806 2797
f 2797 2806 2807
f 2797 2807 2798
f 2798 2807 2808
f 2798 2808 2787
f 2787 2808 2809
f 2787 2809 2788
f 2788 2809 2810
f 2788 2810 2789
f 2789 2810 2811
f 2789 2811 2790
f 2790 2811 2799
f 2790 2799 2791
f 2812 2813 2803
f 2803 2813 2814
f 2803 2814 2804
f 2804 2814 2815
f 2804 2815 2805
f 2805 2815 2816
f 2805 2816 2806
f 2806 2816 2817
f 2806 2817 2807
f 2807 2817 2818
f 2807 2818 2808
f 2808 2818 2819
f 2808 2819 2809
f 2809 2819 2820
f 2809 2820 2810
f 2810 2820 2821
f 2810 2821 2811
f 2811 2821 2822
f 2811 2822 2799
f 2822 2823 2799
f 2799 2823 2824
f 2799 2824 2800
f 2824 2825 2800
f 2800 2825 2826
f 2800 2826 2801
f 2803 2802 2812
f 2812 2802 2801
f 2812 2801 2827
f 2827 2801 2826
f 2814 2828 2829
f 2814 2813 2828
f 2828 2813 2812
f 2828 2812 2830
f 2812 2827 2830
f 2830 2827 2826
f 2830 2826 2831
f 2826 2825 2831
f 2831 2825 2824
f 2831 2824 2832
f 2832 2824 2823
f 2832 2823 2833
f 2833 2823 2822
f 2833 2822 2834
f 2834 2822 2821
f 2834 2821 2835
f 2835 2821 2820
f 2835 2820 2836
f 2836 2820 2819
f 2836 2819 2837
f 2837 2819 2818
f 2837 2818 2838
f 2838 2818 2817
f 2838 2817 2839
f 2839 2817 2816
f 2839 2816 2829
f 2829 2816 2815
f 2829 2815 2814
f 2837 2762 2836
f 2836 2762 2785
f 2836 2785 2835
f 2835 2785 2783
f 2835 2783 2834
f 2834 2783 2781
f 2834 2781 2833
f 2833 2781 2779
f 2833 2779 2832
f 2832 2779 2777
f 2832 2777 2831
f 2831 2777 2775
f 2831 2775 2830
f 2830 2775 2773
f 2830 2773 2828
f 2828 2773 2771
f 2828 2771 2829
f 2829 2771 2769
f 2829 2769 2839
f 2839 2769 2767
f 2839 2767 2838
f 2838 2767 2765
f 2838 2765 2837
f 2837 2765 2763
f 2837 2763 2762
f 2840 2841 2842
f 2843 2841 2840
f 2840 2844 2845
f 2846 2844 2840
f 2842 2846 2840
f 2840 2847 2848
f 2849 2847 2840
f 2845 2849 2840
f 2840 2850 2851
f 2852 2850 2840
f 2848 2852 2840
f 2851 2843 2840
f 2843 2853 2841
f 2841 2853 2854
f 2841 2854 2842
f 2842 2854 2855
f 2842 2855 2846
f 2846 2855 2856
f 2846 2856 2844
f 2844 2856 2857
f 2844 2857 2845
f 2845 2857 2858
f 2845 2858 2849
f 2849 2858 2859
f 2849 2859 2847
f 2847 2859 2860
f 2847 2860 2848
f 2848 2860 2861
f 2848 2861 2852
f 2852 2861 2862
f 2852 2862 2850
f 2850 2862 2863
f 2850 2863 2851
f 2851 2863 2864
f 2851 2864 2843
f 2843 2864 2853
f 2862 2865 2863
f 2863 2865 2866
f 2863 2866 2864
f 2864 2866 2867
f 2864 2867 2853
f 2853 2867 2868
f 2853 2868 2854
f 2854 2868 2869
f 2854 2869 2855
f 2855 2869 2870
f 2855 2870 2856
f 2856 2870 2871
f 2856 2871 2857
f 2857 2871 2872
f 2857 2872 2858
f 2858 2872 2873
f 2858 2873 2859
f 2859 2873 2874
f 2859 2874 2860
f 2860 2874 2875
f 2860 2875 2861
f 2861 2875 2876
f 2861 2876 2862
f 2862 2876 2865
f 2868 2877 2869
f 2869 2877 2878
f 2869 2878 2870
f 2870 2878 2879
f 2870 2879 2871
f 2871 2879 2880
f 2871 2880 2872
f 2872 2880 2881
f 2872 2881 2873
f 2873 2881 2882
f 2873 2882 2874
f 2874 2882 2883
f 2874 2883 2875
f 2875 2883 2884
f 2875 2884 2876
f 2876 2884 2885
f 2876 2885 2865
f 2865 2885 2886
f 2865 2886 2866
f 2866 2886 2887
f 2866 2887 2867
f 2867 2887 2888
f 2867 2888 2868
f 2868 2888 2877
f 2889 2890 2880
f 2880 2890 2891
f 2880 2891 2881
f 2881 2891 2892
f 2881 2892 2882
f 2882 2892 2893
f 2882 2893 2883
f 2883 2893 2894
f 2883 2894 2884
f 2884 2894 2895
f 2884 2895 2885
f 2885 2895 2896
f 2885 2896 2886
f 2886 2896 2897
f 2886 2897 2887
f 2887 2897 2898
f 2887 2898 2888
f 2888 2898 2899
f 2888 2899 2877
f 2877 2899 2900
f 2877 2900 2878
f 2878 2900 2901
f 2878 2901 2879
f 2879 2901 2889
f 2879 2889 2880
f 2891 2890 2902
f 2894 2893 2902
f 2902 2893 2892
f 2902 2892 2891
f 2897 2896 2902
f 2902 2896 2895
f 2902 2895 2894
f 2900 2899 2902
f 2902 2899 2898
f 2902 2898 2897
f 2890 2889 2902
f 2902 2889 2901
f 2902 2901 2900
f 2903 2904 2905
f 2906 2903 2907
f 2907 2903 2905
f 2907 2905 2908
f 2909 2910 2911
f 2911 2910 2912
f 2913 2914 2905
f 2904 2915 2905
f 2905 2915 2916
f 2916 2917 2905
f 2905 2917 2918
f 2905 2918 2919
f 2912 2913 2911
f 2911 2913 2905
f 2911 2905 2920
f 2920 2905 2919
f 2914 2908 2905
f 2921 2917 2916
f 2917 2921 2918
f 2918 2921 2922
f 2918 2922 2919
f 2923 2911 2922
f 2922 2911 2920
f 2922 2920 2919
f 2924 2923 2925
f 2925 2923 2922
f 2925 2922 2926
f 2926 2922 2927
f 2928 2921 2929
f 2929 2921 2916
f 2929 2916 2915
f 2928 2930 2921
f 2921 2930 2931
f 2921 2931 2922
f 2922 2931 2932
f 2922 2932 2927
f 2924 2909 2923
f 2923 2909 2911
f 2903 2906 2904
f 2904 2906 2933
f 2904 2933 2915
f 2915 2933 2934
f 2915 2934 2929
f 2929 2934 2928
f 2910 2909 2924
f 2908 2914 2913
f 2906 2907 2933
f 2933 2907 2908
f 2933 2908 2934
f 2934 2908 2913
f 2934 2913 2912
f 2910 2924 2912
f 2912 2924 2925
f 2912 2925 2926
f 2926 2927 2912
f 2912 2927 2932
f 2912 2932 2931
f 2931 2930 2912
f 2912 2930 2928
f 2912 2928 2934
f 2935 2936 2937
f 2937 2936 2938
f 2937 2938 2939
f 2939 2938 2940
f 2939 2940 2941
f 2941 2940 2942
f 2941 2942 2943
f 2943 2942 2944
f 2943 2944 2945
f 2945 2944 2946
f 2945 2946 2947
f 2947 2946 2948
f 2947 2948 2949
f 2949 2948 2950
f 2949 2950 2951
f 2951 2950 2952
f 2951 2952 2953
f 2953 2952 2954
f 2953 2954 2955
f 2955 2954 2956
f 2955 2956 2957
f 2957 2956 2958
f 2957 2958 2935
f 2935 2958 2936
f 2959 2960 2942
f 2942 2960 2961
f 2942 2961 2944
f 2944 2961 2962
f 2944 2962 2946
f 2946 2962 2963
f 2946 2963 2948
f 2948 2963 2964
f 2948 2964 2950
f 2950 2964 2965
f 2950 2965 2952
f 2952 2965 2966
f 2952 2966 2954
f 2954 2966 2967
f 2954 2967 2956
f 2956 2967 2968
f 2956 2968 2958
f 2958 2968 2969
f 2958 2969 2936
f 2936 2969 2970
f 2936 2970 2938
f 2938 2970 2971
f 2938 2971 2940
f 2940 2971 2959
f 2940 2959 2942
f 2972 2973 2974
f 2975 2973 2972
f 2972 2976 2977
f 2978 2976 2972
f 2974 2978 2972
f 2972 2979 2980
f 2981 2979 2972
f 2977 2981 2972
f 2972 2982 2983
f 2984 2982 2972
f 2980 2984 2972
f 2983 2975 2972
f 2975 2985 2973
f 2973 2985 2986
f 2973 2986 2974
f 2974 2986 2987
f 2974 2987 2978
f 2978 2987 2988
f 2978 2988 2976
f 2976 2988 2989
f 2976 2989 2977
f 2977 2989 2990
f 2977 2990 2981
f 2981 2990 2991
f 2981 2991 2979
f 2979 2991 2992
f 2979 2992 2980
f 2980 2992 2993
f 2980 2993 2984
f 2984 2993 2994
f 2984 2994 2982
f 2982 2994 2995
f 2982 2995 2983
f 2983 2995 2996
f 2983 2996 2975
f 2975 2996 2985
f 2994 2953 2995
f 2995 2953 2955
f 2995 2955 2996
f 2996 2955 2957
f 2996 2957 2985
f 2985 2957 2935
f 2985 2935 2986
f 2986 2935 2937
f 2986 2937 2987
f 2987 2937 2939
f 2987 2939 2988
f 2988 2939 2941
f 2988 2941 2989
f 2989 2941 2943
f 2989 2943 2990
f 2990 2943 2945
f 2990 2945 2991
f 2991 2945 2947
f 2991 2947 2992
f 2992 2947 2949
f 2992 2949 2993
f 2993 2949 2951
f 2993 2951 2994
f 2994 2951 2953
f 2961 2960 2997
f 2964 2963 2997
f 2997 2963 2962
f 2997 2962 2961
f 2967 2966 2997
f 2997 2966 2965
f 2997 2965 2964
f 2970 2969 2997
f 2997 2969 2968
f 2997 2968 2967
f 2960 2959 2997
f 2997 2959 2971
f 2997 2971 2970
f 2998 2999 3000
f 3001 3002 3000
f 3000 3002 3003
f 3000 3003 2998
f 3004 3005 3000
f 3000 3005 3006
f 3000 3006 3001
f 3007 3008 3000
f 3000 3008 3009
f 3000 3009 3004
f 2999 3010 3000
f 3000 3010 3011
f 3000 3011 3007
f 3010 2999 3012
f 3012 2999 2998
f 3012 2998 3013
f 3013 2998 3003
f 3013 3003 3014
f 3014 3003 3002
f 3014 3002 3015
f 3015 3002 3001
f 3015 3001 3016
f 3016 3001 3006
f 3016 3006 3017
f 3017 3006 3005
f 3017 3005 3018
f 3018 3005 3004
f 3018 3004 3019
f 3019 3004 3009
f 3019 3009 3020
f 3020 3009 3008
f 3020 3008 3021
f 3021 3008 3007
f 3021 3007 3022
f 3022 3007 3011
f 3022 3011 3023
f 3023 3011 3010
f 3023 3010 3012
f 3024 3020 3021
f 3019 3020 3024
f 3024 3023 3012
f 3022 3023 3024
f 3021 3022 3024
f 3024 3014 3015
f 3013 3014 3024
f 3012 3013 3024
f 3024 3017 3018
f 3016 3017 3024
f 3015 3016 3024
f 3018 3019 3024
f 3025 3026 3027
f 3028 3029 3027
f 3027 3029 3030
f 3027 3030 3025
f 3031 3032 3027
f 3027 3032 3033
f 3027 3033 3028
f 3034 3035 3027
f 3027 3035 3036
f 3027 3036 3031
f 3026 3037 3027
f 3027 3037 3038
f 3027 3038 3034
f 3039 3040 3041
f 3042 3040 3039
f 3039 3043 3044
f 3045 3043 3039
f 3041 3045 3039
f 3039 3046 3047
f 3048 3046 3039
f 3044 3048 3039
f 3039 3049 3050
f 3051 3049 3039
f 3047 3051 3039
f 3050 3042 3039
f 3037 3026 3044
f 3044 3026 3025
f 3044 3025 3048
f 3048 3025 3030
f 3048 3030 3046
f 3046 3030 3029
f 3046 3029 3047
f 3047 3029 3028
f 3047 3028 3051
f 3051 3028 3033
f 3051 3033 3049
f 3049 3033 3032
f 3049 3032 3050
f 3050 3032 3031
f 3050 3031 3042
f 3042 3031 3036
f 3042 3036 3040
f 3040 3036 3035
f 3040 3035 3041
f 3041 3035 3034
f 3041 3034 3045
f 3045 3034 3038
f 3045 3038 3043
f 3043 3038 3037
f 3043 3037 3044
f 3052 3053 3054
f 3055 3056 3054
f 3054 3056 3057
f 3054 3057 3052
f 3058 3059 3054
f 3054 3059 3060
f 3054 3060 3055
f 3061 3062 3054
f 3054 3062 3063
f 3054 3063 3058
f 3053 3064 3054
f 3054 3064 3065
f 3054 3065 3061
f 3064 3053 3066
f 3066 3053 3052
f 3066 3052 3067
f 3067 3052 3057
f 3067 3057 3068
f 3068 3057 3056
f 3068 3056 3069
f 3069 3056 3055
f 3069 3055 3070
f 3070 3055 3060
f 3070 3060 3071
f 3071 3060 3059
f 3071 3059 3072
f 3072 3059 3058
f 3072 3058 3073
f 3073 3058 3063
f 3073 3063 3074
f 3074 3063 3062
f 3074 3062 3075
f 3075 3062 3061
f 3075 3061 3076
f 3076 3061 3065
f 3076 3065 3077
f 3077 3065 3064
f 3077 3064 3066
f 3078 3074 3075
f 3073 3074 3078
f 3078 3077 3066
f 3076 3077 3078
f 3075 3076 3078
f 3078 3068 3069
f 3067 3068 3078
f 3066 3067 3078
f 3078 3071 3072
f 3070 3071 3078
f 3069 3070 3078
f 3072 3073 3078
f 3079 3080 3081
f 3082 3083 3081
f 3081 3083 3084
f 3081 3084 3079
f 3085 3086 3081
f 3081 3086 3087
f 3081 3087 3082
f 3088 3089 3081
f 3081 3089 3090
f 3081 3090 3085
f 3080 3091 3081
f 3081 3091 3092
f 3081 3092 3088
f 3093 3094 3095
f 3096 3094 3093
f 3093 3097 3098
f 3099 3097 3093
f 3095 3099 3093
f 3093 3100 3101
f 3102 3100 3093
f 3098 3102 3093
f 3093 3103 3104
f 3105 3103 3093
f 3101 3105 3093
f 3104 3096 3093
f 3091 3080 3098
f 3098 3080 3079
f 3098 3079 3102
f 3102 3079 3084
f 3102 3084 3100
f 3100 3084 3083
f 3100 3083 3101
f 3101 3083 3082
f 3101 3082 3105
f 3105 3082 3087
f 3105 3087 3103
f 3103 3087 3086
f 3103 3086 3104
f 3104 3086 3085
f 3104 3085 3096
f 3096 3085 3090
f 3096 3090 3094
f 3094 3090 3089
f 3094 3089 3095
f 3095 3089 3088
f 3095 3088 3099
f 3099 3088 3092
f 3099 3092 3097
f 3097 3092 3091
f 3097 3091 3098
f 3106 3107 3108
f 3108 3107 3109
f 3108 3109 3110
f 3111 3112 3113
f 3111 3113 3114
f 3115 3113 3116
f 3116 3113 3117
f 3115 3118 3113
f 3113 3118 3119
f 3113 3119 3114
f 3112 3120 3113
f 3121 3122 3113
f 3113 3122 3117
f 3112 3111 3123
f 3123 3111 3124
f 3124 3111 3114
f 3124 3114 3125
f 3114 3119 3125
f 3125 3119 3118
f 3125 3118 3126
f 3117 3127 3116
f 3116 3127 3126
f 3116 3126 3115
f 3115 3126 3118
f 3123 3128 3112
f 3112 3128 3129
f 3112 3129 3120
f 3130 3121 3131
f 3117 3122 3130
f 3130 3122 3121
f 3131 3132 3130
f 3130 3132 3133
f 3130 3133 3117
f 3117 3133 3127
f 3134 3125 3133
f 3133 3125 3126
f 3133 3126 3127
f 3135 3129 3128
f 3125 3134 3124
f 3124 3134 3135
f 3124 3135 3123
f 3123 3135 3128
f 3120 3129 3113
f 3113 3129 3135
f 3113 3135 3121
f 3121 3135 3136
f 3108 3110 3134
f 3134 3110 3136
f 3134 3136 3135
f 3106 3108 3132
f 3132 3108 3134
f 3132 3134 3133
f 3109 3121 3110
f 3110 3121 3136
f 3132 3131 3106
f 3106 3131 3107
f 3107 3131 3109
f 3109 3131 3121
f 3137 3138 3139
f 3139 3138 3140
f 3139 3140 3141
f 3142 3143 3144
f 3145 3146 3142
f 3142 3146 3143
f 3147 3144 3143
f 3147 3148 3144
f 3144 3148 3149
f 3144 3149 3142
f 3142 3149 3150
f 3142 3150 3145
f 3145 3150 3151
f 3152 3145 3153
f 3143 3146 3152
f 3152 3146 3145
f 3154 3153 3145
f 3155 3151 3156
f 3156 3151 3150
f 3157 3154 3155
f 3155 3154 3145
f 3155 3145 3151
f 3148 3147 3158
f 3158 3147 3143
f 3158 3143 3159
f 3156 3150 3158
f 3158 3150 3149
f 3158 3149 3148
f 3137 3139 3159
f 3159 3139 3156
f 3159 3156 3158
f 3139 3141 3156
f 3156 3141 3157
f 3156 3157 3155
f 3159 3143 3137
f 3137 3143 3138
f 3140 3154 3141
f 3141 3154 3157
f 3138 3143 3152
f 3138 3152 3140
f 3140 3152 3153
f 3140 3153 3154

